{
	"format_version": "1.8.0",
	"animations": {
		"animation.ampharos.ground_idle": {
			"loop": true,
			"animation_length": 2.25,
			"bones": {
				"root": {
					"rotation": {
						"0.0": [0, 0, 0],
						"0.125": [0, 0, -2.5],
						"0.25": [0, 0, -5],
						"0.5": [0, 0, -7.5],
						"0.625": [0, 0, -7.5],
						"0.875": [0, 0, -5],
						"1.0": [0, 0, -2.5],
						"1.125": [0, 0, 0],
						"1.25": [0, 0, 2.5],
						"1.375": [-0.17022, -0.46586, 4.951],
						"1.625": [-0.19038, -0.45799, 7.45107],
						"1.75": [-0.19, -0.46, 7.45],
						"2.0": [-0.16975, -0.46785, 4.94993],
						"2.125": [-0.14918, -0.47481, 2.44986],
						"2.25": [-0.12833, -0.48086, -0.05022]
					},
					"position": [0, -0.6, 0]
				},
				"leftLeg": {
					"rotation": {
						"1.125": [0, 0, 0],
						"1.625": [2.5, 0, 0],
						"1.75": [2.5, 0, 0],
						"2.25": [0, 0, 0]
					},
					"position": {
						"1.125": [0, 0, 0],
						"1.625": [0, 1, -1],
						"1.75": [0, 1, -1],
						"2.25": [0, 0, 0]
					}
				},
				"rightLeg": {
					"rotation": {
						"0.0": [0, 0, 0],
						"0.5": [0, 0, 0],
						"0.625": [0, 0, 0],
						"1.125": [0, 0, 0]
					},
					"position": {
						"0.0": [0, 0, 0],
						"0.5": [0, 1, -1],
						"0.625": [0, 1, -1],
						"1.125": [0, 0, 0]
					}
				},
				"body": {
					"rotation": {
						"0.0": [0, 0, 0],
						"0.25": [-2.5, 0, 0],
						"0.5": [-5, 0, 0],
						"0.625": [-5, 0, 0],
						"0.875": [-2.5, 0, 0],
						"1.125": [0, 0, 0],
						"1.375": [-2.5, 0, 0],
						"1.625": [-5, 0, 0],
						"1.75": [-5, 0, 0],
						"2.0": [-2.5, 0, 0],
						"2.25": [0, 0, 0]
					}
				},
				"tail": {
					"rotation": {
						"0.0": [0, 0, 0],
						"0.25": [0, 7.5, 0],
						"0.5": [0, 20, 0],
						"0.625": [0, 20, 0],
						"0.875": [0, 10, 0],
						"1.125": [0, 0, 0],
						"1.375": [0, -10, 0],
						"1.625": [0, -15, 0],
						"1.75": [0, -15, 0],
						"2.0": [0, -10, 0],
						"2.25": [0, 0, 0]
					}
				},
				"bone2": {
					"rotation": {
						"0.0": [0, -7.5, 0],
						"0.25": [0, 2.5, 0],
						"0.5": [0, 17.5, 0],
						"0.625": [0, 20, 0],
						"0.875": [0, 20, 0],
						"1.125": [0, 7.5, 0],
						"1.375": [0, -7.5, 0],
						"1.625": [0, -17.5, 0],
						"1.75": [0, -20, 0],
						"2.0": [0, -20, 0],
						"2.25": [0, -7.5, 0]
					}
				},
				"bone3": {
					"rotation": {
						"0.0": [0, -15, 0],
						"0.25": [0, -15, 0],
						"0.5": [0, 5, 0],
						"0.625": [0, 22.5, 0],
						"0.75": [0, 25, 0],
						"1.125": [0, 25, 0],
						"1.375": [0, 25, 0],
						"1.625": [0, 0, 0],
						"1.75": [0, -17.5, 0],
						"1.875": [0, -17.5, 0],
						"2.25": [0, -15, 0]
					}
				},
				"leftArm": {
					"rotation": {
						"0.0": [0, 0, 0],
						"0.5": [0, 0, -10],
						"0.75": [0, 0, -10],
						"1.125": [0, 0, 0],
						"1.625": [0, 0, -10],
						"1.875": [0, 0, -10],
						"2.25": [0, 0, 0]
					}
				},
				"rightArm": {
					"rotation": {
						"0.0": [0, 0, 0],
						"0.5": [0, 0, 10],
						"0.75": [0, 0, 10],
						"1.125": [0, 0, 0],
						"1.625": [0, 0, 10],
						"1.875": [0, 0, 10],
						"2.25": [0, 0, 0]
					}
				},
				"neck": {
					"rotation": {
						"0.0": [0, 0, -2.5],
						"0.25": [0, 0, -5],
						"0.5": [0, 0, -7.5],
						"0.625": [0, 0, -7.5],
						"0.875": [0, 0, -5],
						"1.125": [0, 0, 2.5],
						"1.375": [0, 0, 5],
						"1.625": [0, 0, 7.5],
						"1.75": [0, 0, 7.5],
						"2.0": [0, 0, 5],
						"2.25": [0, 0, -2.5]
					}
				},
				"head": {
					"rotation": {
						"0.0": [-5, 0, -2.5],
						"0.25": [-5.00473, 0.21782, -4.9905],
						"0.625": [-5.01893, 0.43523, -7.48107],
						"0.75": [-5.02, 0.44, -7.48],
						"1.0": [-5.0056, 0.22263, -4.98942],
						"1.125": [-5.00517, -0.21295, -0.00842],
						"1.375": [-5.04258, -0.64693, 4.97286],
						"1.75": [-5.07539, -0.86229, 7.46379],
						"1.875": [-5.08, -0.86, 7.46],
						"2.0833": [-5.02395, -0.42847, 2.47833],
						"2.25": [-5, 0, -2.5]
					}
				},
				"bone5": {
					"rotation": {
						"0.0": [0, 0, 0],
						"0.125": [5, 0, 0],
						"0.25": [10, 0, 0],
						"0.5": [12.5, 0, 0],
						"0.625": [12.5, 0, 0],
						"0.75": [12.5, 0, 0],
						"0.875": [10, 0, 0],
						"1.0": [5, 0, 0],
						"1.125": [0, 0, 0],
						"1.625": [-2.49762, -0.10901, -2.49762],
						"1.75": [-2.5, -0.11, -2.5],
						"2.25": [0, 0, 0]
					}
				},
				"bone7": {
					"rotation": {
						"0.0": [0, 0, 0],
						"0.5": [0, 0, 7.5],
						"0.625": [0, 0, 7.5],
						"1.125": [0, 0, 0],
						"1.25": [2.5, 0, 0],
						"1.375": [7.5, 0, 0],
						"1.625": [12.5, 0, 0],
						"1.75": [12.5, 0, 0],
						"1.875": [10, 0, 0],
						"2.0": [7.5, 0, 0],
						"2.125": [5, 0, 0],
						"2.25": [0, 0, 0]
					},
					"position": [0, 0, 0]
				},
				"bone10": {
					"position": [1, 0, 0]
				},
				"bone11": {
					"position": [-1, 0, 0]
				}
			}
		},
		"animation.ampharos.walking": {
			"loop": true,
			"animation_length": 2.25,
			"bones": {
				"root": {
					"rotation": {
						"0.0": [0, 0, 0],
						"0.125": [0, 0, 2.5],
						"0.25": [0, 0, 5],
						"0.5": [0, 0, 7.5],
						"0.625": [0, 0, 7.5],
						"0.875": [0, 0, 5],
						"1.0": [0, 0, 2.5],
						"1.125": [0, 0, 0],
						"1.25": [0, 0, -2.5],
						"1.375": [0, 0, -5],
						"1.625": [0, 0, -7.5],
						"1.75": [0, 0, -7.5],
						"2.0": [0, 0, -5],
						"2.125": [0, 0, -2.5],
						"2.25": [0, 0, 0]
					}
				},
				"leftLeg": {
					"rotation": {
						"0.0": [-10, 0, 0],
						"0.25": [0, 0, 0],
						"0.5": [12.5, 0, 0],
						"0.75": [12.5, 0, 0],
						"1.0": [12.5, 0, 0],
						"1.25": [7.5, 0, 0],
						"1.5": [-10, 0, 0],
						"1.875": [-37.5, 0, 0],
						"2.25": [-10, 0, 0]
					},
					"position": {
						"0.0": [0, 0, -2],
						"0.375": [0, 0, 0],
						"0.75": [0, 0, 1],
						"1.0": [0, 0, 1],
						"1.25": [0, 0, 1],
						"1.75": [0, 0, -1],
						"2.25": [0, 0, -2]
					}
				},
				"bone5": {
					"rotation": {
						"0.0": [-5, 0, 0],
						"0.25": [-0.22477, 0.84509, -3.5201],
						"0.5": [-12.74901, 0.29382, -5.95869],
						"0.75": [-12.75, 0.29, -5.96],
						"1.0": [-2.73475, 0.40963, -3.46282],
						"1.25": [7.27613, 0.09319, -0.9829],
						"1.5": [12.23877, -0.96898, 3.90319],
						"1.75": [-5.26123, -0.96898, 3.90319],
						"2.25": [-5, 0, 0]
					}
				},
				"rightLeg": {
					"rotation": {
						"0.0": [15, 0, 0],
						"0.25": [-2.5, 0, 0],
						"0.5": [-30, 0, 0],
						"0.625": [-32.5, 0, 0],
						"0.75": [-35, 0, 0],
						"0.875": [-35, 0, 0],
						"1.125": [-17.5, 0, 0],
						"1.375": [0, 0, 0],
						"1.75": [0, 0, 0],
						"2.0": [7.5, 0, 0],
						"2.25": [15, 0, 0]
					},
					"position": {
						"0.0": [0, 0, 0],
						"0.25": [0, 0, -1],
						"0.5": [0, 0, -2],
						"0.625": [0, 0, -2],
						"0.75": [0, 0, -2],
						"0.875": [0, 0, -2],
						"1.125": [0, -1, -2],
						"1.375": [0, 0, -1],
						"1.625": [0, 0, 0],
						"1.75": [0, 0, 1],
						"2.0": [0, 0, 1],
						"2.25": [0, 0, 0]
					}
				},
				"bone7": {
					"rotation": {
						"0.0": [-2.5, 0, 0],
						"0.25": [10, 0, 0],
						"0.5": [-2.5, 0, 0],
						"0.625": [-7.5, 0, 0],
						"1.0": [-7.5, 0, 0],
						"1.25": [0, 0, 0],
						"1.5": [0, 0, 5],
						"1.75": [0, 0, 5],
						"2.0": [-7.5, 0, 5],
						"2.25": [-2.5, 0, 0]
					}
				},
				"tail": {
					"rotation": {
						"0.0": [0, -2.5, 0],
						"0.25": [0, 5, 0],
						"0.5": [0, 17.5, 0],
						"0.75": [0, 17.5, 0],
						"1.0": [0, 5, 0],
						"1.25": [0, -7.5, 0],
						"1.5": [0, -17.5, 0],
						"1.75": [0, -17.5, 0],
						"2.25": [0, -2.5, 0]
					}
				},
				"bone2": {
					"rotation": {
						"0.0": [0, -7.5, 0],
						"0.25": [0, 7.5, 0],
						"0.5": [0, 15, 0],
						"0.75": [0, 15, 0],
						"1.0": [0, 10, 0],
						"1.25": [0, -2.5, 0],
						"1.5": [0, -15, 0],
						"1.75": [0, -17.5, 0],
						"2.0": [0, -17.5, 0],
						"2.25": [0, -7.5, 0]
					}
				},
				"bone3": {
					"rotation": {
						"0.0": [0, -12.5, 0],
						"0.25": [0, -12.5, 0],