{
	"format_version": "1.8.0",
	"animations": {
		"animation.model.idle": {
			"loop": true,
			"animation_length": 4,
			"bones": {
				"body": {
					"rotation": ["Math.sin(query.anim_time * 180) * 5 ", 0, 0]
				},
				"eyes": {
					"rotation": ["Math.sin(query.anim_time * 180 - 90) * 10", 0, 0]
				},
				"tail": {
					"rotation": ["Math.sin(query.anim_time * 180 - 180) * 10 ", 0, 0]
				},
				"pupils": {
					"scale": {
						"2.0": [1, 1, 1],
						"2.375": [1, 0.2, 1],
						"2.625": [1, 1.4, 1],
						"2.75": [1, 1, 1]
					}
				},
				"bone": {
					"rotation": [0, "Math.sin(query.anim_time * 360 - 180) * 10", 0]
				}
			}
		},
		"animation.model.walking": {
			"loop": true,
			"animation_length": 2.125,
			"bones": {
				"body": {
					"rotation": {
						"0.0": [0, 0, 0],
						"0.125": [2.5, 0, 0],
						"0.25": [5, 0, 0],
						"0.375": [5, 0, 0],
						"0.625": [0, 0, 0],
						"0.875": [-2.5, 0, 0],
						"1.0": [-5, 0, 0],
						"1.25": [-5, 0, 0],
						"1.375": [-2.5, 0, 0],
						"1.5": [2.5, 0, 0],
						"1.625": [5, 0, 0],
						"1.75": [2.5, 0, 0],
						"1.875": [0, 0, 0]
					},
					"position": {
						"0.375": [0, 0, 0],
						"0.5": [0, 0.63, 0],
						"0.75": [0, 1, 0],
						"1.0": [0, 0.7, 0],
						"1.25": [0, 0, 0],
						"1.375": [0, 0, 0],
						"1.5": [0, 0.1, 0],
						"1.625": [0, 0.2, 0],
						"1.75": [0, 0.2, 0],
						"1.875": [0, 0.1, 0],
						"2.0": [0, 0, 0]
					}
				},
				"tail": {
					"rotation": {
						"0.0": [-5, 0, 0],
						"0.125": [2.45151, -0.47883, 0.09442],
						"0.25": [7.45151, -0.47883, 0.09442],
						"0.375": [9.95151, -0.47883, 0.09442],
						"0.5": [9.95, -0.48, 0.09],
						"0.625": [2.45, -0.48, 0.09],
						"0.75": [-5.05, -0.48, 0.09],
						"0.875": [-7.55, -0.48, 0.09],
						"1.0": [-7.55, -0.48, 0.09],
						"1.125": [-7.55, -0.48, 0.09],
						"1.25": [-2.55, -0.48, 0.09],
						"1.375": [-0.05, -0.48, 0.09],
						"1.5": [2.45, -0.48, 0.09],
						"1.625": [4.95, -0.48, 0.09],
						"1.75": [4.95, -0.48, 0.09],
						"1.875": [2.48115, -0.82161, -0.0791],
						"2.0": [-2.51885, -0.82161, -0.0791],
						"2.125": [-5, 0, 0]
					}
				},
				"bone": {
					"rotation": {
						"0.0": [2.5, 0, 0],
						"0.125": [5, 0, 0],
						"0.25": [10, 0, 0],
						"0.375": [12.44237, 0.52191, -0.10112],
						"0.5": [12.44, 0.52, -0.1],
						"0.625": [12.44, 0.52, -0.1],
						"0.75": [9.94, 0.52, -0.1],
						"0.875": [4.94, 0.52, -0.1],
						"1.0": [2.44, 0.52, -0.1],
						"1.125": [9.94, 0.52, -0.1],
						"1.25": [9.94, 0.52, -0.1],
						"1.375": [12.44, 0.52, -0.1],
						"1.5": [12.44, 0.52, -0.1],
						"1.625": [12.44, 0.52, -0.1],
						"1.75": [12.44, 0.52, -0.1],
						"1.875": [9.94, 0.52, -0.1],
						"2.0": [7.44, 0.52, -0.1],
						"2.125": [2.5, 0, 0]
					}
				},
				"eyes": {
					"rotation": {
						"0.0": [0, 0, 0],
						"0.125": [0, 0, 0],
						"0.25": [2.5, 0, 0],
						"0.375": [5, 0, 0],
						"0.5": [7.5, 0, 0],
						"0.625": [7.5, 0, 0],
						"0.75": [0, 0, 0],
						"0.875": [-5, 0, 0],
						"1.0": [-10, 0, 0],
						"1.125": [-12.5, 0, 0],
						"1.25": [-10, 0, 0],
						"1.375": [-5, 0, 0],
						"1.5": [-2.5, 0, 0],
						"1.625": [2.5, 0, 0],
						"1.75": [7.5, 0, 0],
						"1.875": [10, 0, 0],
						"2.0": [7.5, 0, 0],
						"2.125": [0, 0, 0]
					}
				}
			}
		},
		"animation.model.swimming": {
			"loop": true,
			"animation_length": 2,
			"bones": {
				"body": {
					"rotation": {
						"0.0": [-10, 0, 0],
						"0.1667": [-7.5, 0, -5],
						"0.3333": [-4.99527, -0.21782, -7.4905],
						"0.5": [0, 0, -10],
						"0.6667": [6.2441, 0.27208, -6.23516],
						"0.8333": [7.5, 0, -5],
						"1.0": [10, 0, 0],
						"1.1667": [6.25, 0, 6.25],
						"1.3333": [4.99527, -0.21782, 7.4905],
						"1.5": [0, 0, 10],
						"1.6667": [-4.99527, 0.21782, 7.4905],
						"1.8333": [-7.5, 0, 5],
						"2.0": [-10, 0, 0]
					},
					"position": {
						"0.0": [0, 0.2, 0],
						"0.125": [0, 0.2, 0],
						"0.5": [0, 0, 0],
						"0.625": [0, 0, 0],
						"1.0": [0, 0.2, 0],
						"1.125": [0, 0.2, 0],
						"1.5": [0, 0, 0],
						"1.625": [0, 0, 0],
						"2.0": [0, 0.2, 0]
					}
				},
				"tail": {
					"rotation": [0, 0, 0],
					"position": [0, 0, -2]
				},
				"bone": {
					"rotation": [-7.5, 0, 0]
				},
				"eyes": {
					"position": [0, -3, 0],
					"scale": [0.8, 0.8, 1]
				}
			}
		},
		"animation.model.sleeping": {
			"loop": true,
			"animation_length": 2,
			"bones": {
				"tail": {
					"rotation": {
						"0.0": [-2.5, -20, 0],
						"0.75": [-2.5, -20, 0],
						"0.875": [0, -20, 0],
						"1.0": [2.5, -20, 0],
						"1.125": [5, -20, 0],
						"1.25": [7.5, -20, 0],
						"1.375": [7.5, -20, 0],
						"1.5": [2.5, -20, 0],
						"1.625": [0, -20, 0],
						"1.75": [-2.5, -20, 0]
					}
				},
				"bone": {
					"rotation": {
						"0.0": [0, -40, 0],
						"0.75": [0, -40, 0],
						"0.875": [-5, -40, 0],
						"1.0": [-7.5, -40, 0],
						"1.125": [-10, -40, 0],
						"1.25": [-5, -40, 0],
						"1.375": [0, -40, 0],
						"1.5": [7.5, -40, 0],
						"1.625": [10, -40, 0],
						"1.75": [10, -40, 0],
						"1.875": [2.5, -40, 0],
						"2.0": [0, -40, 0]
					}
				},
				"eyes": {
					"rotation": {
						"0.0": [32.5, 0, 0],
						"0.25": [32.5, 0, 0],
						"0.375": [30, 0, 0],
						"0.5": [30, 0, 0],
						"0.75": [32.5, 0, 0]
					},
					"position": [0, -0.5, 0]
				},
				"pupils": {
					"scale": [1, 0.1, 1]
				}
			}
		}
	}
}