{
	"format_version": "1.8.0",
	"animations": {
		"animation.applin.ground_idle": {
			"loop": true,
			"animation_length": 4,
			"bones": {
				"body": {
					"rotation": ["Math.sin(query.anim_time * 180) * 5 ", 0, 0]
				},
				"eyes": {
					"rotation": ["Math.sin(query.anim_time * 180 - 90) * 10", 0, 0]
				},
				"tail": {
					"rotation": ["Math.sin(query.anim_time * 180 - 180) * 10 ", 0, 0]
				},
				"pupils": {
					"scale": {
						"2.0": [1, 1, 1],
						"2.0833": [1, 0.2, 1],
						"2.1667": [1, 1.4, 1],
						"2.25": [1, 1, 1]
					}
				},
				"bone": {
					"rotation": [0, "Math.sin(query.anim_time * 360 - 180) * 10", 0]
				}
			}
		},
		"animation.applin.walking": {
			"loop": true,
			"animation_length": 2.125,
			"bones": {
				"body": {
					"rotation": {
						"0.0": [0, 0, 0],
						"0.125": [2.5, 0, 0],
						"0.25": [5, 0, 0],
						"0.375": [5, 0, 0],
						"0.625": [0, 0, 0],
						"0.875": [-3.5, 0, 0],
						"1.0": [-5, 0, 0],
						"1.125": [-6, 0, 0],
						"1.25": [-5, 0, 0],
						"1.375": [-2.5, 0, 0],
						"1.5": [2.5, 0, 0],
						"1.625": [5, 0, 0],
						"1.75": [3.5, 0, 0],
						"1.875": [0, 0, 0]
					},
					"position": {
						"0.375": [0, 0, 0],
						"0.5": [0, 0.63, 0],
						"0.75": [0, 1, 0],
						"1.0": [0, 0.7, 0],
						"1.25": [0, 0, 0],
						"1.375": [0, -0.1, 0],
						"1.5": [0, 0.1, 0],
						"1.625": [0, 0.2, 0],
						"1.75": [0, 0.2, 0],
						"1.875": [0, 0.1, 0],
						"2.0": [0, 0, 0]
					}
				},
				"tail": {
					"rotation": {
						"0.0": [-5, 0, 0],
						"0.125": [2.45151, -0.47883, 0.09442],
						"0.25": [7.45151, -0.47883, 0.09442],
						"0.375": [9.95151, -0.47883, 0.09442],
						"0.5": [9.95, -0.48, 0.09],
						"0.625": [2.45, -0.48, 0.09],
						"0.75": [-5.05, -0.48, 0.09],
						"0.875": [-7.55, -0.48, 0.09],
						"1.0": [-7.55, -0.48, 0.09],
						"1.125": [-7.55, -0.48, 0.09],
						"1.25": [-2.55, -0.48, 0.09],
						"1.375": [-0.05, -0.48, 0.09],
						"1.5": [2.45, -0.48, 0.09],
						"1.625": [4.95, -0.48, 0.09],
						"1.75": [4.95, -0.48, 0.09],
						"1.875": [2.48115, -0.82161, -0.0791],
						"2.0": [-2.51885, -0.82161, -0.0791],
						"2.125": [-5, 0, 0]
					}
				},
				"bone": {
					"rotation": {
						"0.0": [2.5, 0, 0],
						"0.125": [5, 0, 0],
						"0.25": [10, 0, 0],
						"0.375": [12.44237, 0.52191, -0.10112],
						"0.5": [12.44, 0.52, -0.1],
						"0.625": [12.44, 0.52, -0.1],
						"0.75": [9.94, 0.52, -0.1],
						"0.875": [4.94, 0.52, -0.1],
						"1.0": [2.44, 0.52, -0.1],
						"1.125": [9.94, 0.52, -0.1],
						"1.25": [9.94, 0.52, -0.1],
						"1.375": [12.44, 0.52, -0.1],
						"1.5": [12.44, 0.52, -0.1],
						"1.625": [12.44, 0.52, -0.1],
						"1.75": [12.44, 0.52, -0.1],
						"1.875": [9.94, 0.52, -0.1],
						"2.0": [7.44, 0.52, -0.1],
						"2.125": [2.5, 0, 0]
					}
				},
				"eyes": {
					"rotation": {
						"0.0": [0, 0, 0],
						"0.125": [0, 0, 0],
						"0.25": [2.5, 0, 0],
						"0.375": [5, 0, 0],
						"0.5": [7.5, 0, 0],
						"0.625": [7.5, 0, 0],
						"0.75": [0, 0, 0],
						"0.875": [-5, 0, 0],
						"1.0": [-10, 0, 0],
						"1.125": [-12.5, 0, 0],
						"1.25": [-10, 0, 0],
						"1.375": [-5, 0, 0],
						"1.5": [-2.5, 0, 0],
						"1.625": [2.5, 0, 0],
						"1.75": [7.5, 0, 0],
						"1.875": [10, 0, 0],
						"2.0": [7.5, 0, 0],
						"2.125": [0, 0, 0]
					}
				}
			}
		},
		"animation.applin.swimming": {
			"loop": true,
			"animation_length": 2,
			"bones": {
				"body": {
					"rotation": ["0+Math.cos((query.anim_time) *90*4-90)*-2", "0+Math.cos((query.anim_time) *90*2-30)*-1", "0+Math.cos((query.anim_time) *90*4-150)*-2"],
					"position": [0, "-0.8+Math.cos((query.anim_time) *90*4-30)*-0.1", 0]
				},
				"tail": {
					"rotation": [0, 0, 0],
					"position": [0, 0, -2]
				},
				"bone": {
					"rotation": [-7.5, "0+Math.cos((query.anim_time) *90*2-30)*-3", 0]
				},
				"eyes": {
					"position": [0, -3, 0],
					"scale": [0.8, 0.8, 1]
				}
			}
		},
		"animation.applin.sleeping": {
			"loop": true,
			"animation_length": 2,
			"bones": {
				"tail": {
					"rotation": {
						"0.0": [-2.5, -20, 0],
						"0.75": [-2.5, -20, 0],
						"0.875": [0, -20, 0],
						"1.0": [2.5, -20, 0],
						"1.125": [5, -20, 0],
						"1.25": [7.5, -20, 0],
						"1.375": [7.5, -20, 0],
						"1.5": [2.5, -20, 0],
						"1.625": [0, -20, 0],
						"1.75": [-2.5, -20, 0]
					}
				},
				"bone": {
					"rotation": {
						"0.0": [0, -40, 0],
						"0.75": [0, -40, 0],
						"0.875": [-5, -40, 0],
						"1.0": [-7.5, -40, 0],
						"1.125": [-10, -40, 0],
						"1.25": [-5, -40, 0],
						"1.375": [0, -40, 0],
						"1.5": [7.5, -40, 0],
						"1.625": [10, -40, 0],
						"1.75": [10, -40, 0],
						"1.875": [2.5, -40, 0],
						"2.0": [0, -40, 0]
					}
				},
				"eyes": {
					"rotation": {
						"0.0": [32.5, 0, 0],
						"0.25": [32.5, 0, 0],
						"0.375": [30, 0, 0],
						"0.5": [30, 0, 0],
						"0.75": [32.5, 0, 0]
					},
					"position": [0, -0.5, 0]
				},
				"pupils": {
					"scale": [1, 0.1, 1]
				}
			}
		},
		"animation.applin.blink": {
			"animation_length": 0.25,
			"bones": {
				"pupils": {
					"rotation": [0, 0, 0],
					"scale": {
						"0.0": [1, 1, 1],
						"0.0833": {"pre": [1, 1, 1], "post": [1, 0.1, 1]},
						"0.125": {"pre": [1, 0.1, 1], "post": [1, 0.1, 1]},
						"0.2083": {"pre": [1, 0.1, 1], "post": [1, 1, 1]}
					}
				}
			}
		},
		"animation.applin.water_idle": {
			"loop": true,
			"animation_length": 2,
			"bones": {
				"body": {
					"rotation": ["0+Math.cos((query.anim_time) *90*2-90)*-3", 0, "0+Math.cos((query.anim_time) *90*2-150)*-3"],
					"position": [0, "-1+Math.cos((query.anim_time) *90*2-30)*0.2", 0]
				},
				"tail": {
					"rotation": [-29.94226, 1.16971, 0.47435],
					"position": [0, 1, -1]
				},
				"bone": {
					"rotation": [0, "0+Math.cos((query.anim_time) *90*4-150)*-5", 0]
				},
				"eyes": {
					"rotation": ["0+Math.cos((query.anim_time) *90*2-90)*-5", 0, 0],
					"position": [0, -0.9, 0]
				},
				"pupils": {
					"scale": [1, 0.4, 1]
				}
			}
		},
		"animation.applin.attack": {
			"animation_length": 2,
			"bones": {
				"body": {
					"rotation": {
						"0.0": [0, 0, 0],
						"0.125": [-18, 0, 0],
						"0.25": [-32, 0, 0],
						"0.375": [-38.5, 0, 0],
						"0.5": [-27.5, 0, 0],
						"0.625": [17.5, 0, 0],
						"0.75": [72.5, 0, 0],
						"0.875": [82.4205, 1.25058, 0.29717],
						"1.0": [102.30041, 2.22346, -1.15846],
						"1.125": [149.80041, 2.22346, -1.15846],
						"1.25": [207.80041, 2.22346, -1.15846],
						"1.5": [302.30041, 2.22346, -1.15846],
						"1.5417": {"pre": [302.30041, 2.22346, -1.15846], "post": [-50.02687, 1.91486, -1.60757]},
						"1.625": [-8.27, 1.2, -1],
						"1.75": [4, 0, 0],
						"1.875": [6.5, 0, 0],
						"2.0": [0, 0, 0]
					},
					"position": {
						"0.0": [0, 0, 0],
						"0.125": [0, 1, 0],
						"0.25": [0, 2, 0],
						"0.375": [0, 1.5, 0],
						"0.5": [0, 0, 0],
						"0.625": [0, 0.5, 0],
						"0.75": [0, 0.8, -4],
						"0.875": [0, 1, -5],
						"1.0": [0, 2, -5.5],
						"1.125": [0, 5, -6],
						"1.25": [0, 5.79, -4.93],
						"1.375": [0, 5.8, -3.5],
						"1.5": [0, 4.13, -1.62],
						"1.625": [0, 1.51, -0.69],
						"1.75": [0, 0, 0],
						"1.875": [0, -0.2, 0.1],
						"2.0": [0, 0, 0]
					}
				},
				"tail": {
					"rotation": {
						"0.0": [0, 0, 0],
						"0.375": [0, 0, 0],
						"1.5": [0, 0, 0],
						"1.75": [0, 0, 0],
						"1.875": [2.5, 0, 0],
						"2.0": [0, 0, 0]
					},
					"position": {
						"0.0": [0, 0, 0],
						"0.5": [0, 0, -1],
						"0.625": [0, 0, -2],
						"0.75": [0, 0, -3],
						"1.5": [0, 0, -3],
						"1.75": [0, 0, 0]
					}
				},
				"bone": {
					"rotation": {
						"0.0": [0, 0, 0],
						"0.125": [17.5, 0, 0],
						"0.25": [22.5, 0, 0],
						"0.375": [42.5, 0, 0],
						"0.5": [42.5, 0, 0],
						"0.625": [-15, 0, 0],
						"0.75": [-2.5, 0, 0],
						"1.5": [-2.5, 0, 0],
						"1.75": [0, 0, 0],
						"1.875": [12.5, 0, 0],