{"format_version":"1.8.0","animations":{"animation.carvanha.water_idle":{"loop":true,"animation_length":2,"bones":{"carvanha":{"rotation":{"0.0":[6,0,0],"0.75":[-7,0,0],"1.2917":[2,0,0],"2.0":[6,0,0]},"position":{"0.0":[0,0,0],"0.7917":[0,1.6,-0.4],"2.0":[0,0,0]}},"lower_fin":{"rotation":{"0.0":[0,0,0],"0.6667":[0,0,0],"1.0833":[0,0,-5],"1.625":[0,0,0]}},"left_fin":{"rotation":{"0.0":[0,0,-22.5],"0.4583":[0,0,20],"1.0":[0,0,-22.5],"1.2917":[0,0,-30],"2.0":[0,0,-22.5]}},"right_fin":{"rotation":{"0.0":[0,0,22.5],"0.4583":[0,0,-20],"1.0":[0,0,22.5],"1.2917":[0,0,30],"2.0":[0,0,22.5]}},"tail":{"rotation":{"0.0":[0,15,0],"0.4583":[0,-25,0],"0.875":[0,10,0],"1.5417":[0,-25,0],"2.0":[0,15,0]}},"mouth":{"rotation":{"0.0":[0,0,0],"0.625":[0,0,0],"0.9167":[4,0,0],"1.2083":[0,0,0]}}}},"animation.carvanha.sleeping":{"loop":true,"animation_length":2,"bones":{"carvanha":{"rotation":{"0.0":[5,0,0],"2.0":[5,0,0]},"position":{"0.0":[0,0,0],"1.0":[0,0.5,0],"2.0":[0,0,0]}},"eyes":{"position":[0,5,-0.9],"scale":[1,0.09,0.68]},"tail":{"rotation":{"0.0":[0,-10,0],"1.0":[0,12.5,0],"2.0":[0,-10,0]}},"mouth":{"rotation":{"0.0":[0,0,0],"0.4583":[0,0,0],"1.0":[3,0,0],"1.5417":[0,0,0],"2.0":[0,0,0]}},"left_fin":{"rotation":{"0.0":[0,0,42.5],"1.0":[0,0,37.5],"2.0":[0,0,42.5]}},"right_fin":{"rotation":{"0.0":[0,0,-42.5],"1.0":[0,0,-37.5],"2.0":[0,0,-42.5]}}}},"animation.carvanha.faint":{"animation_length":1.5,"bones":{"carvanha":{"rotation":{"0.0":[5,0,0],"0.25":[-13.74538,24.3683,-5.7632],"0.5":[7.5,0,0],"0.7917":[7.5,0,0],"1.1667":[-22.5,0,92.5]},"position":{"0.0":[0,0,0],"0.25":[0,4,2],"0.5":[0,0,5]}},"eyes":{"position":{"0.0":[0,0,0],"0.125":[0,4.7,0],"0.3333":[0,0,0],"1.0":[0,4.7,0]},"scale":{"0.0":[1,1,1],"0.125":[1,0.1,1],"0.3333":[1,1,1],"1.0":[1,0.1,1]}},"left_fin":{"rotation":{"0.0":[0,0,35],"0.25":[0,0,-17.5],"0.4167":[0,0,-17.5],"0.5833":[0,0,35],"0.9167":[0,0,67.5],"1.1667":[0,0,67.5]}},"right_fin":{"rotation":{"0.0":[0,0,-35],"0.25":[0,0,17.5],"0.4167":[0,0,17.5],"0.5833":[0,0,-35],"1.1667":[0,0,-67.5]}},"tail":{"rotation":{"0.0":[0,0,0],"0.25":[0,-20,0],"0.4583":[0,0,0],"1.0":[0,-25,0],"1.1667":[0,27.5,0]}},"mouth":{"rotation":{"0.0":[0,0,0],"0.25":[17.5,0,0],"0.5":[0,0,0],"0.8333":[0,0,0],"1.0833":[17.5,0,0]}}}},"animation.carvanha.attack":{"animation_length":1.625,"bones":{"carvanha":{"rotation":{"0.0":[5,0,0],"0.25":[20,0,0],"0.4583":[-18.88172,6.71771,-161.11828],"0.75":[3.61644,-19.6835,-280.62758],"0.875":[7.5,0,-360],"1.125":[20,0,-360],"1.5":[12.5,0,-360]},"position":{"0.0":[0,0,0],"0.25":[0,4,3],"0.4583":[0,4,-3],"0.875":[0,1.57,-3.05],"1.125":[0,0.57,-4.05],"1.5":[0,0,0]}},"eyes":{"rotation":{"0.0":[0,0,0],"0.25":[15,0,0],"0.9167":[15,0,0],"1.125":[0,0,0]},"position":{"0.0":[0,0,0],"0.25":[0,2.5,0.4],"0.9167":[0,2.5,0.4],"1.125":[0,0,0]},"scale":{"0.0":[1,1,1],"0.25":[1,0.59,1],"0.9167":[1,0.59,1],"1.125":[1,1,1]}},"left_fin":{"rotation":{"0.0":[0,0,-30],"0.125":[0,0,15],"0.25":[0,0,-30],"0.875":[0,0,32.5],"1.3333":[0,0,-25],"1.5":[0,0,-35]}},"right_fin":{"rotation":{"0.0":[0,0,30],"0.125":[0,0,-15],"0.25":[0,0,30],"0.875":[0,0,-32.5],"1.3333":[0,0,25],"1.5":[0,0,27.5]}},"tail":{"rotation":{"0.0":[0,-17.5,0],"0.25":[0,20,0],"1.0417":[0,15,0],"1.2917":[0,-22.5,0],"1.5417":[0,2.5,0]}},"mouth":{"rotation":{"0.0":[0,0,0],"0.3333":[27.5,0,0],"0.9167":[27.5,0,0],"0.9583":[0,0,0],"1.0":[3,0,0],"1.0417":[-2,0,0]}}}},"animation.carvanha.swimming":{"loop":true,"animation_length":0.83333,"bones":{"carvanha":{"rotation":{"0.0":[15.44582,-11.73507,-4.3361],"0.4167":[10.69575,7.7113,1.98125],"0.8333":[15.44582,-11.73507,-4.3361]}},"left_fin":{"rotation":{"0.0":[0,0,45],"0.4167":[0,0,-20],"0.8333":[0,0,45]}},"right_fin":{"rotation":{"0.0":[0,0,-45],"0.4167":[0,0,20],"0.8333":[0,0,-45]}},"tail":{"rotation":{"0.0":[0,32.5,0],"0.375":[0,-32.5,0],"0.8333":[0,32.5,0]}}}},"animation.carvanha.walking":{"loop":true,"animation_length":0.5,"bones":{"Tophair":{"rotation":{"0.0":[0,0,32.5],"0.1667":[0,0,30],"0.3333":[0,0,-47.5],"0.5":[0,0,32.5]}},"Bottomhair":{"rotation":{"0.0":[0,0,-60],"0.1667":[0,0,-45],"0.3333":[0,0,60],"0.5":[0,0,-60]}},"tail":{"rotation":{"0.0":[0,35,0],"0.1667":[0,38.75,0],"0.3333":[0,-32.5,0],"0.5":[0,35,0]}},"Moustache2":{"rotation":{"0.0":[0,0,10],"0.1667":[14.83372,1.06354,-33.1564],"0.3333":[0,0,40],"0.5":[0,0,10]}},"Moustache1":{"rotation":{"0.0":[0,0,-32.5],"0.1667":[9.89727,2.29414,-32.29145],"0.3333":[0,0,45],"0.5":[0,0,-32.5]}},"Fins1":{"rotation":{"0.0":[0,-12.5,22.5],"0.1667":[11.02717,-15.90785,-3.52519],"0.3333":[5.31862,-15.49236,37.67187],"0.5":[0,-12.5,22.5]}},"Fins2":{"rotation":{"0.0":[0,15,-42.5],"0.1667":[7.11919,19.01352,-39.47531],"0.3333":[8.59677,19.42639,-14.05057],"0.5":[0,15,-42.5]}},"carvanha":{"rotation":{"0.0":[0,0,90],"0.1667":[0,15,90],"0.3333":[0,-20,90],"0.5":[0,0,90]},"position":{"0.0":[0,-5,0],"0.1667":[0,4,0],"0.3333":[0,2,0],"0.5":[0,-5,0]}},"lower_fin":{"rotation":{"0.0":[0,0,-12.5],"0.1667":[0,0,-12.5],"0.3333":[0,0,15],"0.5":[0,0,-12.5]}},"upper_fin":{"rotation":{"0.0":[0,0,7.5],"0.1667":[0,0,7.5],"0.3333":[0,0,-7.5],"0.5":[0,0,7.5]}},"left_fin":{"rotation":{"0.0":[0,0,50],"0.1667":[0,0,50],"0.3333":[0,0,-15],"0.5":[0,0,50]}},"right_fin":{"rotation":{"0.0":[0,0,-50],"0.1667":[0,0,-50],"0.3333":[0,0,15],"0.5":[0,0,-50]}}}},"animation.carvanha.ground_idle":{"loop":true,"animation_length":0.5,"bones":{"tail":{"rotation":{"0.0":[1.03509,22.47741,0.20569],"0.25":[0,-5,0],"0.5":[1.03509,22.47741,0.20569]}},"carvanha":{"rotation":{"0.0":[0,0,92.5],"0.5":[0,0,92.5]},"position":{"0.0":[0,-5,0],"0.25":[0,-2.5,0],"0.5":[0,-5,0]}},"upper_fin":{"rotation":{"0.0":[0,0,5],"0.25":[0,0,-2.5],"0.5":[0,0,5]}},"lower_fin":{"rotation":{"0.0":[0,0,-7.5],"0.25":[0,0,7.5],"0.5":[0,0,-7.5]}},"left_fin":{"rotation":{"0.0":[0,0,81],"0.25":[0,0,10],"0.5":[0,0,81]}},"right_fin":{"rotation":{"0.0":[0,0,-47.5],"0.25":[0,0,-10],"0.5":[0,0,-47.5]}},"mouth":{"rotation":{"0.0":[7.5,0,0],"0.25":[0,0,0],"0.5":[7.5,0,0]}}}}}}
