{
	"format_version": "1.8.0",
	"animations": {
		"animation.clafary.chill": {
			"loop": true,
			"animation_length": 2,
			"bones": {
				"body": {
					"rotation": {
						"0.0": [0, 0, 0],
						"1.0": [-2.5, 0, 0],
						"2.0": [0, 0, 0]
					},
					"position": {
						"0.0": [0, 0, 0],
						"1.0": [0, 0.4, 0],
						"2.0": [0, 0, 0]
					}
				},
				"tail": {
					"rotation": {
						"0.0": [28.79789, 51.37417, 23.24122],
						"1.0": [27.38122, 49.1684, 21.39959],
						"2.0": [28.79789, 51.37417, 23.24122]
					}
				},
				"leftArm": {
					"rotation": {
						"0.0": [0, 0, 62.5],
						"1.0": [0, -2.5, 62.5],
						"2.0": [0, 0, 62.5]
					}
				},
				"rightArm": {
					"rotation": {
						"0.0": [0, 0, -62.5],
						"1.0": [0, 2.5, -62.5],
						"2.0": [0, 0, -62.5]
					}
				}
			}
		},
		"animation.clafary.walk": {
			"loop": true,
			"animation_length": 1,
			"bones": {
				"body": {
					"rotation": {
						"0.0": [-2.5, 0, 0],
						"0.25": [0, 0, 0],
						"0.5": [-2.5, 0, 0],
						"0.75": [0, 0, 0],
						"1.0": [-2.5, 0, 0]
					},
					"position": {
						"0.0": [0, 0.1, 0],
						"0.25": [0, 0.9, 0],
						"0.5": [0, 0.1, 0],
						"0.75": [0, 0.9, 0],
						"1.0": [0, 0.1, 0]
					}
				},
				"tail": {
					"rotation": {
						"0.0": [2.74715, 12.19908, 12.79362],
						"0.5": [2.74715, -12.19908, -12.79362],
						"1.0": [2.74715, 12.19908, 12.79362]
					}
				},
				"leftArm": {
					"rotation": {
						"0.0": [0, 27.5, 55],
						"0.5": [-35.06695, -25.73828, 58.25703],
						"1.0": [0, 27.5, 55]
					}
				},
				"rightArm": {
					"rotation": {
						"0.0": [-35.06695, 25.73828, -58.25703],
						"0.5": [0, -27.5, -55],
						"1.0": [-35.06695, 25.73828, -58.25703]
					}
				},
				"leftLeg": {
					"rotation": {
						"0.0": [27.5, 0, 0],
						"0.25": [17.5, 0, 0],
						"0.5": [-22.5, 0, 0],
						"1.0": [27.5, 0, 0]
					},
					"position": {
						"0.0": [0, 0.1, 0],
						"0.25": [0, 0.85, -1.5],
						"0.5": [0, -0.6, 0],
						"1.0": [0, 0.1, 0]
					}
				},
				"rightLeg": {
					"rotation": {
						"0.0": [-22.5, 0, 0],
						"0.5": [27.5, 0, 0],
						"0.75": [17.5, 0, 0],
						"1.0": [-22.5, 0, 0]
					},
					"position": {
						"0.0": [0, -0.6, 0],
						"0.5": [0, 0.1, 0],
						"0.75": [0, 0.85, -1.5],
						"1.0": [0, -0.6, 0]
					}
				}
			}
		},
		"animation.clafary.sittings": {
			"loop": true,
			"animation_length": 2,
			"bones": {
				"body": {
					"rotation": {
						"0.0": [2.5, 0, 0],
						"1.0": [0, 0, 0],
						"2.0": [2.5, 0, 0]
					},
					"position": {
						"0.0": [0, -2, 1],
						"2.0": [0, -2, 1]
					}
				},
				"tail": {
					"rotation": {
						"0.0": [20.00533, 28.48042, 9.8491],
						"1.0": [19.18246, 23.7695, 7.98205],
						"2.0": [20.00533, 28.48042, 9.8491]
					}
				},
				"leftArm": {
					"rotation": [0, 22.5, 60]
				},
				"rightArm": {
					"rotation": [0, -22.5, -60]
				},
				"leftLeg": {
					"rotation": [-90, -40, 0],
					"position": [0.7, -2.1, 0]
				},
				"rightLeg": {
					"rotation": [-90, 40, 0],
					"position": [-0.7, -2.1, 0]
				}
			}
		},
		"animation.clafary.attack": {
			"loop": true,
			"animation_length": 0.58333,
			"bones": {
				"body": {
					"rotation": {
						"0.0": [0, 0, 0],
						"0.25": [0.65426, 4.95712, 7.52832],
						"0.4167": [14.19661, -11.3583, 2.36107],
						"0.5833": [0, 0, 0]
					}
				},
				"leftArm": {
					"rotation": [0, 0, 62.5]
				},
				"rightArm": {
					"rotation": {
						"0.0": [0, 0, -62.5],
						"0.25": [-87.89471, 34.83294, 38.55395],
						"0.4167": [-70.36708, -84.85106, 17.79135],
						"0.5833": [0, 0, -62.5]
					}
				}
			}
		},
		"animation.clafary.takcle": {
			"loop": true,
			"animation_length": 0.58333,
			"bones": {
				"body": {
					"rotation": {
						"0.0": [0, 0, 0],
						"0.25": [0, 17.5, 0],
						"0.4167": [2.5, -17.5, 0],
						"0.5833": [0, 0, 0]
					}
				},
				"leftArm": {
					"rotation": [0, 0, 62.5]
				},
				"rightArm": {
					"rotation": {
						"0.0": [0, 0, -62.5],
						"0.25": [-62.72683, -67.73126, 1.99445],
						"0.4167": [-89.34792, -82.6141, 28.15208],
						"0.5833": [0, 0, -62.5]
					},
					"position": {
						"0.0": [0, 0, 0],
						"0.25": [0, 0, 2],
						"0.4167": [0, 0, -4],
						"0.5833": [0, 0, 0]
					}
				}
			}
		}
	}
}