{
	"format_version": "1.8.0",
	"animations": {
		"animation.clefable.chill": {
			"loop": true,
			"animation_length": 2,
			"bones": {
				"body": {
					"rotation": {
						"0.0": [0, 0, 0],
						"1.0": [-2.5, 0, 0],
						"2.0": [0, 0, 0]
					},
					"position": {
						"0.0": [0, 0, 0],
						"2.0": [0, 0, 0]
					}
				},
				"rightArm": {
					"rotation": {
						"0.0": [0, 0, 0],
						"1.0": [0, 0, -7.5],
						"2.0": [0, 0, 0]
					}
				},
				"leftArm": {
					"rotation": {
						"0.0": [0, 0, 0],
						"1.0": [0, 0, 7.5],
						"2.0": [0, 0, 0]
					}
				},
				"tail": {
					"rotation": [7.5, 40, 0]
				}
			}
		},
		"animation.clefable.walk": {
			"loop": true,
			"animation_length": 1,
			"bones": {
				"body": {
					"rotation": {
						"0.0": [2.5, 0, 0],
						"0.25": [7.5, 0, 0],
						"0.5": [2.5, 0, 0],
						"0.75": [7.5, 0, 0],
						"1.0": [2.5, 0, 0]
					},
					"position": {
						"0.0": [0, 0.3, 0],
						"0.25": [0, 1.3, 0],
						"0.5": [0, 0.3, 0],
						"0.75": [0, 1.3, 0],
						"1.0": [0, 0.3, 0]
					}
				},
				"rightLeg": {
					"rotation": {
						"0.0": [32.5, 0, 0],
						"0.25": [53.75, 0, 0],
						"0.5": [-20, 0, 0],
						"1.0": [32.5, 0, 0]
					},
					"position": {
						"0.0": [0, 0.3, 0],
						"0.25": [0, 0.8, -2.2],
						"0.5": [0, -1.1, 0],
						"0.75": [0, 0.1, 0],
						"1.0": [0, 0.3, 0]
					}
				},
				"leftLeg": {
					"rotation": {
						"0.0": [-20, 0, 0],
						"0.5": [32.5, 0, 0],
						"0.75": [53.75, 0, 0],
						"1.0": [-20, 0, 0]
					},
					"position": {
						"0.0": [0, -1.1, 0],
						"0.25": [0, 0.1, 0],
						"0.5": [0, 0.3, 0],
						"0.75": [0, 0.8, -2.2],
						"1.0": [0, -1.1, 0]
					}
				},
				"rightArm": {
					"rotation": {
						"0.0": [-48.18385, -8.40819, 9.28293],
						"0.5": [34.58859, 18.82943, 12.54707],
						"1.0": [-48.18385, -8.40819, 9.28293]
					}
				},
				"leftArm": {
					"rotation": {
						"0.0": [34.58859, -18.82943, -12.54707],
						"0.5": [-48.18385, 8.40819, -9.28293],
						"1.0": [34.58859, -18.82943, -12.54707]
					}
				},
				"tail": {
					"rotation": {
						"0.0": [2.74715, 12.19908, 12.79362],
						"0.5": [2.74715, -12.19908, -12.79362],
						"1.0": [2.74715, 12.19908, 12.79362]
					}
				}
			}
		},
		"animation.clefable.sitting": {
			"loop": true,
			"animation_length": 2,
			"bones": {
				"body": {
					"rotation": {
						"0.0": [-5, 0, 0],
						"1.0": [0, 0, 0],
						"2.0": [-5, 0, 0]
					},
					"position": {
						"0.0": [0, -3, 0],
						"2.0": [0, -3, 0]
					}
				},
				"rightLeg": {
					"rotation": [-90, 50, 0],
					"position": [0, -4, 0]
				},
				"leftLeg": {
					"rotation": [-90, -50, 0],
					"position": [0, -4, 0]
				},
				"rightArm": {
					"rotation": [-5, 0, -12.5]
				},
				"leftArm": {
					"rotation": [-5, 0, 12.5]
				},
				"tail": {
					"rotation": [20, 0, 0]
				}
			}
		},
		"animation.clefable.attack": {
			"loop": true,
			"animation_length": 0.58333,
			"bones": {
				"body": {
					"rotation": {
						"0.0": [0, 0, 0],
						"0.2083": [0.88045, 9.96156, 5.07673],
						"0.375": [-3.48217, -39.27452, 4.77916],
						"0.5833": [0, 0, 0]
					},
					"position": {
						"0.0": [0, 0, 0],
						"0.5833": [0, 0, 0]
					}
				},
				"rightArm": {
					"rotation": {
						"0.0": [0, 0, 0],
						"0.2083": [-109.74658, 64.35491, -8.64907],
						"0.375": [-85.88848, -19.36154, 5.61283],
						"0.5833": [0, 0, 0]
					},
					"position": {
						"0.0": [0, 0, 0],
						"0.5833": [0, 0, 0]
					}
				},
				"leftArm": {
					"rotation": {
						"0.0": [0, 0, 0],
						"0.2083": [-72.5, 0, 0],
						"0.375": [51.04342, 24.1782, -18.32252],
						"0.5833": [0, 0, 0]
					}
				}
			}
		},
		"animation.clefable.punch": {
			"loop": true,
			"animation_length": 0.58333,
			"bones": {
				"body": {
					"rotation": {
						"0.0": [0, 0, 0],
						"0.1667": [-2.5, 20, 0],
						"0.4167": [10.96135, -23.3397, 0.51756],
						"0.5833": [0, 0, 0]
					},
					"position": {
						"0.0": [0, 0, 0],
						"0.5833": [0, 0, 0]
					}
				},
				"rightArm": {
					"rotation": {
						"0.0": [0, 0, 0],
						"0.1667": [-91.72537, -19.50645, -4.50432],
						"0.4167": [-94.16671, -24.11721, 3.81031],
						"0.5833": [0, 0, 0]
					},
					"position": {
						"0.0": [0, 0, 0],
						"0.1667": [0, 0, 4],
						"0.4167": [0, 0, -6],
						"0.5833": [0, 0, 0]
					}
				},
				"tail": {
					"rotation": {
						"0.0": [7.5, 40, 0],
						"0.1667": [5.88243, 12.67766, -3.54178],
						"0.3333": [7.79163, 42.47779, 0.4423],
						"0.5833": [7.5, 40, 0]
					}
				}
			}
		}
	}
}