{
	"format_version": "1.8.0",
	"animations": {
		"animation.dodrio.chill": {
			"loop": true,
			"animation_length": 0.75,
			"bones": {
				"Tell": {
					"rotation": {
						"0.0": [-42.5, 0, 0],
						"0.375": [-22.5, 0, 0],
						"0.75": [-42.5, 0, 0]
					}
				},
				"Neck1": {
					"rotation": {
						"0.0": [12.5, 0, 0],
						"0.0833": [2, 0, 0],
						"0.375": [20, 0, 0],
						"0.75": [12.5, 0, 0]
					}
				},
				"Neck2": {
					"rotation": {
						"0.0": [-12.5, 0, 0],
						"0.0833": [3.5, 0, 0],
						"0.375": [10, 0, 0],
						"0.75": [-12.5, 0, 0]
					}
				},
				"Head": {
					"rotation": {
						"0.0": [2.5, 0, 0],
						"0.0833": [-1, 0, 0],
						"0.375": [-20, 0, 0],
						"0.75": [2.5, 0, 0]
					}
				},
				"Neck3": {
					"rotation": {
						"0.0": [0, 0, -27.5],
						"0.0833": [29.28387, 3.26429, -32.5966],
						"0.375": [5, 0, -35],
						"0.75": [0, 0, -27.5]
					}
				},
				"Neck4": {
					"rotation": {
						"0.0": [0, 0, 15],
						"0.0833": [4.80478, 0.23994, 10.83146],
						"0.375": [12.5, 0, 15],
						"0.75": [0, 0, 15]
					}
				},
				"Head2": {
					"rotation": {
						"0.0": [0, 0, 12.5],
						"0.0833": [-28.85658, 9.68227, 21.61681],
						"0.375": [7.5, 0, 12.5],
						"0.75": [0, 0, 12.5]
					}
				},
				"Neck5": {
					"rotation": {
						"0.0": [0, 0, 27.5],
						"0.0833": [2.65334, -0.37266, 41.19388],
						"0.375": [5, 0, 30],
						"0.75": [0, 0, 27.5]
					}
				},
				"Neck6": {
					"rotation": {
						"0.0": [0, 0, -15],
						"0.0833": [18.57131, 0, -15],
						"0.375": [12.5, 0, -15],
						"0.75": [0, 0, -15]
					}
				},
				"Head3": {
					"rotation": {
						"0.0": [0, 0, -12.5],
						"0.0833": [-3.77894, -0.01263, -22.22192],
						"0.375": [-0.00933, -2.462, -12.06561],
						"0.75": [0, 0, -12.5]
					}
				}
			}
		},
		"animation.dodrio.walk": {
			"loop": true,
			"animation_length": 1,
			"bones": {
				"Body": {
					"rotation": {
						"0.0": [0, 0, 0],
						"0.375": [0, 0, 0],
						"0.75": [0, 0, 0]
					},
					"position": {
						"0.0": [0, 0, 0],
						"0.375": [0, 0, 0],
						"0.75": [0, 0, 0]
					}
				},
				"Leg1": {
					"rotation": {
						"0.0": [0, 0, 0],
						"0.25": [-45, 0, 0],
						"0.3333": [-45, 0, 0],
						"0.5": [0, 0, 0],
						"0.75": [5, 0, 0],
						"1.0": [0, 0, 0]
					},
					"position": {
						"0.0": [0, 0, 0],
						"0.25": [0, 0, -2],
						"0.5": [0, 0, 0],
						"0.75": [0, 0, 1],
						"1.0": [0, 0, 0]
					}
				},
				"Joint1": {
					"rotation": {
						"0.0": [0, 0, 0],
						"0.25": [-17.5, 0, 0],
						"0.5": [0, 0, 0],
						"0.75": [0, 0, 0],
						"1.0": [0, 0, 0]
					},
					"position": {
						"0.0": [0, 0, 0],
						"0.5": [0, 0, 0],
						"1.0": [0, 0, 0]
					}
				},
				"Foot1": {
					"rotation": {
						"0.0": [0, 0, 0],
						"0.25": [0, 0, 0],
						"0.3333": [32.5, 0, 0],
						"0.4167": [30, 0, 0],
						"0.5": [0, 0, 0],
						"0.75": [-2.5, 0, 0],
						"1.0": [0, 0, 0]
					},
					"position": {
						"0.0": [0, 0, 0],
						"0.25": [0, 0, 0],
						"0.5": [0, 0, 0],
						"1.0": [0, 0, 0]
					}
				},
				"Tell": {
					"rotation": {
						"0.0": [-30, 0, 0],
						"0.25": [-5.21355, 3.24651, 1.59122],
						"0.5": [-30, 0, 0],
						"0.75": [-5.21355, 3.24651, 1.59122],
						"1.0": [-30, 0, 0]
					}
				},
				"Neck1": {
					"rotation": {
						"0.0": [45, 0, 0],
						"0.25": [52.5, 0, 0],
						"0.5": [45, 0, 0],
						"0.75": [52.5, 0, 0],
						"1.0": [45, 0, 0]
					}
				},
				"Neck2": {
					"rotation": {
						"0.0": [12.5, 0, 0],
						"0.5": [12.5, 0, 0],
						"1.0": [12.5, 0, 0]
					}
				},
				"Head": {
					"rotation": {
						"0.0": [-55, 0, 0],
						"0.25": [-65, 0, 0],
						"0.5": [-55, 0, 0],
						"0.75": [-65, 0, 0],
						"1.0": [-55, 0, 0]
					}
				},
				"Leg2": {
					"rotation": {
						"0.0": [0, 0, 0],
						"0.25": [5, 0, 0],
						"0.5": [0, 0, 0],
						"0.75": [-45, 0, 0],
						"0.8333": [-45, 0, 0],
						"1.0": [0, 0, 0]
					},
					"position": {
						"0.0": [0, 0, 0],
						"0.25": [0, 0, 1],
						"0.5": [0, 0, 0],
						"1.0": [0, 0, 0]
					}
				},
				"Joint2": {
					"rotation": {
						"0.0": [0, 0, 0],
						"0.25": [0, 0, 0],
						"0.5": [0, 0, 0],
						"0.75": [-17.5, 0, 0],
						"1.0": [0, 0, 0]
					},
					"position": {
						"0.0": [0, 0, 0],
						"0.5": [0, 0, 0],
						"1.0": [0, 0, 0]
					}
				},
				"Foot2": {
					"rotation": {
						"0.0": [0, 0, 0],
						"0.25": [-2.5, 0, 0],
						"0.4167": [0, 0, 0],
						"0.75": [0, 0, 0],
						"0.8333": [32.5, 0, 0],
						"0.9167": [30, 0, 0],
						"1.0": [0, 0, 0]
					},
					"position": {
						"0.0": [0, 0, 0],
						"0.4167": [0, 0, 0],
						"0.75": [0, 0, 0],
						"1.0": [0, 0, 0]
					}
				},
				"Neck3": {
					"rotation": {
						"0.0": [37.5, 0, -22.5],
						"0.25": [45, 0, -22.5],
						"0.5": [37.5, 0, -22.5],
						"0.75": [45, 0, -22.5],
						"1.0": [37.5, 0, -22.5]
					}
				},
				"Neck4": {
					"rotation": {
						"0.0": [10, 0, 7.5],
						"0.25": [20, 0, 7.5],
						"0.5": [10, 0, 7.5],
						"0.75": [20, 0, 7.5],
						"1.0": [10, 0, 7.5]
					}
				},
				"Head2": {
					"rotation": {
						"0.0": [-34.41321, 15.24183, 3.76917],
						"0.25": [-54.41321, 15.24183, 3.76917],
						"0.5": [-34.41321, 15.24183, 3.76917],
						"0.75": [-54.41321, 15.24183, 3.76917],
						"1.0": [-34.41321, 15.24183, 3.76917]
					}
				},
				"Neck5": {
					"rotation": {
						"0.0": [37.5, 0, 22.5],
						"0.25": [45, 0, 22.5],
						"0.5": [37.5, 0, 22.5],
						"0.75": [45, 0, 22.5],
						"1.0": [37.5, 0, 22.5]
					}
				},
				"Neck6": {
					"rotation": [10, 0, -7.5]
				},
				"Head3": {
					"rotation": {
						"0.0": [-33.08098, -14.20412, -9.73122],
						"0.25": [-45.58098, -14.20412, -9.73122],
						"0.5": [-33.08098, -14.20412, -9.73122],
						"0.75": [-45.58098, -14.20412, -9.73122],
						"1.0": [-33.08098, -14.20412, -9.73122]
					}
				}
			}
		}
	}
}