{
	"format_version": "1.8.0",
	"animations": {
		"animation.doduo.chill": {
			"loop": true,
			"animation_length": 0.75,
			"bones": {
				"Neck1": {
					"rotation": {
						"0.0": [7.5, 0, -10],
						"0.375": [10, 0, -10],
						"0.75": [7.5, 0, -10]
					}
				},
				"Head1": {
					"rotation": {
						"0.0": [-4.48722, 1.69559, 9.84984],
						"0.375": [5.51278, 1.69559, 9.84984],
						"0.75": [-4.48722, 1.69559, 9.84984]
					}
				},
				"Leg1": {
					"rotation": {
						"0.0": [0, 10, 0],
						"0.75": [0, 10, 0]
					}
				},
				"Leg2": {
					"rotation": {
						"0.0": [0, -7.5, 0],
						"0.75": [0, -7.5, 0]
					}
				},
				"Feat5": {
					"rotation": {
						"0.0": [0, 0, 2.5],
						"0.375": [-15, 0, -5],
						"0.75": [0, 0, 2.5]
					}
				},
				"Neck2": {
					"rotation": {
						"0.0": [7.5, 0, 5],
						"0.375": [0, 0, 5],
						"0.75": [7.5, 0, 5]
					}
				},
				"Head2": {
					"rotation": {
						"0.0": [-2.47864, -0.32621, -7.49294],
						"0.375": [-12.47864, -0.32621, -7.49294],
						"0.75": [-2.47864, -0.32621, -7.49294]
					}
				}
			}
		},
		"animation.doduo.walk": {
			"loop": true,
			"animation_length": 1,
			"bones": {
				"Body": {
					"rotation": {
						"0.0": [0, 0, 0],
						"0.5": [0, 0, 0],
						"1.0": [0, 0, 0]
					},
					"position": {
						"0.0": [0, 0, 0],
						"0.5": [0, 0, 0],
						"1.0": [0, 0, 0]
					}
				},
				"Neck1": {
					"rotation": {
						"0.0": [19.71975, 3.40487, -9.40804],
						"0.25": [27.21975, 3.40487, -9.40804],
						"0.5": [19.71975, 3.40487, -9.40804],
						"0.75": [12.21975, 3.40487, -9.40804],
						"1.0": [19.71975, 3.40487, -9.40804]
					},
					"position": {
						"0.0": [0, 0, 0],
						"0.5": [0, 0, 0],
						"1.0": [0, 0, 0]
					}
				},
				"Head1": {
					"rotation": {
						"0.0": [-14.65993, 3.21132, 12.08681],
						"0.25": [-22.15993, 3.21132, 12.08681],
						"0.5": [-14.65993, 3.21132, 12.08681],
						"0.75": [-22.15993, 3.21132, 12.08681],
						"1.0": [-14.65993, 3.21132, 12.08681]
					},
					"position": {
						"0.0": [0, 0, 0],
						"0.5": [0, 0, 0],
						"1.0": [0, 0, 0]
					}
				},
				"Leg1": {
					"rotation": {
						"0.0": [0, 0, 0],
						"0.25": [10, 0, 0],
						"0.5": [0, 0, 0],
						"0.75": [-27.5, 0, 0],
						"0.7917": [-32.5, 0, 0],
						"1.0": [0, 0, 0]
					},
					"position": {
						"0.0": [0, 0, 0],
						"0.25": [0, 0, 1],
						"0.5": [0, 0, 0],
						"0.75": [0, 0, -1],
						"1.0": [0, 0, 0]
					}
				},
				"Feat1": {
					"rotation": {
						"0.0": [0, 0, 0],
						"0.25": [-12.5, 0, -10],
						"0.5": [0, 0, 0],
						"0.75": [23.37421, -3.66835, 10.48278],
						"1.0": [0, 0, 0]
					},
					"position": {
						"0.0": [0, 0, 0],
						"0.5": [0, 0, 0],
						"0.75": [0, 0, 0],
						"1.0": [0, 0, 0]
					}
				},
				"Leg2": {
					"rotation": {
						"0.0": [0, 0, 0],
						"0.25": [-40, 0, 0],
						"0.5": [0, 0, 0],
						"0.75": [10, 0, 0],
						"1.0": [0, 0, 0]
					},
					"position": {
						"0.0": [0, 0, 0],
						"0.25": [0, 0, -1],
						"0.5": [0, 0, 0],
						"0.75": [0, 0, 1],
						"1.0": [0, 0, 0]
					}
				},
				"Feat5": {
					"rotation": {
						"0.0": [0, 0, 0],
						"0.25": [40.10268, -8.88145, 11.76032],
						"0.375": [39.70509, -12.70582, 20.61475],
						"0.5": [0, 0, 0],
						"0.75": [-11.8425, -2.44386, -9.15745],
						"1.0": [0, 0, 0]
					},
					"position": {
						"0.0": [0, 0, 0],
						"0.5": [0, 0, 0],
						"1.0": [0, 0, 0]
					}
				},
				"Neck2": {
					"rotation": {
						"0.0": [19.8423, -2.55868, 7.05239],
						"0.25": [14.8423, -2.55868, 7.05239],
						"0.5": [19.8423, -2.55868, 7.05239],
						"0.75": [29.8423, -2.55868, 7.05239],
						"1.0": [19.8423, -2.55868, 7.05239]
					},
					"position": {
						"0.0": [0, 0, 0],
						"0.5": [0, 0, 0],
						"1.0": [0, 0, 0]
					}
				},
				"Head2": {
					"rotation": {
						"0.0": [-12.94409, -2.03767, -4.53667],
						"0.25": [-17.94409, -2.03767, -4.53667],
						"0.5": [-12.94409, -2.03767, -4.53667],
						"0.75": [-15.44409, -2.03767, -4.53667],
						"1.0": [-12.94409, -2.03767, -4.53667]
					},
					"position": {
						"0.0": [0, 0, 0],
						"0.5": [0, 0, 0],
						"1.0": [0, 0, 0]
					}
				}
			}
		}
	}
}