{
	"format_version": "1.8.0",
	"animations": {
		"animation.electrode.idle": {
			"loop": true,
			"animation_length": 2,
			"bones": {
				"bone": {
					"rotation": {
						"0.0": [0, 0, 0],
						"0.125": [-4.75, 0.16, 1.64],
						"0.25": [-7.49294, 0.32621, 2.47864],
						"0.375": [-9.25, 0.16, 1.54],
						"0.5": [-10, 0, 0],
						"0.625": [-9.25, -0.16, -1.94],
						"0.75": [-7.49294, -0.32621, -2.67864],
						"0.875": [-4.75, -0.16, -2.24],
						"1.0": [0, 0, 0],
						"1.125": [4.75, -0.16, 1.74],
						"1.25": [7.49294, -0.32621, 2.47864],
						"1.375": [9.75, -0.16, 1.64],
						"1.5": [10, 0, 0],
						"1.625": [9.75, 0.16, -2.04],
						"1.75": [7.49294, 0.32621, -2.47864],
						"1.875": [4.75, 0.16, -1.84],
						"2.0": [0, 0, 0]
					},
					"position": {
						"0.0": [0, 0, 0],
						"0.125": [0.35, 0, 0.3],
						"0.25": [0.5, 0, 0.6],
						"0.375": [0.35, 0, 0.65],
						"0.5": [0, 0, 0.7],
						"0.625": [-0.4, 0, 0.65],
						"0.75": [-0.6, 0, 0.6],
						"0.875": [-0.4, 0, 0.3],
						"1.0": [0, 0, 0],
						"1.125": [0.36, 0, -0.31],
						"1.25": [0.5, 0, -0.6],
						"1.375": [0.36, 0, -0.65],
						"1.5": [0, 0, -0.7],
						"1.625": [-0.35, 0, -0.65],
						"1.75": [-0.5, 0, -0.6],
						"1.875": [-0.35, 0, -0.3],
						"2.0": [0, 0, 0]
					},
					"scale": 1
				}
			}
		},
		"animation.electrode.walking": {
			"loop": true,
			"animation_length": 1.5,
			"bones": {
				"bone": {
					"rotation": {
						"0.0": [0, 0, 0],
						"0.25": [60, 0, 0],
						"0.5": [112.5, 0, 0],
						"0.75": [165, 0, 0],
						"1.0": [215, 0, 0],
						"1.25": [287.5, 0, 0],
						"1.5": [360, 0, 0]
					},
					"position": {
						"0.0": [0, 0, 0],
						"1.1667": [0, 0, 0]
					},
					"scale": {
						"0.0": [1, 1, 1],
						"1.1667": [1, 1, 1]
					}
				}
			}
		},
		"animation.electrode.sleeping": {
			"loop": true,
			"animation_length": 2,
			"bones": {
				"bone": {
					"rotation": {
						"0.0": [0, 0, 87.5],
						"0.25": [0, -1, 87.5],
						"0.5": [0, -2, 87.5],
						"0.75": [0, -1, 87.5],
						"1.0": [0, 0, 87.5],
						"1.25": [0, 1.97333, 87.5],
						"1.5": [0, 2.97333, 87.5],
						"1.75": [0, 1.97333, 87.5],
						"2.0": [0, -0.02667, 87.5]
					},
					"position": [0, -0.3, 0]
				},
				"bone3": {
					"rotation": [17.5, 0, -17.5],
					"position": [-0.1, -0.9, 0.5],
					"scale": [1.1, 1.1, 1]
				},
				"bone2": {
					"rotation": [17.5, 0, 17.5],
					"position": [0.1, -0.9, 0.5],
					"scale": [1.1, 1.1, 1]
				}
			}
		}
	}
}