{
	"format_version": "1.8.0",
	"animations": {
		"animation.farfetchd.walk": {
			"loop": true,
			"animation_length": 0.75,
			"bones": {
				"Body": {
					"rotation": {
						"0.0": [12.5, 0, 0],
						"0.375": [12.5, 0, 0],
						"0.75": [12.5, 0, 0]
					},
					"position": {
						"0.0": [0, 0, 0],
						"0.1667": [0, 1, 0],
						"0.375": [0, 0, 0],
						"0.5833": [0, 1, 0],
						"0.75": [0, 0, 0]
					}
				},
				"Leg1": {
					"rotation": {
						"0.0": [-10, 0, 0],
						"0.1667": [35, 0, 0],
						"0.375": [-10, 0, 0],
						"0.5833": [-35, 0, 0],
						"0.75": [-10, 0, 0]
					},
					"position": {
						"0.0": [0, 0, 0],
						"0.375": [0, 0, 0],
						"0.75": [0, 0, 0]
					}
				},
				"Head": {
					"rotation": {
						"0.0": [0, 0, 0],
						"0.1667": [7.5, 0, 0],
						"0.375": [5, 0, 0],
						"0.5833": [12.5, 0, 0],
						"0.75": [0, 0, 0]
					},
					"position": {
						"0.0": [0, 0, 0],
						"0.375": [0, 0, 0],
						"0.75": [0, 0, 0]
					}
				},
				"Wing1": {
					"rotation": {
						"0.0": [0, 45, 0],
						"0.1667": [10, 45, 0],
						"0.375": [0, 45, 0],
						"0.5833": [12.5, 45, 0],
						"0.75": [0, 45, 0]
					},
					"position": {
						"0.0": [0, 0, 0],
						"0.375": [0, 0, 0],
						"0.75": [0, 0, 0]
					}
				},
				"Hand1": {
					"rotation": [0, 130, 0],
					"position": [0, 0, 0]
				},
				"Weapon": {
					"rotation": {
						"0.0": [0, 0, 0],
						"0.1667": [0, 0, 2.5],
						"0.375": [0, 0, 0],
						"0.5833": [0, 0, 5],
						"0.75": [0, 0, 0]
					},
					"position": [-3, 0, 0]
				},
				"Wing2": {
					"rotation": {
						"0.0": [393.94177, -19.82738, -385.06908],
						"0.1667": [407.46628, 3.35232, -358.37086],
						"0.375": [393.94177, -19.82738, -385.06908],
						"0.5833": [407.46628, 3.35232, -358.37086],
						"0.75": [393.94177, -19.82738, -385.06908]
					},
					"position": {
						"0.0": [0, 0, 0],
						"0.375": [0, 0, 0],
						"0.75": [0, 0, 0]
					}
				},
				"Hand2": {
					"rotation": {
						"0.0": [0, -90, 0],
						"0.1667": [0, 26, 0],
						"0.375": [0, -90, 0],
						"0.5833": [0, 26, 0],
						"0.75": [0, -90, 0]
					},
					"position": {
						"0.0": [0, 0, 0],
						"0.375": [0, 0, 0],
						"0.75": [0, 0, 0]
					}
				},
				"Leg2": {
					"rotation": {
						"0.0": [-10, 0, 0],
						"0.1667": [-40, 0, 0],
						"0.375": [-10, 0, 0],
						"0.5833": [32.5, 0, 0],
						"0.75": [-10, 0, 0]
					},
					"position": {
						"0.0": [0, 0, 0],
						"0.375": [0, 0, 0],
						"0.75": [0, 0, 0]
					}
				}
			}
		},
		"animation.farfetchd.chill": {
			"loop": true,
			"animation_length": 0.75,
			"bones": {
				"Body": {
					"rotation": {
						"0.0": [0, 0, 0],
						"0.75": [0, 0, 0]
					}
				},
				"Leg1": {
					"rotation": {
						"0.0": [0, 12.5, 0],
						"0.75": [0, 12.5, 0]
					}
				},
				"Head": {
					"rotation": {
						"0.0": [0, 0, 0],
						"0.375": [5, 0, 0],
						"0.75": [0, 0, 0]
					}
				},
				"Wing1": {
					"rotation": {
						"0.0": [0, 55, 0],
						"0.375": [13.92809, 53.77546, 17.0883],
						"0.75": [0, 55, 0]
					}
				},
				"Hand1": {
					"rotation": {
						"0.0": [0, 130, 0],
						"0.375": [0, 125, 0],
						"0.75": [0, 125, 0]
					}
				},
				"Weapon": {
					"position": [-3, 0, 0]
				},
				"Wing2": {
					"rotation": {
						"0.0": [92.65548, 12.64438, -87.69554],
						"0.375": [92.71895, 17.63889, -87.45277],
						"0.75": [92.65548, 12.64438, -87.69554]
					}
				},
				"Hand2": {
					"rotation": [0, -177.5, 0]
				},
				"Leg2": {
					"rotation": {
						"0.0": [0, -15, 0],
						"0.75": [0, -15, 0]
					}
				}
			}
		}
	}
}