{"format_version":"1.8.0","animations":{"animation.flaaffy.ground_idle":{"loop":true,"animation_length":4,"bones":{"root":{"rotation":{"0.0":[0,0,1],"0.25":[0,0,0],"1.0":[0,0,0],"1.375":[0,0,-2.5],"1.625":[0,0,-2.5],"2.25":[0,0,0],"3.0":[0,0,0],"3.375":[0,0,2.5],"3.625":[0,0,2.5],"4.0":[0,0,1]},"position":[0,0,0]},"LeftLeg":{"rotation":[-10,0,0],"position":[0,0,0]},"RightLeg":{"rotation":[-10,0,0],"position":[0,0,0]},"body":{"rotation":{"0.0":[0,0,0],"0.125":[0.34,0,0],"0.25":[1.27,0,0],"0.375":[1.98,0,0],"0.5":[2.5,0,0],"0.75":[2.8,0,0],"1.0":[2.5,0,0],"1.125":[1.98,0,0],"1.25":[1.15,0,0],"1.375":[0.43,0,0],"1.5":[0,0,0],"1.75":[-0.2,0,0],"2.0":[0,0,0],"2.125":[0.34,0,0],"2.25":[1.27,0,0],"2.375":[1.98,0,0],"2.5":[2.5,0,0],"2.75":[2.8,0,0],"3.0":[2.5,0,0],"3.125":[1.98,0,0],"3.25":[1.15,0,0],"3.375":[0.43,0,0],"3.5":[0,0,0],"3.75":[-0.2,0,0],"4.0":[0,0,0]},"position":{"0.0":[0,0,0],"2.0":[0,0,0]}},"leftArm":{"rotation":[-30,0,17.5]},"rightArm":{"rotation":[-29.97638,1.2497,-20.33459]},"head":{"rotation":{"0.0":[0,0,2.5],"0.5":[-2.5,0,0],"0.75":[-2.8,0,0],"1.0":[-2.5,0,0],"1.5":[0,0,-2.5],"1.75":[-0.07336,-0.55861,-2.42009],"2.0":[0,0,-2.5],"2.5":[-2.5,0,0],"2.75":[-2.8,0,0],"3.0":[-2.5,0,0],"3.5":[0,0,2.5],"3.75":[0.18058,-0.9645,2.30656],"4.0":[0,0,2.5]},"position":{"0.0":[0,0,0],"2.0":[0,0,0]}},"bone":{"rotation":{"0.0":[10.03742,-4.92385,-0.87038],"1.0":[10.04,-4.92,-0.87],"1.375":[12.54,-4.92,-0.87],"1.625":[12.54,-4.92,-0.87],"2.0":[10.04,-4.92,-0.87]},"position":{"3.0":[0,0,0],"3.375":[0,0.2,0],"3.625":[0,0.2,0],"4.0":[0,0,0]}},"bone2":{"rotation":{"0.0":[10.03742,4.92385,0.87038],"1.0":[10.04,4.92,0.87],"1.625":[10.04,4.92,0.87],"3.0":[10.04,4.92,0.87],"3.375":[12.54,4.92,0.87],"3.625":[12.54,4.92,0.87],"4.0":[10.04,4.92,0.87]},"position":{"1.0":[0,0,0],"1.375":[0,0.2,0],"1.625":[0,0.2,0],"2.0":[0,0,0]}},"tail":{"rotation":{"0.0":[0,0,0],"0.25":[-0.3,-1.4,0],"0.5":[0,-2.5,0],"1.0":[5.08377,-4.53051,-2.11751],"1.25":[5.48474,-5.01562,-2.14913],"1.5":[5.08377,-4.53051,-2.11751],"2.0":[0,0,0],"2.25":[-0.4,1.5,0],"2.5":[0,2.5,0],"3.0":[5.08377,4.53051,2.11751],"3.25":[5.48474,5.01562,2.14913],"3.5":[5.08377,4.53051,2.11751],"4.0":[0,0,0]}},"tail2":{"rotation":{"0.0":[0,0,0],"0.25":[0.68,-1.18,0],"0.5":[2.5,-2.5,0],"0.75":[4.31,-3.59,-0.45],"1.0":[5.0612,-4.80924,-0.95983],"1.2083":[5.39,-4.81,-0.96],"1.375":[4.76,-4.81,-0.96],"1.625":[3.24,-2.89,-0.58],"2.0":[0,0,0],"2.25":[0.48,1.18,0],"2.5":[1.9,2.5,0],"2.75":[3.73,3.59,0.51],"3.0":[5.06717,4.76521,1.05993],"3.2083":[5.37,4.77,1.06],"3.375":[5.07,4.77,1.06],"3.625":[3.56,2.87,0.64],"4.0":[0,0,0]}},"tail3":{"rotation":{"0.0":[0,5,0],"0.5":[0,0,0],"1.0":[0,-5,0],"1.5":[0,-6.1,0],"2.0":[0,-5,0],"2.5":[0,0,0],"3.0":[0,5,0],"3.5":[0,5.9,0],"4.0":[0,5,0]}}}},"animation.flaaffy.walking":{"loop":true,"animation_length":2.5,"bones":{"root":{"rotation":{"0.0":[0,0,0],"0.25":[0,0,-2.5],"0.5":[-2.5,0,-5],"0.75":[-2.5,0,-5],"1.0":[-2.5,0,-2.5],"1.25":[0,0,0],"1.5":[0,0,2.5],"1.75":[-2.5,0,5],"2.0":[-2.5,0,5],"2.25":[-2.5,0,2.5],"2.5":[0,0,0]},"position":{"0.0":[0,0,0],"0.25":[0,0,0],"0.5":[0,0.5,0],"0.875":[0,0,0],"1.5":[0,0,0],"1.75":[0,0.5,0],"2.125":[0,0,0]}},"LeftLeg":{"rotation":{"0.0":[-7.5,0,0],"0.25":[-2.5,0,0],"0.5":[7.5,0,0],"0.75":[25,0,0],"1.0":[32.27733,4.02155,-6.33586],"1.25":[37.27733,4.02155,-6.33586],"1.5":[9.77733,4.02155,-6.33586],"1.75":[-7.72267,4.02155,-6.33586],"2.0":[-35.22267,4.02155,-6.33586],"2.25":[-17.72267,4.02155,-6.33586],"2.5":[-7.5,0,0]},"position":{"0.0":[0,0,0],"0.75":[0,0,0],"1.0":[0,1,0],"1.25":[0,1,-1],"2.25":[0,0,-1],"2.5":[0,0,0]}},"bone":{"rotation":{"0.0":[7.5,0,0],"0.25":[5,0,0],"0.5":[7.5,0,0],"0.75":[-7.5,0,0],"1.25":[-7.5,0,0],"1.5":[2.5,0,0],"1.75":[10,0,0],"2.0":[25.83,0,0],"2.25":[17.5,0,0],"2.5":[7.5,0,0]},"position":{"0.0":[0,0,0],"2.25":[0,0,0],"2.5":[0,0,0]}},"RightLeg":{"rotation":{"0.0":[14.98637,-0.64686,2.41492],"0.25":[14.99,-0.65,2.41],"0.5":[-7.51,-0.65,2.41],"0.75":[-32.51,-0.65,2.41],"1.0":[-40.01,-0.65,2.41],"1.25":[-27.51,-0.65,2.41],"1.5":[-15.01,-0.65,2.41],"1.75":[-12.51,-0.65,2.41],"2.0":[-7.51,-0.65,2.41],"2.5":[14.98637,-0.64686,2.41492]},"position":{"0.0":[0,1,1],"0.25":[0,1,0],"0.5":[0,1,-1],"0.75":[0,1,-1],"1.0":[0,0,-1],"1.5":[0,0,-1],"1.75":[0,0,0],"2.0":[0,0,1],"2.25":[0,0,1],"2.5":[0,1,1]}},"bone2":{"rotation":{"0.0":[-10,0,0],"0.25":[-10,0,0],"0.5":[2.5,0,0],"0.75":[35,0,0],"1.0":[35,0,0],"1.25":[25,0,0],"1.5":[17.5,0,0],"1.75":[25,0,0],"2.0":[17.5,0,0],"2.25":[5,0,0],"2.5":[-10,0,0]},"position":[0,0,0]},"tail":{"rotation":{"0.0":[0,0,7.5],"0.25":[0,0,2.5],"0.5":[0,0,-7.5],"0.75":[0,0,-17.5],"1.0":[0,0,-15],"1.25":[0,0,-15],"1.5":[0,0,-7.5],"1.75":[0,0,2.5],"2.0":[0,0,17.5],"2.25":[0,0,12.5],"2.5":[0,0,7.5]}},"tail2":{"rotation":{"0.0":[0,12.5,0],"0.25":[0,12.5,0],"0.5":[0,2.5,0],"0.75":[0,-12.5,0],"1.0":[0,-12.5,0],"1.25":[0,-12.5,0],"1.5":[0,-10,0],"1.75":[0,-15,0],"2.0":[0,-2.5,0],"2.25":[0,15,0],"2.5":[0,12.5,0]}},"leftArm":{"rotation":[-33.75978,11.39293,15.94037]},"rightArm":{"rotation":[-31.05319,-17.38283,-18.12237]},"head":{"rotation":{"0.0":[0,0,2.5],"0.25":[0,0,0],"0.5":[0,0,-2.5],"0.75":[0,0,-5],"1.0":[0,0,-5],"1.25":[0,0,-2.5],"1.5":[0,0,0],"1.75":[0,0,2.5],"2.0":[0,0,5],"2.25":[0,0,5],"2.5":[0,0,2.5]}}}},"animation.flaaffy.sleeping":{"loop":true,"animation_length":3.5,"bones":{"root":{"rotation":[2.5,0,0],"position":[0,-3,0]},"LeftLeg":{"rotation":[-90,0,0],"position":[1,0,-1]},"bone":{"rotation":[45.24614,5.29571,5.31847]},"RightLeg":{"rotation":[-90,0,0],"position":[-1,0,-1]},"bone2":{"rotation":[43.2148,-9.44605,-8.1773]},"body":{"rotation":{"0.0":[10,0,0],"0.75":[9,0,0],"1.25":[9,0,0],"2.25":[10,0,0]}},"tail":{"rotation":[-67.5,0,0],"position":[0,-1,-1]},"tail2":{"rotation":[-2.5,0,0]},"tail3":{"rotation":{"0.0":[0,0,0],"0.75":[1,0,0],"1.25":[1,0,0],"2.25":[0,0,0]}},"leftArm":{"rotation":[-38.66901,11.14485,13.57875]},"rightArm":{"rotation":[-38.66901,-11.14485,-13.57875]},"head":{"rotation":[-5,0,0]},"eyes":{"position":[0,-1,0],"scale":[1,0.05,0.9]}}},"animation.flaaffy.swimming":{"loop":true,"animation_length":2.5,"bones":{"root":{"rotation":[60,0,0],"position":[0,5,9]},"LeftLeg":{"rotation":{"0.0":[15,0,0],"0.25":[-25,0,0],"0.5":[-60,0,0],"1.0":[-122.5,0,0],"1.25":[-92.5,0,0],"1.5":[-42.5,0,0],"1.75":[-5,0,0],"2.25":[15,0,0]}},"bone":{"rotation":{"0.0":[40,0,0],"0.25":[12.5,0,0],"0.5":[-7.5,0,0],"0.75":[-7.5,0,0],"1.0":[57.5,0,0],"1.25":[82.5,0,0],"1.5":[95,0,0],"2.375":[95,0,0],"2.5":[40,0,0]}},"RightLeg":{"rotation":{"0.0":[15,0,0],"0.25":[-27.5,0,0],"0.5":[-60,0,0],"1.0":[-120,0,0],"1.25":[-90,0,0],"1.5":[-40,0,0],"1.75":[-5,0,0],"2.25":[15,0,0]}},"bone2":{"rotation":{"0.0":[37.5,0,0],"0.25":[12.5,0,0],"0.5":[-7.5,0,0],"0.75":[-7.5,0,0],"1.0":[57.5,0,0],"1.25":[80,0,0],"1.5":[90,0,0],"2.375":[90,0,0],"2.5":[37.5,0,0]}},"tail":{"rotation":[-95,0,0],"position":[0,-2,-2]},"tail2":{"rotation":{"0.0":[-45,0,0],"0.75":[-42.5,0,0],"1.25":[-40,0,0],"1.75":[-42.5,0,0],"2.25":[-45,0,0]}},"tail3":{"rotation":{"0.0":[-22.5,0,0],"0.25":[-25,0,0],"0.75":[-25,0,0],"1.25":[-22.5,0,0],"1.75":[-17.5,0,0],"2.25":[-20,0,0],"2.5":[-22.5,0,0]}},"leftArm":{"rotation":{"0.0":[-147.36475,-26.87931,62.17753],"0.625":[-149.65113,-29.49294,67.01459],"1.375":[-147.36475,-26.87931,62.17753],"2.0":[-149.65113,-29.49294,67.01459],"2.5":[-147.36475,-26.87931,62.17753]},"position":[1,2,1]},"rightArm":{"rotation":{"0.0":[-163.16526,34.82544,-69.3317],"0.625":[-166.60827,36.13043,-75.26005],"1.375":[-163.16526,34.82544,-69.3317],"2.0":[-166.60827,36.13043,-75.26005],"2.5":[-163.16526,34.82544,-69.3317]},"position":[-1,2,1]},"head":{"rotation":{"0.0":[-55,0,0],"0.75":[-52.5,0,0],"1.0":[-52.5,0,0],"1.375":[-55,0,0],"2.0":[-57.5,0,0],"2.25":[-57.5,0,0],"2.5":[-55,0,0]}},"body":{"rotation":{"0.0":[0,0,0],"0.75":[2.5,0,0],"1.0":[2.5,0,0],"2.0":[0,0,0]},"position":[0,0,0]}}},"animation.flaaffy.water_idle":{"loop":true,"animation_length":2.5,"bones":{"root":{"rotation":[60,0,0],"position":[0,5,9]},"LeftLeg":{"rotation":[-100,0,0]},