{
	"format_version": "1.8.0",
	"animations": {
		"animation.gardevoir.idle": {
			"loop": true,
			"animation_length": 2,
			"bones": {
				"waist": {
					"rotation": {
						"0.0": [-1, 0, 0],
						"0.375": [-1.15018, 0.9998, -0.02007],
						"0.5417": [-1.46, 1.2, -0.01],
						"0.75": [-1.85, 1, 0],
						"1.0": [-2, 0, 0],
						"1.375": [-1.85, -1, 0],
						"1.5417": [-1.53, -1.3, 0],
						"1.75": [-1.15, -1, 0],
						"2.0": [-1, 0, 0]
					},
					"position": {
						"0.0": [0, 0, 0],
						"1.0": [0, 0.1, 0],
						"2.0": [0, 0, 0]
					}
				},
				"rightArm": {
					"rotation": {
						"0.0": [-0.86244, 4.95972, -79.99765],
						"0.5": [-0.87458, 7.46185, -80.038],
						"1.0": [-0.86588, 4.96029, -80.00191],
						"1.5": [-0.86343, 2.46057, -79.96411],
						"2.0": [-0.86244, 4.95972, -79.99765]
					}
				},
				"rightForearm": {
					"rotation": {
						"0.0": [-0.65, -4.96, 7.53],
						"0.5": [-0.65, -4.96, 7.53],
						"1.0": [-0.64816, -2.46016, 7.50162],
						"1.5": [-0.64816, -2.46016, 7.50162],
						"2.0": [-0.65, -4.96, 7.53]
					}
				},
				"rightSkirt": {
					"rotation": {
						"0.0": [5, 0, 0],
						"1.0": [5.00474, 2.49048, 0.21803],
						"2.0": [5, 0, 0]
					}
				},
				"rightLeg": {
					"rotation": [5.9787, 27.92748, 3.20678],
					"position": [0.7, 0, 0]
				},
				"rightDownLeg": {
					"rotation": [4.5, 0, 0]
				},
				"leftSkirt": {
					"rotation": {
						"0.0": [5, 0, 0],
						"1.0": [5.00474, -2.49048, -0.21803],
						"2.0": [5, 0, 0]
					}
				},
				"leftLeg": {
					"rotation": [-1.08599, 3.99915, 0.83329],
					"position": [-0.5, 0, 0]
				},
				"leftDownLeg": {
					"rotation": [2.5, 0, 0]
				},
				"leftArm": {
					"rotation": {
						"0.0": [-1.30355, -4.91489, 82.49903],
						"0.5": [-1.29991, -2.41553, 82.44212],
						"1.0": [-1.30355, -4.91489, 82.49903],
						"1.5": [-1.30971, -7.41424, 82.55636],
						"2.0": [-1.30355, -4.91489, 82.49903]
					}
				},
				"leftForearm": {
					"rotation": {
						"0.0": [-0.75904, 2.42648, -10.00184],
						"0.5": [-0.75904, 2.42648, -10.00184],
						"1.0": [-0.76117, 4.92626, -10.03507],
						"1.5": [-0.76, 4.93, -10.04],
						"2.0": [-0.75787, 2.43022, -10.00682]
					}
				},
				"body": {
					"rotation": [0, 0, 0]
				},
				"head": {
					"rotation": {
						"0.0": [5, 0, 0],
						"0.5": [6.00091, -0.99452, -0.10454],
						"1.0": [7, 0, 0],
						"1.5": [6.00091, 0.99452, 0.10454],
						"2.0": [5, 0, 0]
					}
				},
				"bone": {
					"rotation": {
						"0.0417": [0, 0, 0],
						"0.375": [-0.28, -0.32, -0.17],
						"0.75": [-1.75, -0.97, -0.53],
						"0.9583": [-2.02874, -1.27444, -0.6921],
						"1.0417": [-2.02874, -1.27444, -0.6921],
						"1.25": [-1.72, -0.96, -0.52],
						"1.625": [-0.6, -0.34, -0.18],
						"1.875": [0, 0, 0]
					}
				},
				"bone2": {
					"rotation": {
						"0.0": [0, 0, 0],
						"0.375": [0, 0, 0.43],
						"0.625": [0, 0, 1.67],
						"0.875": [0, 0, 2.38],
						"1.0": [0, 0, 2.5],
						"1.375": [0, 0, 2.28],
						"1.625": [0, 0, 1.47],
						"1.875": [0, 0, 0.33],
						"2.0": [0, 0, 0]
					}
				},
				"bone4": {
					"rotation": {
						"0.0417": [0, 0, 0],
						"0.25": [-0.32, 0, 0],
						"0.625": [-1.77, 0, 0],
						"0.9583": [-2.4, 0, 0],
						"1.0417": [-2.4, 0, 0],
						"1.375": [-2.07, 0, 0],
						"1.75": [-0.42, 0, 0],
						"1.9583": [0, 0, 0]
					}
				},
				"bone5": {
					"rotation": {
						"0.0": [0, 0, 0],
						"0.375": [0, 0, -0.62],
						"0.625": [0, 0, -1.45],
						"0.875": [0, 0, -2.17],
						"1.125": [0, 0, -2.3],
						"1.375": [0, 0, -1.97],
						"1.625": [0, 0, -0.95],
						"1.875": [0, 0, -0.12],
						"2.0": [0, 0, 0]
					}
				}
			}
		},
		"animation.gardevoir.attack": {
			"loop": true,
			"animation_length": 1.125,
			"bones": {
				"waist": {
					"rotation": {
						"0.0": [-1, 0, 0],
						"0.25": [-1.02427, 12.49807, -0.22168],
						"0.375": [-1.04852, 17.49725, -0.31528],
						"0.5833": [-1.22071, -34.99389, 0.70014],
						"1.0": [-1, 0, 0]
					}
				},
				"rightArm": {
					"rotation": {
						"0.0": [0, 10, -75],
						"0.25": [7.15231, 9.5337, -29.24791],
						"0.375": [7.28611, 14.49411, -28.60571],
						"0.6667": [26.1326, -73.81271, -55.66607],
						"0.75": [56.03365, -75.86548, -99.86598],
						"1.0": [0, 10, -75]
					}
				},
				"rightForearm": {
					"rotation": {
						"0.0": [-0.65426, -4.95712, 7.52832],
						"0.25": [-0.66775, 12.54174, 7.32677],
						"0.375": [-0.70573, 22.54102, 7.20123],
						"0.6667": [-0.96398, -47.4534, 8.18201],
						"0.8333": [-1.63854, -63.69821, 8.96683],
						"1.0": [-0.65426, -4.95712, 7.52832]
					}
				},
				"rightSkirt": {
					"rotation": {
						"0.0": [5, 0, 0],
						"0.2917": [-19.14724, -10.36733, 14.67165],
						"0.5833": [28.14831, -0.11836, 13.21375],
						"0.7917": [-43.36158, -10.37621, 28.9864],
						"1.125": [5, 0, 0]
					}
				},
				"rightLeg": {
					"rotation": [0.13122, 4.99828, 1.50573]
				},
				"rightDownLeg": {
					"rotation": [2.5, 0, 0]
				},
				"leftSkirt": {
					"rotation": {
						"0.0": [5, 0, 0],
						"0.25": [15, 0, 0],
						"0.5833": [-14.44, 0, 0],
						"0.7917": [12.35814, 3.28214, -14.64456],
						"1.0833": [5, 0, 0]
					}
				},
				"leftLeg": {
					"rotation": [0.13122, -4.99828, -1.50573]
				},
				"leftDownLeg": {
					"rotation": [2.5, 0, 0]
				},
				"leftArm": {
					"rotation": {
						"0.0": [0, -10, 75],
						"0.25": [4.07361, 20.69955, 54.25045],
						"0.375": [16.57361, 20.69955, 54.25045],
						"0.5833": [15.5566, -5.76603, 46.64318],
						"1.0": [0, -10, 75]
					}
				},
				"leftForearm": {
					"rotation": {
						"0.0": [-0.65426, 4.95712, -7.52832],
						"0.25": [-0.88345, 42.45405, -8.06814],
						"0.375": [-0.96398, 47.4534, -8.18201],
						"0.6667": [-0.66178, 9.95679, -7.58621],
						"1.0": [-0.65426, 4.95712, -7.52832]
					}
				},
				"body": {
					"rotation": {
						"0.0": [0, 0, 0],
						"0.25": [0, 12.5, 0],
						"0.4583": [0, 30, 0],
						"0.6667": [-10.30602, -17.08544, 4.81184],
						"0.7917": [-10.45515, -19.54453, 5.28631],
						"1.0": [0, 0, 0]
					},
					"position": [0, 0, 0]
				}
			}
		},
		"animation.gardevoir.sitting": {
			"loop": true,
			"animation_length": 2,
			"bones": {
				"waist": {
					"rotation": {
						"0.0": [5, 0, 0],
						"2.0": [5, 0, 0]
					},
					"position": {
						"0.0": [0, -12.1, 0],
						"2.0": [0, -12.1, 0]
					}
				},
				"body": {
					"rotation": {
						"0.0": [2.5, 0, 0],
						"1.0": [1.5, 0, 0],
						"2.0": [2.5, 0, 0]
					}
				},
				"rightArm": {
					"rotation": {
						"0.0": [30.04556, -8.07642, -71.00195],
						"1.0": [29.9191, -6.34402, -69.99456],
						"2.0": [30.04556, -8.07642, -71.00195]
					}
				},
				"rightForearm": {
					"rotation": {
						"0.0": [0, -25, 0],
						"2.0": [0, -25, 0]
					}
				},
				"rightSkirt": {
					"rotation": {
						"0.0": [-5, 0, 47.5],
						"2.0": [-5, 0, 47.5]
					}
				},
				"rightLeg": {
					"rotation": {
						"0.0": [-52.83714, -0.80723, 24.80191],
						"2.0": [-52.83714, -0.80723, 24.80191]
					},
					"position": {
						"0.0": [0, -12.4, 0],
						"2.0": [0, -12.4, 0]
					}
				},
				"rightDownLeg": {
					"rotation": {
						"0.0": [142.5, 0, 0],
						"2.0": [142.5, 0, 0]
					},
					"position": {
						"0.0": [0, -1.2, 1.4],
						"2.0": [0, -1.2, 1.4]
					}
				},
				"leftSkirt": {
					"rotation": {
						"0.0": [-5, 0, -47.5],
						"2.0": [-5, 0, -47.5]
					}
				},
				"leftLeg": {
					"rotation": {
						"0.0": [-52.83714, 0.80723, -24.80191],
						"2.0": [-52.83714, 0.80723, -24.80191]
					},
					"position": {
						"0.0": [0, -12.4, 0],
						"2.0": [0, -12.4, 0]
					}
				},
				"leftDownLeg": {
					"rotation": {
						"0.0": [142.5, 0, 0],
						"2.0": [142.5, 0, 0]
					},
					"position": {
						"0.0": [0, -1.2, 1.4],
						"2.0": [0, -1.2, 1.4]
					}
				},
				"leftArm": {
					"rotation": {
						"0.0": [30.04556, 8.07642, 71.00195],