{"format_version":"1.8.0","animations":{"animation.gardevoir.ground_idle":{"loop":true,"animation_length":2,"bones":{"waist":{"rotation":{"0.0":[-1,0,0],"0.375":[-1.15018,0.9998,-0.02007],"0.5417":[-1.46,1.2,-0.01],"0.75":[-1.85,1,0],"1.0":[-2,0,0],"1.375":[-1.85,-1,0],"1.5417":[-1.53,-1.3,0],"1.75":[-1.15,-1,0],"2.0":[-1,0,0]},"position":{"0.0":[0,0,0],"1.0":[0,0.1,0],"2.0":[0,0,0]}},"rightArm":{"rotation":{"0.0":[-0.86244,4.95972,-79.99765],"0.5":[-0.87458,7.46185,-80.038],"1.0":[-0.86588,4.96029,-80.00191],"1.5":[-0.86343,2.46057,-79.96411],"2.0":[-0.86244,4.95972,-79.99765]}},"rightForearm":{"rotation":{"0.0":[-0.65,-4.96,7.53],"0.5":[-0.65,-4.96,7.53],"1.0":[-0.64816,-2.46016,7.50162],"1.5":[-0.64816,-2.46016,7.50162],"2.0":[-0.65,-4.96,7.53]}},"rightSkirt":{"rotation":{"0.0":[5,0,0],"1.0":[5.00474,2.49048,0.21803],"2.0":[5,0,0]}},"rightLeg":{"rotation":[5.9787,27.92748,3.20678],"position":[0.7,0,0]},"rightDownLeg":{"rotation":[4.5,0,0]},"leftSkirt":{"rotation":{"0.0":[5,0,0],"1.0":[5.00474,-2.49048,-0.21803],"2.0":[5,0,0]}},"leftLeg":{"rotation":[-1.08599,3.99915,0.83329],"position":[-0.5,0,0]},"leftDownLeg":{"rotation":[2.5,0,0]},"leftArm":{"rotation":{"0.0":[-1.30355,-4.91489,82.49903],"0.5":[-1.29991,-2.41553,82.44212],"1.0":[-1.30355,-4.91489,82.49903],"1.5":[-1.30971,-7.41424,82.55636],"2.0":[-1.30355,-4.91489,82.49903]}},"leftForearm":{"rotation":{"0.0":[-0.75904,2.42648,-10.00184],"0.5":[-0.75904,2.42648,-10.00184],"1.0":[-0.76117,4.92626,-10.03507],"1.5":[-0.76,4.93,-10.04],"2.0":[-0.75787,2.43022,-10.00682]}},"body":{"rotation":[0,0,0]},"head":{"rotation":{"0.0":[5,0,0],"0.5":[6.00091,-0.99452,-0.10454],"1.0":[7,0,0],"1.5":[6.00091,0.99452,0.10454],"2.0":[5,0,0]}},"bone":{"rotation":{"0.0417":[0,0,0],"0.375":[-0.28,-0.32,-0.17],"0.75":[-1.75,-0.97,-0.53],"0.9583":[-2.02874,-1.27444,-0.6921],"1.0417":[-2.02874,-1.27444,-0.6921],"1.25":[-1.72,-0.96,-0.52],"1.625":[-0.6,-0.34,-0.18],"1.875":[0,0,0]}},"bone2":{"rotation":{"0.0":[0,0,0],"0.375":[0,0,0.43],"0.625":[0,0,1.67],"0.875":[0,0,2.38],"1.0":[0,0,2.5],"1.375":[0,0,2.28],"1.625":[0,0,1.47],"1.875":[0,0,0.33],"2.0":[0,0,0]}},"bone4":{"rotation":{"0.0417":[0,0,0],"0.25":[-0.32,0,0],"0.625":[-1.77,0,0],"0.9583":[-2.4,0,0],"1.0417":[-2.4,0,0],"1.375":[-2.07,0,0],"1.75":[-0.42,0,0],"1.9583":[0,0,0]}},"bone5":{"rotation":{"0.0":[0,0,0],"0.375":[0,0,-0.62],"0.625":[0,0,-1.45],"0.875":[0,0,-2.17],"1.125":[0,0,-2.3],"1.375":[0,0,-1.97],"1.625":[0,0,-0.95],"1.875":[0,0,-0.12],"2.0":[0,0,0]}}}},"animation.gardevoir.air_idle":{"loop":true,"animation_length":2,"bones":{"waist":{"rotation":{"0.0":[-1,0,0],"0.375":[-1.15018,0.9998,-0.02007],"0.5417":[-1.46,1.2,-0.01],"0.75":[-1.85,1,0],"1.0":[-2,0,0],"1.375":[-1.85,-1,0],"1.5417":[-1.53,-1.3,0],"1.75":[-1.15,-1,0],"2.0":[-1,0,0]},"position":{"0.0":[0,0,0],"1.0":[0,0.1,0],"2.0":[0,0,0]}},"rightArm":{"rotation":{"0.0":[-0.86244,4.95972,-79.99765],"0.5":[-0.87458,7.46185,-80.038],"1.0":[-0.86588,4.96029,-80.00191],"1.5":[-0.86343,2.46057,-79.96411],"2.0":[-0.86244,4.95972,-79.99765]}},"rightForearm":{"rotation":{"0.0":[-0.65,-4.96,7.53],"0.5":[-0.65,-4.96,7.53],"1.0":[-0.64816,-2.46016,7.50162],"1.5":[-0.64816,-2.46016,7.50162],"2.0":[-0.65,-4.96,7.53]}},"rightSkirt":{"rotation":{"0.0":[5,0,0],"1.0":[5.00474,2.49048,0.21803],"2.0":[5,0,0]}},"rightLeg":{"rotation":[5.9787,27.92748,3.20678],"position":[0.7,0,0]},"rightDownLeg":{"rotation":[4.5,0,0]},"leftSkirt":{"rotation":{"0.0":[5,0,0],"1.0":[5.00474,-2.49048,-0.21803],"2.0":[5,0,0]}},"leftLeg":{"rotation":[-1.08599,3.99915,0.83329],"position":[-0.5,0,0]},"leftDownLeg":{"rotation":[2.5,0,0]},"leftArm":{"rotation":{"0.0":[-1.30355,-4.91489,82.49903],"0.5":[-1.29991,-2.41553,82.44212],"1.0":[-1.30355,-4.91489,82.49903],"1.5":[-1.30971,-7.41424,82.55636],"2.0":[-1.30355,-4.91489,82.49903]}},"leftForearm":{"rotation":{"0.0":[-0.75904,2.42648,-10.00184],"0.5":[-0.75904,2.42648,-10.00184],"1.0":[-0.76117,4.92626,-10.03507],"1.5":[-0.76,4.93,-10.04],"2.0":[-0.75787,2.43022,-10.00682]}},"body":{"rotation":[0,0,0]},"head":{"rotation":{"0.0":[5,0,0],"0.5":[6.00091,-0.99452,-0.10454],"1.0":[7,0,0],"1.5":[6.00091,0.99452,0.10454],"2.0":[5,0,0]}},"bone":{"rotation":{"0.0417":[0,0,0],"0.375":[-0.28,-0.32,-0.17],"0.75":[-1.75,-0.97,-0.53],"0.9583":[-2.02874,-1.27444,-0.6921],"1.0417":[-2.02874,-1.27444,-0.6921],"1.25":[-1.72,-0.96,-0.52],"1.625":[-0.6,-0.34,-0.18],"1.875":[0,0,0]}},"bone2":{"rotation":{"0.0":[0,0,0],"0.375":[0,0,0.43],"0.625":[0,0,1.67],"0.875":[0,0,2.38],"1.0":[0,0,2.5],"1.375":[0,0,2.28],"1.625":[0,0,1.47],"1.875":[0,0,0.33],"2.0":[0,0,0]}},"bone4":{"rotation":{"0.0417":[0,0,0],"0.25":[-0.32,0,0],"0.625":[-1.77,0,0],"0.9583":[-2.4,0,0],"1.0417":[-2.4,0,0],"1.375":[-2.07,0,0],"1.75":[-0.42,0,0],"1.9583":[0,0,0]}},"bone5":{"rotation":{"0.0":[0,0,0],"0.375":[0,0,-0.62],"0.625":[0,0,-1.45],"0.875":[0,0,-2.17],"1.125":[0,0,-2.3],"1.375":[0,0,-1.97],"1.625":[0,0,-0.95],"1.875":[0,0,-0.12],"2.0":[0,0,0]}},"root":{"position":[0,2,0]}}},"animation.gardevoir.flying":{"loop":true,"animation_length":2,"bones":{"root":{"rotation":[7.5,0,0],"position":{"0.125":[0,1,1],"0.5":[0,1.09,1],"0.75":[0,1.37,1],"0.875":[0,1.4,1],"1.125":[0,1.4,1],"1.5":[0,1.27,1],"1.75":[0,1.04,1],"1.875":[0,1,1]}},"body":{"rotation":{"0.0":[-2.5,0,0],"1.0":[-3.5,0,0],"2.0":[-2.5,0,0]}},"head":{"rotation":{"0.0":[2.5,0,0],"1.0":[3.5,0,0],"2.0":[2.5,0,0]}},"rightArm":{"rotation":{"0.0":[-23.20509,16.52895,-79.9092],"1.0":[-23.32576,17.44764,-80.32221],"2.0":[-23.20509,16.52895,-79.9092]}},"rightForearm":{"rotation":[0,7.5,5]},"leftArm":{"rotation":{"0.0":[-23.62346,-19.77629,81.17121],"1.0":[-23.77161,-20.69198,81.59955],"2.0":[-23.62346,-19.77629,81.17121]}},"leftForearm":{"rotation":[0,-7.5,-5]},"bone":{"rotation":{"0.0417":[0,0,0],"0.375":[0.37,-0.8,0.74],"0.75":[1.86,-2.04,1.87],"0.9167":[2.40021,-2.60664,2.3886],"1.0833":[2.50021,-2.60664,2.3886],"1.25":[2.12,-2,1.84],"1.5":[0.87,-0.8,0.74],"1.75":[0.2,0,0],"2.0":[0,0,0]}},"bone2":{"rotation":{"0.0":[2.5,0,5],"0.25":[2.5,-0.08,5.47],"0.5":[2.5,-0.15,7.44],"0.75":[2.4905,-0.21782,8.19527],"1.0":[2.49,-0.17,7.7],"1.25":[2.49,-0.13,6.62],"1.5":[2.49,-0.09,5.36],"1.75":[2.5,-0.05,4.7],"2.0":[2.5,0,5]}},"bone3":{"rotation":{"0.0":[0,5,0],"0.25":[0.35,5.68,0.75],"0.625":[2.2,6.69,1.86],"0.875":[2.6381,7.38091,2.62843],"1.125":[2.23,6.79,1.97],"1.375":[1.51,6.05,1.16],"1.75":[0.26,5.53,0.58],"2.0":[0,5,0]}},"bone4":{"rotation":{"0.0":[0,0,0],"0.125":[-0.2,0,0],"0.3333":[-0.07,0.87,-0.8],"0.625":[1.30021,2.60664,-2.3886],"0.875":[2.20021,2.60664,-2.3886],"1.0833":[2.60021,2.60664,-2.3886],"1.375":[1.93,1.83,-1.68],"1.625":[1.13,0.87,-0.8],"1.875":[0.2,0,0],"2.0":[0,0,0]}},"bone5":{"rotation":{"0.0":[2.5,0,-3.9],"0.25":[2.5,0,-4.6],"0.625":[2.49,0.16,-6.95],"1.0":[2.47864,0.32621,-7.49294],"1.375":[2.49,0.16,-6.54],"1.75":[2.5,0,-4.4],"2.0":[2.5,0,-3.9]}},"bone6":{"rotation":{"0.0":[-0.8,-5,0],"0.25":[-0.2,-5,0],"0.75":[2.75,-6.61,-1.78],"1.0":[3.5381,-7.38091,-2.62843],"1.375":[2.33,-6.79,-1.97],"1.75":[-0.46,-5.61,-0.67],"2.0":[-0.8,-5,0]}},"rightLeg":{"rotation":[17.61563,7.29511,1.73892],"position":[0.2,0,0]},"rightDownLeg":{"rotation":[7.5,0,0]},"leftLeg":{"rotation":[20.2512,-9.58952,-2.82361],"position":[-0.3,0,0]},"leftDownLeg":{"rotation":[10,0,0]}}},"animation.gardevoir.sleeping":{"loop":true,"animation_length":3,"bones":{"root":{"rotation":[-2.5,0,0],"position":[0,-16,1]},"waist":{"rotation":[5.10827,2.2701,2.71045],"position":[0,-0.9,0]},"body":{"rotation":{"0.0":[15,0,0],"1.5":[15,0,0],"2.5":[15,0,0]},"position":{"0.0":[0,0,0],"1.0":[0,0.1,0],"1.5":[0,0.1,0],"2.5":[0,0,0]}},"head":{"rotation":[22.35834,-2.35278,7.12174]},"eyelids":{"position":[0,0,-1]},"rightArm":{"rotation":{"0.0":[81.55764,-27.24513,-86.11286],"1.0":[81.63133,-26.25587,-86.27656],"1.5":[81.63,-26.26,-86.28],"2.5":[81.55764,-27.24513,-86.11286]}},"rightForearm":{"rotation":[0,-27.5,32.5]},"leftArm":{"rotation":{"0.0":[81.35612,29.7174,85.69037],"1.0":[81.43979,28.72865,85.86176],"1.5":[81.44,28.73,85.86],