{
	"format_version": "1.8.0",
	"animations": {
		"animation.golduck.chill": {
			"loop": true,
			"animation_length": 2,
			"bones": {
				"hand2": {
					"rotation": {
						"0.0": [0, 0, 0],
						"1.0": [0, 0, -2.5],
						"2.0": [0, 0, 0]
					},
					"position": {
						"0.0": [0, -1, 0],
						"1.0": [0, -1, 0],
						"2.0": [0, -1, 0]
					},
					"scale": {
						"0.0": [1, 1, 1],
						"1.0": [1, 1, 1],
						"2.0": [1, 1, 1]
					}
				},
				"hand1": {
					"rotation": {
						"0.0": [0, 0, 0],
						"1.0": [0, 0, 2.5],
						"2.0": [0, 0, 0]
					},
					"position": {
						"0.0": [0, -1, 0],
						"1.0": [0, -1, 0],
						"2.0": [0, -1, 0]
					},
					"scale": {
						"0.0": [1, 1, 1],
						"1.0": [1, 1, 1],
						"2.0": [1, 1, 1]
					}
				},
				"legR": {
					"rotation": {
						"0.0": [0, 0, 0],
						"1.0": [0, 0, 0.5],
						"2.0": [0, 0, 0]
					},
					"position": {
						"0.0": [0, 0, 0],
						"1.0": [0, 0, 0],
						"2.0": [0, 0, 0]
					},
					"scale": {
						"0.0": [1, 1, 1],
						"1.0": [1, 1, 1],
						"2.0": [1, 1, 1]
					}
				},
				"legR2": {
					"rotation": {
						"0.0": [0, 0, 0],
						"1.0": [0, 0, -0.5],
						"2.0": [0, 0, 0]
					},
					"position": {
						"0.0": [0, 0, 0],
						"1.0": [0, 0, 0],
						"2.0": [0, 0, 0]
					},
					"scale": {
						"0.0": [1, 1, 1],
						"1.0": [1, 1, 1],
						"2.0": [1, 1, 1]
					}
				},
				"body": {
					"rotation": {
						"0.0": [0, 0, 0],
						"1.0": [0, 0, 0],
						"2.0": [0, 0, 0]
					},
					"position": {
						"0.0": [0, 0, 0],
						"1.0": [0, -0.2, 0],
						"2.0": [0, 0, 0]
					},
					"scale": {
						"0.0": [1, 1, 1],
						"1.0": [1, 1, 1],
						"2.0": [1, 1, 1]
					}
				},
				"tail": {
					"rotation": {
						"0.0": [0, 0, 0],
						"1.0": [-5, 0, 0],
						"2.0": [0, 0, 0]
					},
					"position": {
						"0.0": [0, 0, 0],
						"1.0": [0, 0, 0],
						"2.0": [0, 0, 0]
					},
					"scale": {
						"0.0": [1, 1, 1],
						"1.0": [1, 1, 1],
						"2.0": [1, 1, 1]
					}
				}
			}
		},
		"animation.golduck.walk": {
			"loop": true,
			"animation_length": 1,
			"bones": {
				"legR": {
					"rotation": {
						"0.0": [17.75313, 9.53274, 3.03513],
						"0.25": [-17.75313, 9.53274, -3.03513],
						"0.5": [17.75313, 9.53274, 3.03513],
						"0.75": [-17.75313, 9.53274, -3.03513],
						"1.0": [17.75313, 9.53274, 3.03513]
					},
					"position": {
						"0.0": [0, 0.5, 0],
						"0.125": [0, 1, 0],
						"0.25": [0, 0, 0],
						"0.5": [0, 0.5, 0],
						"0.625": [0, 1, 0],
						"0.75": [0, 0, 0],
						"1.0": [0, 0.5, 0]
					},
					"scale": {
						"0.0": [1, 1, 1],
						"0.25": [1, 1, 1],
						"0.5": [1, 1, 1],
						"0.75": [1, 1, 1],
						"1.0": [1, 1, 1]
					}
				},
				"bone": {
					"rotation": {
						"0.0": [-5, 0, 0],
						"0.25": [12.5, 0, 0],
						"0.5": [-5, 0, 0],
						"0.75": [12.5, 0, 0],
						"1.0": [-5, 0, 0]
					},
					"position": {
						"0.0": [0, -0.1, 0],
						"0.25": [0, 0.3, 0],
						"0.5": [0, -0.1, 0],
						"0.75": [0, 0.3, 0],
						"1.0": [0, -0.1, 0]
					}
				},
				"bone4": {
					"rotation": {
						"0.0": [-5, 0, 0],
						"0.25": [10, 0, 0],
						"0.5": [-5, 0, 0],
						"0.75": [10, 0, 0],
						"1.0": [-5, 0, 0]
					},
					"position": {
						"0.25": [0, 0.3, 0],
						"0.75": [0, 0.3, 0]
					}
				},
				"bone16": {
					"rotation": {
						"0.0": [0, 0, 0],
						"0.25": [0, 0, 0],
						"0.5": [0, 0, 0],
						"0.75": [0, 0, 0],
						"1.0": [0, 0, 0]
					},
					"position": {
						"0.0": [0, -1, 0],
						"0.25": [0, 0, 0],
						"0.5": [0, -1, 0],
						"0.75": [0, 0, 0],
						"1.0": [0, -1, 0]
					},
					"scale": {
						"0.0": [1, 1, 1],
						"0.25": [1, 1, 1],
						"0.5": [1, 1, 1],
						"0.75": [1, 1, 1],
						"1.0": [1, 1, 1]
					}
				},
				"legR2": {
					"rotation": {
						"0.0": [-17.75313, -9.53274, 3.03513],
						"0.25": [17.75313, -9.53274, -3.03513],
						"0.5": [-17.75313, -9.53274, 3.03513],
						"0.75": [17.75313, -9.53274, -3.03513],
						"1.0": [-17.75313, -9.53274, 3.03513]
					},
					"position": {
						"0.0": [0, 0, 0],
						"0.25": [0, 0, 0],
						"0.375": [0, 1, 0],
						"0.5": [0, 0, 0],
						"0.75": [0, 0, 0],
						"0.875": [0, 1, 0],
						"1.0": [0, 0, 0]
					},
					"scale": {
						"0.0": [1, 1, 1],
						"0.25": [1, 1, 1],
						"0.5": [1, 1, 1],
						"0.75": [1, 1, 1],
						"1.0": [1, 1, 1]
					}
				},
				"bone10": {
					"rotation": {
						"0.0": [12.5, 0, 0],
						"0.25": [-5, 0, 0],
						"0.5": [12.5, 0, 0],
						"0.75": [-5, 0, 0],
						"1.0": [12.5, 0, 0]
					},
					"position": {
						"0.0": [0, 0.3, 0],
						"0.25": [0, -0.1, 0],
						"0.5": [0, 0.3, 0],
						"0.75": [0, -0.1, 0],
						"1.0": [0, 0.3, 0]
					}
				},
				"bone11": {
					"rotation": {
						"0.0": [10, 0, 0],
						"0.25": [-5, 0, 0],
						"0.5": [10, 0, 0],
						"0.75": [-5, 0, 0],
						"1.0": [10, 0, 0]
					},
					"position": {
						"0.0": [0, 0.3, 0],
						"0.5": [0, 0.3, 0],
						"1.0": [0, 0.3, 0]
					}
				},
				"hand2": {
					"rotation": {
						"0.0": [15, 0, 0],
						"0.25": [-12.5, 0, 0],
						"0.5": [15, 0, 0],
						"0.75": [-12.5, 0, 0],
						"1.0": [15, 0, 0]
					},
					"position": {
						"0.0": [0, 0, 0],
						"0.25": [0, 0, 0],
						"0.5": [0, 0, 0],
						"0.75": [0, 0, 0],
						"1.0": [0, 0, 0]
					},
					"scale": {
						"0.0": [1, 1, 1],
						"0.25": [1, 1, 1],
						"0.5": [1, 1, 1],
						"0.75": [1, 1, 1],
						"1.0": [1, 1, 1]
					}
				},
				"hand1": {
					"rotation": {
						"0.0": [-12.5, 0, 0],
						"0.25": [15, 0, 0],
						"0.5": [-12.5, 0, 0],
						"0.75": [15, 0, 0],
						"1.0": [-12.5, 0, 0]
					},
					"position": {
						"0.0": [0, 0, 0],
						"0.25": [0, 0, 0],
						"0.5": [0, 0, 0],
						"0.75": [0, 0, 0],
						"1.0": [0, 0, 0]
					},
					"scale": {
						"0.0": [1, 1, 1],
						"0.25": [1, 1, 1],
						"0.5": [1, 1, 1],
						"0.75": [1, 1, 1],
						"1.0": [1, 1, 1]
					}
				},
				"body": {
					"rotation": {
						"0.0": [2.5, 0, 0],
						"0.25": [0, 0, 0],
						"0.5": [2.5, 0, 0],
						"0.75": [0, 0, 0],
						"1.0": [2.5, 0, 0]
					}
				},
				"tail": {
					"rotation": {
						"0.0": [-10, 0, 0],
						"0.25": [0, 0, 0],
						"0.5": [-10, 0, 0],
						"0.75": [0, 0, 0],
						"1.0": [-10, 0, 0]
					},
					"position": {
						"0.0": [0, 0, 0],
						"0.25": [0, 0, 0],
						"0.5": [0, 0, 0],
						"0.75": [0, 0, 0],
						"1.0": [0, 0, 0]
					},
					"scale": {
						"0.0": [1, 1, 1],
						"0.25": [1, 1, 1],
						"0.5": [1, 1, 1],
						"0.75": [1, 1, 1],
						"1.0": [1, 1, 1]
					}
				},
				"neck": {
					"rotation": {
						"0.0": [-2.5, 0, 0],
						"0.25": [0, 0, 0],
						"0.5": [-2.5, 0, 0],
						"0.75": [0, 0, 0],
						"1.0": [-2.5, 0, 0]
					}
				}
			}
		},
		"animation.golduck.sitting": {
			"loop": true,
			"animation_length": 1,
			"bones": {
				"tail": {
					"rotation": {
						"0.0": [0, 0, 0],
						"0.25": [0, 5, 0],
						"0.5": [0, 0, 0],
						"0.75": [0, -5, 0],
						"1.0": [0, 0, 0]
					}
				},
				"all": {
					"position": [0, -14, 0],
					"scale": {
						"0.0": [1, 1, 1],
						"0.5": [1, 1.02, 1],
						"1.0": [1, 1, 1]
					}
				},
				"leftarm": {
					"rotation": [45, -45, 0]
				},
				"rightarm": {
					"rotation": [45, 45, 0]
				},
				"leftleg": {
					"rotation": [-90, 0, 0]
				},
				"rightleg": {
					"rotation": [-90, 0, 0]
				}
			}
		}
	}
}