{
	"format_version": "1.8.0",
	"animations": {
		"animation.groudon.celebrating": {
			"animation_length": 2.08333,
			"bones": {
				"head": {
					"rotation": {
						"0.0": [0, 0, 0],
						"1.0": [-10, 0, 0],
						"2.0833": [0, 0, 0]
					}
				},
				"jaw": {
					"rotation": {
						"0.5": [0, 0, 0],
						"1.0": [12.5, 0, 0],
						"2.0833": [0, 0, 0]
					}
				},
				"hand": {
					"rotation": {
						"0.0": [0, 0, 0],
						"0.5": [-20, 40, 42.5],
						"1.0": [30, 87.5, 42.5],
						"2.0833": [0, 0, 0]
					}
				},
				"bone9": {
					"rotation": {
						"0.0": [0, 0, 0],
						"0.5": [-22.5, 0, 0],
						"2.0833": [0, 0, 0]
					}
				},
				"bone10": {
					"rotation": {
						"0.0": [0, 0, 0],
						"0.5": [-35, 0, 0],
						"1.0": [-12.5, 0, 0],
						"2.0833": [0, 0, 0]
					}
				},
				"body": {
					"rotation": {
						"0.0": [0, 0, 0],
						"0.5": [20, 0, 0],
						"1.0": [0, 0, 0]
					}
				},
				"body2": {
					"rotation": {
						"0.0": [0, 0, 0],
						"0.5": [2.5, 0, 0],
						"1.0": [-15, 0, 0],
						"2.0833": [0, 0, 0]
					}
				},
				"body3": {
					"rotation": {
						"0.0": [0, 0, 0],
						"1.0": [-12.5, 0, 0],
						"2.0833": [0, 0, 0]
					}
				},
				"neck": {
					"rotation": {
						"0.0": [0, 0, 0],
						"0.5": [7.5, 0, 0],
						"1.0": [-12.5, 0, 0],
						"2.0833": [0, 0, 0]
					}
				},
				"hand2": {
					"rotation": {
						"0.0": [0, 0, 0],
						"0.5": [-20, -37.5, -40],
						"1.0": [60, -87.5, -60],
						"2.0833": [0, 0, 0]
					}
				},
				"bone11": {
					"rotation": {
						"0.0": [0, 0, 0],
						"0.5": [-32.5, 0, 0],
						"2.0833": [0, 0, 0]
					}
				},
				"bone12": {
					"rotation": {
						"0.0": [0, 0, 0],
						"0.5": [-22.5, 0, 0],
						"1.0": [-2.5, 0, 0],
						"2.0833": [0, 0, 0]
					}
				},
				"leg2": {
					"rotation": {
						"0.0": [0, 0, 0],
						"0.25": [-63.8, 0, 0],
						"0.5": [-30, 0, 0],
						"2.0833": [0, 0, 0]
					}
				},
				"bone17": {
					"rotation": {
						"0.0": [0, 0, 0],
						"0.25": [20.15, 0, 0],
						"0.5": [27.5, 0, 0],
						"2.0833": [0, 0, 0]
					}
				}
			}
		},
		"animation.groudon.casting": {
			"animation_length": 2.08333,
			"bones": {
				"head": {
					"rotation": {
						"0.0": [0, 0, 0],
						"1.0": [-10, 0, 0],
						"2.0833": [0, 0, 0]
					}
				},
				"jaw": {
					"rotation": {
						"0.5": [0, 0, 0],
						"1.0": [12.5, 0, 0],
						"2.0833": [0, 0, 0]
					}
				},
				"hand": {
					"rotation": {
						"0.0": [0, 0, 0],
						"0.5": [-20, 40, 42.5],
						"1.0": [30, 87.5, 42.5],
						"2.0833": [0, 0, 0]
					}
				},
				"bone9": {
					"rotation": {
						"0.0": [0, 0, 0],
						"0.5": [-22.5, 0, 0],
						"2.0833": [0, 0, 0]
					}
				},
				"bone10": {
					"rotation": {
						"0.0": [0, 0, 0],
						"0.5": [-35, 0, 0],
						"1.0": [-12.5, 0, 0],
						"2.0833": [0, 0, 0]
					}
				},
				"body": {
					"rotation": {
						"0.0": [0, 0, 0],
						"0.5": [20, 0, 0],
						"1.0": [0, 0, 0]
					}
				},
				"body2": {
					"rotation": {
						"0.0": [0, 0, 0],
						"0.5": [2.5, 0, 0],
						"1.0": [-15, 0, 0],
						"2.0833": [0, 0, 0]
					}
				},
				"body3": {
					"rotation": {
						"0.0": [0, 0, 0],
						"1.0": [-12.5, 0, 0],
						"2.0833": [0, 0, 0]
					}
				},
				"neck": {
					"rotation": {
						"0.0": [0, 0, 0],
						"0.5": [7.5, 0, 0],
						"1.0": [-12.5, 0, 0],
						"2.0833": [0, 0, 0]
					}
				},
				"hand2": {
					"rotation": {
						"0.0": [0, 0, 0],
						"0.5": [-20, -37.5, -40],
						"1.0": [60, -87.5, -60],
						"2.0833": [0, 0, 0]
					}
				},
				"bone11": {
					"rotation": {
						"0.0": [0, 0, 0],
						"0.5": [-32.5, 0, 0],
						"2.0833": [0, 0, 0]
					}
				},
				"bone12": {
					"rotation": {
						"0.0": [0, 0, 0],
						"0.5": [-22.5, 0, 0],
						"1.0": [-2.5, 0, 0],
						"2.0833": [0, 0, 0]
					}
				},
				"leg2": {
					"rotation": {
						"0.0": [0, 0, 0],
						"0.25": [-63.8, 0, 0],
						"0.5": [-30, 0, 0],
						"2.0833": [0, 0, 0]
					}
				},
				"bone17": {
					"rotation": {
						"0.0": [0, 0, 0],
						"0.25": [20.15, 0, 0],
						"0.5": [27.5, 0, 0],
						"2.0833": [0, 0, 0]
					}
				}
			}
		},
		"animation.groudon.chill": {
			"loop": true,
			"animation_length": 2,
			"bones": {
				"body": {
					"rotation": {
						"0.0": [5, 0, 0],
						"1.0": [0, 0, 0],
						"2.0": [5, 0, 0]
					}
				},
				"body2": {
					"rotation": {
						"0.0": [-2.5, 0, 0],
						"1.0": [0, 0, 0],
						"2.0": [-2.5, 0, 0]
					}
				},
				"body3": {
					"rotation": [0, 0, 0]
				},
				"hand": {
					"rotation": {
						"0.0": [0, 0, 0],
						"1.0": [0, -10, 0],
						"2.0": [0, 0, 0]
					}
				},
				"hand2": {
					"rotation": {
						"0.0": [0, 0, 0],
						"1.0": [0, 10, 0],
						"2.0": [0, 0, 0]
					}
				},
				"tail": {
					"rotation": {
						"0.0": [-2.5, 0, 0],
						"1.0": [0, 0, 0],
						"2.0": [-2.5, 0, 0]
					}
				}
			}
		},
		"animation.groudon.walk": {
			"loop": true,
			"animation_length": 2.04167,
			"bones": {
				"body": {
					"rotation": {
						"0.0": [0, 20, 5],
						"1.0": [0, -20, -5],
						"2.0417": [0, 20, 5]
					}
				},
				"body2": {
					"rotation": {
						"0.0": [0, -10, 0],
						"1.0": [0, 10, 0],
						"2.0417": [0, -10, 0]
					}
				},
				"body3": {
					"rotation": {
						"0.0": [0, -10, 0],
						"1.0": [0, 12.5, 0],
						"2.0417": [0, -10, 0]
					}
				},
				"hand": {
					"rotation": {
						"0.0": [0, 0, 0],
						"1.0": [-15, 30, 15],
						"2.0417": [0, 0, 0]
					}
				},
				"hand2": {
					"rotation": {
						"0.0": [-15, -30, -15],
						"1.0": [0, 0, 0],
						"2.0417": [-15, -30, -15]
					}
				},
				"leg": {
					"rotation": {
						"0.0": [20, 0, 0],
						"1.0": [-70, 0, 0],
						"1.5": [-37.5, 0, 0],
						"2.0417": [20, 0, 0]
					},
					"position": {
						"0.0": [0, -1, 0],
						"1.0": [0, 0, 0],
						"2.0417": [0, -1, 0]
					}
				},
				"bone7": {
					"rotation": {
						"0.0": [-20, 0, 0],
						"1.0": [20, 0, 0],
						"1.5": [37.5, 0, 0],
						"2.0417": [-20, 0, 0]
					}
				},
				"leg2": {
					"rotation": {
						"0.0": [-70, 0, 0],
						"0.5": [-37.5, 0, 0],
						"1.0": [20, 0, 0],
						"2.0417": [-70, 0, 0]
					},
					"position": {
						"0.0": [0, 0, 0],
						"1.0": [0, -1, 0],
						"2.0417": [0, 0, 0]
					}
				},
				"bone17": {
					"rotation": {
						"0.0": [20, 0, 0],
						"0.5": [37.5, 0, 0],
						"1.0": [-20, 0, 0],
						"2.0417": [20, 0, 0]
					}
				}
			}
		}
	}
}