{
	"format_version": "1.8.0",
	"animations": {
		"animation.hoothoot.sitting": {
			"loop": true,
			"animation_length": 1,
			"bones": {
				"Body": {
					"position": [0, -5, 0]
				},
				"Wing1": {
					"position": [0, -6, 0]
				},
				"wing2": {
					"position": [0, -6, 0]
				}
			}
		},
		"animation.hoothoot.walk": {
			"loop": true,
			"animation_length": 1,
			"bones": {
				"Wing1": {
					"rotation": {
						"0.0": [0, 0, 40],
						"0.24": [0, 0, -20],
						"0.52": [0, 0, 40],
						"0.76": [0, 0, -20],
						"1.0": [0, 0, 40]
					}
				},
				"wing2": {
					"rotation": {
						"0.0": [0, 0, -40],
						"0.24": [0, 0, 20],
						"0.52": [0, 0, -40],
						"0.76": [0, 0, 20],
						"1.0": [0, 0, -40]
					}
				},
				"Foot": {
					"position": [0, 4, 0]
				}
			}
		},
		"animation.hoothoot.fly": {
			"loop": true,
			"animation_length": 0.75,
			"bones": {
				"Body": {
					"rotation": {
						"0.0": [15, 0, 0],
						"0.1667": [4.17, 0, 0],
						"0.375": [15, 0, 0],
						"0.5833": [20, 0, 0],
						"0.75": [15, 0, 0]
					},
					"position": {
						"0.0": [0, 1, 0],
						"0.1667": [0, 2, 0],
						"0.375": [0, 1, 0],
						"0.5833": [0, 0, 0],
						"0.75": [0, 1, 0]
					}
				},
				"Tell": {
					"rotation": {
						"0.0": [-10, 0, 0],
						"0.1667": [-40, 0, 0],
						"0.375": [-10, 0, 0],
						"0.5833": [2.5, 0, 0],
						"0.75": [-10, 0, 0]
					},
					"position": {
						"0.0": [0, 0, 0],
						"0.375": [0, 0, 0],
						"0.75": [0, 0, 0]
					}
				},
				"Wing1": {
					"rotation": {
						"0.0": [-12.05837, -2.78858, 2.08265],
						"0.1667": [-11.21417, -10.90559, -16.29333],
						"0.375": [-12.05837, -2.78858, 2.08265],
						"0.5833": [-12.21168, 2.00024, 24.07408],
						"0.75": [-12.05837, -2.78858, 2.08265]
					},
					"position": {
						"0.0": [0, 0, 0],
						"0.375": [0, 0, 0],
						"0.75": [0, 0, 0]
					}
				},
				"Leg": {
					"rotation": {
						"0.0": [17.5, 0, 0],
						"0.1667": [5, 0, 0],
						"0.375": [17.5, 0, 0],
						"0.5833": [32.5, 0, 0],
						"0.75": [17.5, 0, 0]
					},
					"position": {
						"0.0": [0, 0, 0],
						"0.375": [0, 0, 0],
						"0.75": [0, 0, 0]
					}
				},
				"Wing2": {
					"rotation": {
						"0.0": [-12.5, 0, 0],
						"0.1667": [-11.76782, 4.2453, 19.5623],
						"0.375": [-12.5, 0, 0],
						"0.5833": [-11.76782, -4.2453, -19.5623],
						"0.75": [-12.5, 0, 0]
					},
					"position": {
						"0.0": [0, 0, 0],
						"0.375": [0, 0, 0],
						"0.75": [0, 0, 0]
					}
				}
			}
		},
		"animation.hoothoot.chill": {
			"loop": true,
			"animation_length": 0.75,
			"bones": {
				"Body": {
					"rotation": {
						"0.0": [0, 0, 0],
						"0.375": [0, 0, 0],
						"0.75": [0, 0, 0]
					}
				},
				"Tell": {
					"rotation": {
						"0.0": [-45, 0, 0],
						"0.375": [-27.5, 0, 0],
						"0.75": [-45, 0, 0]
					}
				},
				"Wing1": {
					"rotation": {
						"0.0": [0, 0, -80],
						"0.375": [0, 0, -61.67],
						"0.75": [0, 0, -80]
					}
				},
				"Leg": {
					"rotation": {
						"0.0": [0, 0, 0],
						"0.375": [0, 0, 0],
						"0.75": [0, 0, 0]
					}
				},
				"Wing2": {
					"rotation": {
						"0.0": [0, 0, 82.5],
						"0.375": [0, 0, 72.22],
						"0.75": [0, 0, 82.5]
					}
				}
			}
		}
	}
}