{
	"format_version": "1.8.0",
	"animations": {
		"animation.inteleon.idle": {
			"loop": true,
			"bones": {
				"waist": {
					"rotation": ["5+0.8*math.cos(q.anim_time*100)", 0, 0],
					"position": [0, "-0.3-0.2*math.cos(q.anim_time*100)", 0]
				},
				"body": {
					"rotation": [-5, 0, 0]
				},
				"rightLeg": {
					"rotation": [-13.98192, 24.10353, -18.06]
				},
				"rightFoot": {
					"rotation": [11.61028, -27.58842, 15.62279]
				},
				"rightArm": {
					"rotation": [-16.76563, -72.03614, 32.94581]
				},
				"leftLeg": {
					"rotation": [2.27914, -5.10425, 2.50757]
				},
				"leftFoot": {
					"rotation": [-2.5, 0, 0]
				},
				"rightDownLeg": {
					"rotation": [40, 0, 0]
				},
				"leftArm": {
					"rotation": [0, 0, -2.5]
				},
				"rightDownArm": {
					"rotation": [-132.63716, -35.07167, 35.67592]
				},
				"leftDownArm": {
					"rotation": ["-122.5-0.8*math.cos(q.anim_time*100)", "-0.8*math.cos(q.anim_time*100)", 0],
					"position": [-0.3, 0, -0.9]
				}
			}
		},
		"animation.inteleon.attack": {
			"loop": true,
			"animation_length": 1,
			"bones": {
				"waist": {
					"rotation": ["5+0.8*math.cos(q.anim_time*100)", 0, 0],
					"position": [0, "-0.3-0.2*math.cos(q.anim_time*100)", 0]
				},
				"body": {
					"rotation": {
						"0.0": [-5, 0, 0],
						"0.375": [-10.07673, 9.96156, -0.88045],
						"0.6667": [1.78603, -22.03296, 4.94028],
						"1.0": [-5, 0, 0]
					}
				},
				"rightLeg": {
					"rotation": [-13.98192, 24.10353, -18.06]
				},
				"rightFoot": {
					"rotation": [11.61028, -27.58842, 15.62279]
				},
				"rightArm": {
					"rotation": {
						"0.0": [-16.76563, -72.03614, 32.94581],
						"0.1667": [-106.39405, 18.14829, -16.61672],
						"0.2917": [-188.17888, 71.00286, -102.89511],
						"0.375": [-235.45517, 64.76514, -152.12086],
						"0.5833": [-64.39818, 44.18837, 9.10288],
						"0.75": [-72.46939, -20.62283, 1.34708],
						"1.0": [-16.76563, -72.03614, 32.94581]
					}
				},
				"leftLeg": {
					"rotation": [2.27914, -5.10425, 2.50757]
				},
				"leftFoot": {
					"rotation": [-2.5, 0, 0]
				},
				"rightDownLeg": {
					"rotation": [40, 0, 0]
				},
				"leftArm": {
					"rotation": {
						"0.0": [0, 0, -2.5],
						"0.375": [-24.51958, 61.51624, -40.02281],
						"0.75": [69.10904, 26.46009, -11.29694],
						"1.0": [0, 0, -2.5]
					}
				},
				"rightDownArm": {
					"rotation": {
						"0.0": [-132.63716, -35.07167, 35.67592],
						"0.0833": [-86.18074, -32.61954, 32.1928],
						"0.1667": [-52.58146, -30.1674, 28.70969],
						"0.375": [-47.33326, -24.03708, 20.00189],
						"0.75": [-13.00681, -19.04617, 11.23914],
						"1.0": [-132.63716, -35.07167, 35.67592]
					}
				},
				"leftDownArm": {
					"rotation": ["-122.5-0.8*math.cos(q.anim_time*100)", "-0.8*math.cos(q.anim_time*100)", 0],
					"position": [-0.3, 0, -0.9]
				}
			}
		},
		"animation.inteleon.sitting": {
			"loop": true,
			"animation_length": 2,
			"bones": {
				"waist": {
					"rotation": {
						"0.0": [12.5, 0, 0],
						"1.0": {
							"pre": [13.5, 0, 0],
							"post": [13.5, 0, 0],
							"lerp_mode": "catmullrom"
						},
						"2.0": {
							"post": [12.5, 0, 0],
							"lerp_mode": "catmullrom"
						}
					},
					"position": {
						"0.0": [0, -6, 0],
						"1.0": {
							"pre": [0, -5.8, 0],
							"post": [0, -5.8, 0],
							"lerp_mode": "catmullrom"
						},
						"2.0": {
							"post": [0, -6, 0],
							"lerp_mode": "catmullrom"
						}
					}
				},
				"rightLeg": {
					"rotation": [-48.46473, 15.93024, 0.95197],
					"position": [0, -5.2, 0]
				},
				"rightFoot": {
					"rotation": [-27.5, 0, 0]
				},
				"rightArm": {
					"rotation": [18.99714, -61.61301, 5.02899]
				},
				"leftLeg": {
					"rotation": [24.28082, -13.99545, -14.43276],
					"position": [0, -4.5, 0]
				},
				"leftFoot": {
					"rotation": [-38.66901, 11.14485, 13.57875]
				},
				"rightDownLeg": {
					"rotation": [75, 0, 0]
				},
				"leftDownLeg": {
					"rotation": [45, 0, 0]
				},
				"rightDownArm": {
					"rotation": [-50, 0, 0]
				},
				"leftArm": {
					"rotation": {
						"0.0": [0, 0, 5],
						"1.0": {
							"pre": [0, 0, 2],
							"post": [0, 0, 2],
							"lerp_mode": "catmullrom"
						},
						"2.0": {
							"post": [0, 0, 5],
							"lerp_mode": "catmullrom"
						}
					}
				},
				"leftDownArm": {
					"rotation": [-20, 0, 0]
				}
			}
		},
		"animation.inteleon.walking": {
			"loop": true,
			"animation_length": 1,
			"bones": {
				"waist": {
					"rotation": {
						"0.0": [10.03742, -4.92385, -0.87038],
						"0.25": [15.04, 0, 0],
						"0.5": [10.03742, 4.92385, 0.87038],
						"0.75": [15.04, 0, 0],
						"1.0": [10.03742, -4.92385, -0.87038]
					},
					"position": {
						"0.0": [0, -1.7, 0],
						"0.25": [0, -0.8, 0],
						"0.5": [0, -1.7, 0],
						"0.75": [0, -0.8, 0],
						"1.0": [0, -1.7, 0]
					}
				},
				"body": {
					"rotation": {
						"0.0": [0, 7.5, 0],
						"0.5": [0, -7.5, 0],
						"1.0": [0, 7.5, 0]
					}
				},
				"rightLeg": {
					"rotation": {
						"0.0": [-17.5, 0, 0],
						"0.5": [22.60453, 7.32998, 8.45029],
						"0.75": [-34.79061, 5.09441, 6.28225],
						"1.0": [-17.5, 0, 0]
					},
					"position": {
						"0.0": [0, -1.1, 0],
						"0.25": [0, -0.4, 0],
						"0.5": [0, -1.7, 0],
						"0.75": [0, 0.3, 0],
						"1.0": [0, -1.1, 0]
					}
				},
				"rightFoot": {
					"rotation": {
						"0.0": [12.5, 0, 0],
						"0.5": [-30, 0, 0],
						"1.0": [12.5, 0, 0]
					}
				},
				"rightArm": {
					"rotation": {
						"0.0": [13.08619, 17.07228, 3.90399],
						"0.5": [-8.96481, -36.14887, 24.62324],
						"1.0": [13.08619, 17.07228, 3.90399]
					}
				},
				"leftLeg": {
					"rotation": {
						"0.0": [22.60453, -7.32998, -8.45029],
						"0.25": [-34.79061, -5.09441, -6.28225],
						"0.5": [-17.5, 0, 0],
						"1.0": [22.60453, -7.32998, -8.45029]
					},
					"position": {
						"0.0": [0, -1.7, 0],
						"0.25": [0, 0.3, 0],
						"0.5": [0, -1.1, 0],
						"0.75": [0, -0.4, 0],
						"1.0": [0, -1.7, 0]
					}
				},
				"leftFoot": {
					"rotation": {
						"0.0": [-30, 0, 0],
						"0.25": [8.75, 0, 0],
						"0.5": [12.5, 0, 0],
						"1.0": [-30, 0, 0]
					}
				},
				"rightDownLeg": {
					"rotation": {
						"0.0": [2.5, 0, 0],
						"0.5": [12.5, 0, 0],
						"0.75": [85, 0, 0],
						"1.0": [2.5, 0, 0]
					}
				},
				"leftDownLeg": {
					"rotation": {
						"0.0": [12.5, 0, 0],
						"0.25": [85, 0, 0],
						"0.5": [2.5, 0, 0],
						"1.0": [12.5, 0, 0]
					}
				},
				"rightDownArm": {
					"rotation": {
						"0.0": [-2.5, 0, 0],
						"0.5": [-54.71336, -20.20435, 26.01349],
						"1.0": [-2.5, 0, 0]
					}
				},
				"leftArm": {
					"rotation": {
						"0.0": [-8.96481, 36.14887, -24.62324],
						"0.5": [13.08619, -17.07228, -3.90399],
						"1.0": [-8.96481, 36.14887, -24.62324]
					}
				},
				"leftDownArm": {
					"rotation": {
						"0.0": [-54.71336, 20.20435, -26.01349],
						"0.5": [-2.5, 0, 0],
						"1.0": [-54.71336, 20.20435, -26.01349]
					}
				}
			}
		}
	}
}