{
	"format_version": "1.8.0",
	"animations": {
		"animation.jigglypuff.chill": {
			"loop": true,
			"animation_length": 2,
			"bones": {
				"body": {
					"rotation": {
						"0.0": [-2.5, 0, 0],
						"1.0": [0, 0, 0],
						"2.0": [-2.5, 0, 0]
					}
				},
				"leftLeg": {
					"rotation": {
						"0.0": [0, -7.5, 0],
						"2.0": [0, -7.5, 0]
					}
				},
				"rightArm": {
					"rotation": {
						"0.0": [0, 0, 20],
						"1.0": [0, 0, 25],
						"2.0": [0, 0, 20]
					}
				},
				"rightLeg": {
					"rotation": {
						"0.0": [0, 7.5, 0],
						"2.0": [0, 7.5, 0]
					}
				},
				"leftArm": {
					"rotation": {
						"0.0": [0, 0, -20],
						"1.0": [0, 0, -25],
						"2.0": [0, 0, -20]
					}
				},
				"microphone": {
					"scale": [1, 1, 0.3]
				}
			}
		},
		"animation.jigglypuff.attack": {
			"loop": true,
			"animation_length": 0.75,
			"bones": {
				"body": {
					"rotation": {
						"0.0": [-2.5, 0, 0],
						"0.25": [-5.02154, 7.49282, -0.32902],
						"0.5": [5.30128, -19.89995, -0.6148],
						"0.75": [-2.5, 0, 0]
					}
				},
				"leftLeg": {
					"rotation": [0, -7.5, 0]
				},
				"rightArm": {
					"rotation": {
						"0.0": [0, 0, 20],
						"0.25": [-69.11148, 16.41371, 26.15491],
						"0.5": [-100.6311, -4.96401, 73.16216],
						"0.75": [0, 0, 20]
					},
					"position": {
						"0.0": [0, 0, 0],
						"0.25": [0, 0, 2.4],
						"0.5": [0, 0, -4.6],
						"0.75": [0, 0, 0]
					}
				},
				"rightLeg": {
					"rotation": [0, 7.5, 0]
				},
				"leftArm": {
					"rotation": [0, 0, -20]
				},
				"microphone": {
					"scale": [1, 1, 0.3]
				}
			}
		},
		"animation.jigglypuff.walk": {
			"loop": true,
			"animation_length": 1,
			"bones": {
				"body": {
					"rotation": {
						"0.0": [-5, 0, 0],
						"0.25": [7.5, 0, 0],
						"0.5": [-5, 0, 0],
						"0.75": [7.5, 0, 0],
						"1.0": [-5, 0, 0]
					},
					"position": {
						"0.0": [0, 0, 0],
						"0.25": [0, 1, 0],
						"0.5": [0, 0, 0],
						"0.75": [0, 1, 0],
						"1.0": [0, 0, 0]
					}
				},
				"leftLeg": {
					"rotation": {
						"0.0": [-5, 0, 0],
						"0.5": [5.63304, -27.38656, -2.59775],
						"0.75": [12.81652, -13.69328, -1.29888],
						"1.0": [-5, 0, 0]
					},
					"position": {
						"0.0": [0, 0, -1.9],
						"0.5": [0, 0, 2],
						"0.75": [0, 2, 0.05],
						"1.0": [0, 0, -1.9]
					}
				},
				"rightArm": {
					"rotation": {
						"0.0": [-41.80568, 9.82752, 18.18424],
						"0.5": [42.78788, 16.48334, 23.49231],
						"1.0": [-41.80568, 9.82752, 18.18424]
					},
					"position": {
						"0.0": [0, 0.2, 0],
						"0.5": [0, -0.5, 0],
						"1.0": [0, 0.2, 0]
					}
				},
				"rightLeg": {
					"rotation": {
						"0.0": [5.63304, 27.38656, 2.59775],
						"0.25": [12.81652, 13.69328, 1.29888],
						"0.5": [-5, 0, 0],
						"1.0": [5.63304, 27.38656, 2.59775]
					},
					"position": {
						"0.0": [0, 0, 2],
						"0.25": [0, 2, 0.05],
						"0.5": [0, 0, -1.9],
						"1.0": [0, 0, 2]
					}
				},
				"leftArm": {
					"rotation": {
						"0.0": [42.78788, -16.48334, -23.49231],
						"0.5": [-41.80568, -9.82752, -18.18424],
						"1.0": [42.78788, -16.48334, -23.49231]
					},
					"position": {
						"0.0": [0, -0.5, 0],
						"0.5": [0, 0.2, 0],
						"1.0": [0, -0.5, 0]
					}
				},
				"microphone": {
					"scale": {
						"0.0": [0.8, 0.9, 0.2],
						"0.5": [0.8, 0.9, 0.2],
						"1.0": [0.8, 0.9, 0.2]
					}
				}
			}
		},
		"animation.jigglypuff.sitting": {
			"loop": true,
			"animation_length": 2,
			"bones": {
				"body": {
					"rotation": {
						"0.0": [-2.5, 0, 0],
						"1.0": [2.5, 0, 0],
						"2.0": [-2.5, 0, 0]
					},
					"position": {
						"0.0": [0, -2, 0],
						"2.0": [0, -2, 0]
					}
				},
				"leftLeg": {
					"rotation": [-52.5, -25, 0],
					"position": [1, 0, -6]
				},
				"rightArm": {
					"rotation": [9.61518, 14.6914, 33.7424]
				},
				"rightLeg": {
					"rotation": [-52.5, 25, 0],
					"position": [-1, 0, -6]
				},
				"leftArm": {
					"rotation": [9.61518, -14.6914, -33.7424]
				},
				"microphone": {
					"scale": [0.8, 0.9, 0.3]
				}
			}
		},
		"animation.jigglypuff.singing": {
			"loop": true,
			"animation_length": 2,
			"bones": {
				"body": {
					"rotation": {
						"0.0": {
							"post": [-2.5, 0, 0],
							"lerp_mode": "catmullrom"
						},
						"0.5": {
							"post": [-2.47864, 0.32621, 7.49294],
							"lerp_mode": "catmullrom"
						},
						"1.0": {
							"post": [0.02136, -0.32621, -7.49294],
							"lerp_mode": "catmullrom"
						},
						"1.5833": {
							"post": [-0.07772, -0.31754, 10.00733],
							"lerp_mode": "catmullrom"
						},
						"2.0": {
							"post": [-2.5, 0, 0],
							"lerp_mode": "catmullrom"
						}
					}
				},
				"rightArm": {
					"rotation": {
						"0.0": {
							"post": [-76.26606, -38.09669, 46.42719],
							"lerp_mode": "catmullrom"
						},
						"0.375": {
							"post": [-80.09213, -22.83118, 55.06081],
							"lerp_mode": "catmullrom"
						},
						"0.8333": {
							"post": [-89.31932, -39.65357, 78.65047],
							"lerp_mode": "catmullrom"
						},
						"2.0": {
							"post": [-76.26606, -38.09669, 46.42719],
							"lerp_mode": "catmullrom"
						}
					},
					"position": {
						"0.0": {
							"post": [0, -2, -6],
							"lerp_mode": "catmullrom"
						},
						"2.0": {
							"post": [0, -2, -6],
							"lerp_mode": "catmullrom"
						}
					}
				},
				"leftArm": {
					"rotation": {
						"0.0": {
							"post": [12.48754, -0.95277, -18.83438],
							"lerp_mode": "catmullrom"
						},
						"2.0": {
							"post": [12.48754, -0.95277, -18.83438],
							"lerp_mode": "catmullrom"
						}
					}
				},
				"leftLeg": {
					"rotation": {
						"0.0": {
							"post": [0, -20, 0],
							"lerp_mode": "catmullrom"
						},
						"2.0": {
							"post": [0, -20, 0],
							"lerp_mode": "catmullrom"
						}
					}
				},
				"rightLeg": {
					"rotation": {
						"0.0": {
							"post": [0, 25, 0],
							"lerp_mode": "catmullrom"
						},
						"2.0": {
							"post": [0, 25, 0],
							"lerp_mode": "catmullrom"
						}
					}
				},
				"mouth": {
					"position": {
						"0.0": {
							"post": [0, 0, 0],
							"lerp_mode": "catmullrom"
						},
						"0.25": {
							"post": [0, 0, 0],
							"lerp_mode": "catmullrom"
						},
						"0.3333": {
							"post": [0, 0, -0.3],
							"lerp_mode": "catmullrom"
						},
						"0.8333": {
							"post": [0, 0, -0.3],
							"lerp_mode": "catmullrom"
						},
						"1.0": {
							"post": [0, 0, 0],
							"lerp_mode": "catmullrom"
						},
						"1.125": {
							"post": [0, 0, -0.3],
							"lerp_mode": "catmullrom"
						},
						"1.875": {
							"post": [0, 0, -0.3],
							"lerp_mode": "catmullrom"
						},
						"2.0": {
							"post": [0, 0, 0],
							"lerp_mode": "catmullrom"
						}
					}
				}
			}
		}
	}
}