{
	"format_version": "1.8.0",
	"animations": {
		"animation.kadabra.chill": {
			"loop": true,
			"animation_length": 2,
			"bones": {
				"waist": {
					"rotation": [7.5, 0, 0],
					"position": [0, -3.5, 0.3]
				},
				"body": {
					"rotation": {
						"0.0": [5, 0, 0],
						"1.0": [2.5, 0, 0],
						"2.0": [5, 0, 0]
					}
				},
				"rightArm": {
					"rotation": {
						"0.0": [-28.66392, -22.90212, 64.82635],
						"1.0": [-26.68517, -25.22586, 59.97698],
						"2.0": [-28.66392, -22.90212, 64.82635]
					}
				},
				"rightForearm": {
					"rotation": [-63.30542, -6.86379, 13.36965]
				},
				"leftArm": {
					"rotation": {
						"0.0": [-28.66392, 22.90212, -64.82635],
						"1.0": [-26.68517, 25.22586, -59.97698],
						"2.0": [-28.66392, 22.90212, -64.82635]
					}
				},
				"leftForearm": {
					"rotation": [-63.30542, -6.86379, 13.36965]
				},
				"rightLeg": {
					"rotation": [-60, 42.5, 0],
					"position": [0, -3.4, 0]
				},
				"rightDownLeg": {
					"rotation": [62.5, 0, 0]
				},
				"leftLeg": {
					"rotation": [-60, -42.5, 0],
					"position": [0, -3.4, 0]
				},
				"leftDownLeg": {
					"rotation": [62.5, 0, 0]
				},
				"tail": {
					"rotation": [2.5, 0, 0]
				},
				"rightC": {
					"scale": 0
				},
				"leftC": {
					"scale": 0
				}
			}
		},
		"animation.kadabra.attack": {
			"loop": true,
			"animation_length": 1,
			"bones": {
				"waist": {
					"rotation": {
						"0.0": [7.5, 0, 0],
						"0.3333": [2.5, 0, 0],
						"0.625": [5, 0, 0],
						"1.0": [7.5, 0, 0]
					},
					"position": {
						"0.0": [0, -3.5, 0.3],
						"1.0": [0, -3.5, 0.3]
					}
				},
				"body": {
					"rotation": {
						"0.0": [5, 0, 0],
						"0.3333": [-12.5, 0, 0],
						"0.625": [2.5, 0, 0],
						"1.0": [5, 0, 0]
					}
				},
				"rightArm": {
					"rotation": {
						"0.0": [-28.66392, -22.90212, 64.82635],
						"0.3333": [-39.76037, 25.507, 66.58865],
						"0.625": [-46.06567, -0.5596, 38.68455],
						"1.0": [-28.66392, -22.90212, 64.82635]
					}
				},
				"rightForearm": {
					"rotation": {
						"0.0": [-63.30542, 6.86379, -13.36965],
						"0.3333": [-78.30542, 6.86379, -13.36965],
						"0.625": [-23.30542, 6.86379, -13.36965],
						"1.0": [-63.30542, 6.86379, -13.36965]
					}
				},
				"leftArm": {
					"rotation": {
						"0.0": [-28.66392, 22.90212, -64.82635],
						"0.3333": [-39.76037, -25.507, -66.58865],
						"0.625": [-46.06567, 0.5596, -38.68455],
						"1.0": [-28.66392, 22.90212, -64.82635]
					}
				},
				"leftForearm": {
					"rotation": {
						"0.0": [-63.30542, -6.86379, 13.36965],
						"0.3333": [-78.30542, -6.86379, 13.36965],
						"0.625": [-23.30542, -6.86379, 13.36965],
						"1.0": [-63.30542, -6.86379, 13.36965]
					}
				},
				"rightLeg": {
					"rotation": [-60, 42.5, 0],
					"position": [0, -3.4, 0]
				},
				"rightDownLeg": {
					"rotation": [62.5, 0, 0]
				},
				"leftLeg": {
					"rotation": [-60, -42.5, 0],
					"position": [0, -3.4, 0]
				},
				"leftDownLeg": {
					"rotation": [62.5, 0, 0]
				},
				"tail": {
					"rotation": [2.5, 0, 0]
				},
				"leftC": {
					"scale": {
						"0.0": [0, 0, 0],
						"1.0": [0, 0, 0]
					}
				},
				"rightC": {
					"scale": {
						"0.0": [0, 0, 0],
						"1.0": [0, 0, 0]
					}
				}
			}
		},
		"animation.kadabra.Double_Spoon_Bend": {
			"loop": true,
			"animation_length": 1.54167,
			"bones": {
				"waist": {
					"rotation": {
						"0.0": [7.5, 0, 0],
						"0.3333": [0, 0, 0],
						"0.6667": [30, 0, 0],
						"0.9167": [27.5, 0, 0],
						"1.25": [7.5, 0, 0]
					},
					"position": {
						"0.0": [0, -3.5, 0.3],
						"1.25": [0, -3.5, 0.3]
					}
				},
				"body": {
					"rotation": {
						"0.0": [5, 0, 0],
						"0.3333": [-25, 0, 0],
						"0.6667": [20, 0, 0],
						"0.9167": [7.5, 0, 0],
						"1.25": [5, 0, 0]
					}
				},
				"rightArm": {
					"rotation": {
						"0.0": [-28.66392, -22.90212, 64.82635],
						"0.3333": [-71.08472, 29.58479, 66.04523],
						"0.6667": [-81.21627, 9.35378, 14.39048],
						"0.9167": [-81.33359, -0.53107, 12.87093],
						"1.25": [-28.66392, -22.90212, 64.82635]
					}
				},
				"rightForearm": {
					"rotation": {
						"0.0": [-63.30542, -6.86379, 13.36965],
						"0.3333": [-53.30542, -6.86379, 13.36965],
						"0.6667": [-25.80542, -6.86379, 13.36965],
						"0.9167": [-35.80542, -6.86379, 13.36965],
						"1.25": [-63.30542, -6.86379, 13.36965]
					}
				},
				"leftArm": {
					"rotation": {
						"0.0": [-28.66392, 22.90212, -64.82635],
						"0.3333": [-96.38901, -23.85023, -40.23903],
						"0.6667": [-97.0186, -0.81879, -15.07792],
						"0.9167": [-89.5186, -0.81879, -15.07792],
						"1.25": [-28.66392, 22.90212, -64.82635]
					}
				},
				"leftForearm": {
					"rotation": {
						"0.0": [-63.30542, -6.86379, 13.36965],
						"0.3333": [-30.80542, -6.86379, 13.36965],
						"0.6667": [-8.30542, -6.86379, 13.36965],
						"0.9167": [-28.30542, -6.86379, 13.36965],
						"1.25": [-63.30542, -6.86379, 13.36965]
					}
				},
				"rightLeg": {
					"rotation": [-60, 42.5, 0],
					"position": [0, -3.4, 0]
				},
				"rightDownLeg": {
					"rotation": [62.5, 0, 0]
				},
				"leftLeg": {
					"rotation": [-60, -42.5, 0],
					"position": [0, -3.4, 0]
				},
				"leftDownLeg": {
					"rotation": [62.5, 0, 0]
				},
				"tail": {
					"rotation": {
						"0.0": [2.5, 0, 0],
						"0.4167": [12.5, 0, 0],
						"0.9167": [-15, 0, 0],
						"1.5": [2.5, 0, 0]
					}
				},
				"rightC": {
					"rotation": {
						"0.0": [-302.5, 0, 0],
						"0.3333": [20, 0, 0],
						"0.7083": [-15, 0, 0]
					},
					"position": {
						"0.0": [0, 0, -1],
						"0.3333": [0, 7, 7],
						"1.0417": [0, 0, -78]
					},
					"scale": {
						"0.0": [0, 0, 0],
						"0.3333": [1, 1, 1],
						"0.5833": [1, 1, 1],
						"0.7917": [0, 0, 0]
					}
				},
				"leftC": {
					"rotation": {
						"0.0": [-302.5, 0, 0],
						"0.3333": [20, 0, 0],
						"0.7083": [-15, 0, 0]
					},
					"position": {
						"0.0": [0, 0, -1],
						"0.3333": [0, 7, 7],
						"1.0417": [0, 0, -78]
					},
					"scale": {
						"0.0": [0, 0, 0],
						"0.3333": [1, 1, 1],
						"0.5833": [1, 1, 1],
						"0.7917": [0, 0, 0]
					}
				}
			}
		},
		"animation.kadabra.walk": {
			"loop": true,
			"animation_length": 1,
			"bones": {
				"waist": {
					"rotation": {
						"0.0": [17.5, 0, 0],
						"0.25": [10, 0, 0],
						"0.5": [17.5, 0, 0],
						"0.75": [10, 0, 0],
						"1.0": [17.5, 0, 0]
					},
					"position": {
						"0.0": [0, -2, 0],
						"0.25": [0, -1, 0],
						"0.5": [0, -2, 0],
						"0.75": [0, -1, 0],
						"1.0": [0, -2, 0]
					}
				},
				"body": {
					"rotation": {
						"0.0": [-10, 0, 0],
						"0.25": [-2.5, 0, 0],
						"0.5": [-10, 0, 0],
						"0.75": [-2.5, 0, 0],
						"1.0": [-10, 0, 0]
					}
				},
				"rightArm": {
					"rotation": {
						"0.0": [15, 15, 17.5],
						"0.5": [-24.32149, 11.86405, 13.87377],
						"1.0": [15, 15, 17.5]
					}
				},
				"rightForearm": {
					"rotation": {
						"0.0": [-65, 0, 0],
						"0.5": [-55, 0, 0],
						"1.0": [-65, 0, 0]
					}
				},
				"leftArm": {
					"rotation": {
						"0.0": [-24.32149, -11.86405, -13.87377],
						"0.5": [15, -15, -17.5],
						"1.0": [-24.32149, -11.86405, -13.87377]
					}
				},
				"leftForearm": {
					"rotation": {
						"0.0": [-55, 0, 0],
						"0.5": [-65, 0, 0],
						"1.0": [-55, 0, 0]
					}
				},
				"rightLeg": {
					"rotation": {
						"0.0": [-37.15023, -2.88872, 12.14322],
						"0.25": [-16.58886, 29.93853, 15.74943],
						"0.5": [20.57075, 58.02295, 53.06613],
						"0.75": [-53.0558, 12.64704, 21.10044],
						"1.0": [-37.15023, -2.88872, 12.14322]
					},
					"position": {
						"0.0": [0, -1.8, 0],
						"0.25": [0, -0.5, 0],
						"0.5": [0, -2.8, 0],
						"0.75": [0, -1.1, 0],
						"1.0": [0, -1.8, 0]
					}
				},
				"rightDownLeg": {
					"rotation": {
						"0.0": [22.5, 0, 0],
						"0.25": [35.97622, -15.12726, -8.90334],
						"0.5": [35, 0, 0],