{"format_version":"1.8.0","animations":{"animation.kirlia.ground_idle":{"loop":true,"animation_length":2,"bones":{"1":{"rotation":{"0.0":[0,0,0],"0.5":[0,0,-2.5],"1.0":[0,0,0],"1.5":[0,0,2.5],"2.0":[0,0,0]}},"2":{"rotation":{"0.0":[0,0,0],"0.5":[0,0,2.5],"1.0":[0,0,0],"1.5":[0,0,-2.5],"2.0":[0,0,0]}},"3":{"rotation":{"0.0":[0,0,0],"0.5":[0,0,-2.5],"1.0":[0,0,0],"1.5":[0,0,2.5],"2.0":[0,0,0]}},"4":{"rotation":{"0.0":[0,0,0],"0.5":[0,0,2.5],"1.0":[0,0,0],"1.5":[0,0,-2.5],"2.0":[0,0,0]}},"5":{"rotation":{"0.0":[0,0,0],"0.5":[0,0,-2.5],"1.0":[0,0,0],"1.5":[0,0,2.5],"2.0":[0,0,0]}},"6":{"rotation":{"0.0":[0,0,0],"0.5":[0,0,2.5],"1.0":[0,0,0],"1.5":[0,0,-2.5],"2.0":[0,0,0]}},"body":{"rotation":{"0.0417":[1.9,0,0],"0.25":[1.7,0,0],"0.5":[1.24,0,0],"0.75":[0.57,0,0],"0.875":[0.2,0,0],"1.0":[0,0,0],"1.25":[0.1,0,0],"1.5":[0.57,0,0],"1.75":[1.44,0,0],"1.875":[1.8,0,0],"2.0":[1.9,0,0]},"position":{"0.0":[0,-0.1,0],"1.0":[0,0,0],"2.0":[0,-0.1,0]}},"rightArm":{"rotation":{"0.0":[44.03271,-26.79524,-28.92848],"0.375":[41.03271,-26.79524,-28.92848],"1.0":[50.68881,-23.26681,-32.83949],"1.25":[52.68881,-23.26681,-32.83949],"2.0":[44.03271,-26.79524,-28.92848]}},"rightForearm":{"rotation":[0,-92.5,0]},"rightLeg":{"rotation":[-2.94067,9.99038,-2.53852],"position":[0.2,0,0]},"rightDownLeg":{"rotation":[2.5,0,0]},"leftLeg":{"rotation":[2.05933,-9.99038,2.53852],"position":[-0.2,0,0]},"leftDownLeg":{"rotation":[10,0,0]},"leftArm":{"rotation":{"0.0":[43.03271,26.79524,28.92848],"0.375":[40.03271,26.79524,28.92848],"1.0":[49.68881,23.26681,32.83949],"1.25":[50.68881,23.26681,32.83949],"2.0":[43.03271,26.79524,28.92848]}},"leftForearm":{"rotation":[0,92.5,0]}}},"animation.kirlia.attack":{"animation_length":1.16667,"bones":{"body":{"rotation":{"0.0":[2,0,0],"0.25":[7.98722,-29.82643,-3.11856],"0.4167":[10.48722,-29.82643,-3.11856],"0.625":[4.50589,17.03221,4.94967],"0.75":[3.7376,17.21193,2.34048],"1.1667":[2,0,0]},"position":{"0.0":[0,-0.1,0],"1.1667":[0,-0.1,0]}},"rightArm":{"rotation":{"0.0":[44.03271,-26.79524,-28.92848],"0.375":[257.40943,-80.65543,-264.55612],"0.5":[210.4727,-81.85323,-217.35036],"0.625":[355.87877,0.46517,-367.16456],"0.75":[357.02211,20.31321,-370.28732],"0.9583":[400.61396,-30.65379,-393.86428]}},"rightForearm":{"rotation":{"0.0":[0,-87.5,0],"0.375":[0,-47.5,0],"0.5":[0,-17.5,0],"0.7917":[0,0,0],"1.1667":[0,-87.5,0]}},"rightLeg":{"rotation":{"0.0":[-2.94067,9.99038,-2.53852],"0.25":[-3.13412,-22.46641,-0.82923],"0.375":[-3.11,-18.04,-1.06],"1.1667":[-2.94067,9.99038,-2.53852]},"position":{"0.0":[0.2,0,0],"0.25":[0.2,0,0],"0.375":[0.2,0,0],"1.1667":[0.2,0,0]}},"rightDownLeg":{"rotation":{"0.0":[2.5,0,0],"1.1667":[2.5,0,0]}},"leftLeg":{"rotation":{"0.0":[2.05933,-9.99038,2.53852],"0.25":[-1.46971,-55.03026,8.19503],"0.375":[-0.99,-48.89,7.42],"0.5":[3.11457,-25.07136,-1.80498],"1.1667":[2.05933,-9.99038,2.53852]},"position":{"0.0":[-0.2,0,0],"0.25":[-1.2,0,2],"0.375":[-1.06,0,1.73],"0.5":[-0.92,0,0.46],"1.1667":[-0.2,0,0]}},"leftDownLeg":{"rotation":{"0.0":[10,0,0],"1.1667":[10,0,0]}},"leftArm":{"rotation":{"0.0":[44.03271,26.79524,28.92848],"0.25":[1.53271,26.79524,28.92848],"0.6667":[2.09915,3.99862,38.36209],"0.7917":[2.12012,8.99523,38.54728],"1.1667":[44.03271,26.79524,28.92848]}},"leftForearm":{"rotation":{"0.0":[0,87.5,0],"0.625":[0,87.5,0],"0.7917":[0,97.5,0],"1.1667":[0,87.5,0]}},"head":{"rotation":{"0.0":[0,0,0],"0.25":[0,20,0],"0.625":[-2.54884,-14.99515,0.2255],"1.1667":[0,0,0]}}}},"animation.kirlia.sleeping":{"loop":true,"animation_length":2,"bones":{"1":{"rotation":{"0.0":[-29.61326,26.52523,7.61935],"1.0":[-30.04135,26.02863,6.64899],"2.0":[-29.61,26.53,7.62]}},"2":{"rotation":{"0.0":[-29.89109,-32.31637,-4.68279],"1.0":[-30.43043,-31.81742,-3.66449],"2.0":[-29.89,-32.32,-4.68]}},"3":{"rotation":{"0.0":[-10.53542,12.05431,17.48246],"1.0":[-10.7459,11.86747,16.47662],"2.0":[-10.54,12.05,17.48]}},"4":{"rotation":{"0.0":[-6.3392,-9.21452,-11.55091],"1.0":[-6.49978,-9.10044,-10.5439],"2.0":[-6.34,-9.21,-11.55]}},"5":{"rotation":{"0.0":[0,0,10],"1.0":[0,0,9],"2.0":[0,0,10]}},"6":{"rotation":{"0.0":[0,0,-10],"1.0":[0,0,-9],"2.0":[0,0,-10]}},"body":{"rotation":[17.5,0,0],"position":{"0.0":[0,-8.6,1],"1.0":[0,-8.5,1],"2.0":[0,-8.6,1]}},"rightArm":{"rotation":{"0.0":[73.2023,-46.34498,-71.786],"1.0":[73.49763,-45.3869,-72.19746],"2.0":[73.2023,-46.34498,-71.786]},"position":[0,0,1]},"rightForearm":{"rotation":[5.88955,-44.59245,-4.30084]},"rightLeg":{"rotation":[-60.76543,-5.3653,0.32201],"position":[0,-8.8,0]},"rightDownLeg":{"rotation":[147.5,0,0]},"leftLeg":{"rotation":[-61.52187,4.4994,-0.25141],"position":[0,-8.8,0]},"leftDownLeg":{"rotation":[147.5,0,0]},"leftArm":{"rotation":{"0.0":[72.30529,30.67948,66.91868],"1.0":[72.48137,29.72632,67.26867],"2.0":[72.30529,30.67948,66.91868]}},"leftForearm":{"rotation":[-36.83795,63.2943,-34.58013]},"root":{"position":[0,1,0]},"neck":{"rotation":[10,0,0]},"head":{"rotation":[12.5,0,0]},"eyelids":{"position":[0,0,-1]},"bone2":{"rotation":[-37.5,0,0]},"bone3":{"rotation":[-35,0,0]}}},"animation.kirlia.flying":{"loop":true,"animation_length":2,"bones":{"1":{"rotation":{"0.0":[0,0,0],"0.25":[0,0,0],"1.25":[0,0,2.5],"1.5":[0,0,2.5],"2.0":[0,0,0]}},"2":{"rotation":{"0.0":[0,0,0],"0.25":[0,0,0],"1.25":[0,0,-2.5],"1.5":[0,0,-2.5],"2.0":[0,0,0]}},"3":{"rotation":{"0.0":[0,0,0],"0.25":[0,0,0],"1.5":[0,0,2.5],"1.75":[0,0,2.5],"2.0":[0,0,0]}},"4":{"rotation":{"0.0":[0,0,0],"0.25":[0,0,0],"1.5":[0,0,-2.5],"1.75":[0,0,-2.5],"2.0":[0,0,0]}},"5":{"rotation":{"0.0":[0,0,0],"0.25":[0,0,0],"1.75":[0,0,2.5],"2.0":[0,0,0]}},"6":{"rotation":{"0.0":[0,0,0],"0.25":[0,0,0],"1.75":[0,0,-2.5],"2.0":[0,0,0]}},"root":{"rotation":[5,0,0],"position":{"0.0":[0,-0.1,0],"0.125":[0,-0.3,0],"0.25":[0,-0.3,0],"0.5":[0,-0.17,0],"0.625":[0,0,0],"0.75":[0,0.3,0],"0.875":[0,0.66,0],"1.0":[0,0.9,0],"1.125":[0,1,0],"1.25":[0,1.1,0],"1.5":[0,1,0],"1.625":[0,0.8,0],"1.75":[0,0.5,0],"1.875":[0,0.1,0],"2.0":[0,-0.1,0]}},"body":{"rotation":{"0.0":[0,0,0],"1.0":[-1,0,0],"2.0":[0,0,0]}},"rightArm":{"rotation":{"0.0":[-0.03438,15.44082,-47.54841],"0.25":[-0.24152,15.43856,-48.32649],"0.5":[-0.24152,15.43856,-48.32649],"1.0":[0.24182,15.43901,-46.51097],"1.25":[0.51794,15.43238,-45.47358],"1.5":[0.79589,15.41852,-44.4327],"1.75":[0.79589,15.41852,-44.4327],"2.0":[-0.03438,15.44082,-47.54841]}},"rightForearm":{"rotation":[0,7.44762,7.5]},"leftArm":{"rotation":{"0.0":[0,-10,45],"0.25":[-0.17632,-9.99846,46.01542],"0.5":[-0.18,-10,46.02],"1.0":[0,-10,45],"1.25":[0.17632,-9.99846,43.98458],"1.5":[0.35258,-9.99385,42.96917],"1.75":[0.35258,-9.99385,42.96917],"2.0":[0,-10,45]}},"leftForearm":{"rotation":[0,-7.44762,-12.5]},"head":{"rotation":{"0.0":[-5,0,0],"1.0":[-3,0,0],"2.0":[-5,0,0]}},"bone2":{"rotation":{"0.0":[5,0,0],"1.0":[7.5,0,0],"2.0":[5,0,0]}},"bone3":{"rotation":{"0.0":[5,0,0],"1.0":[7.5,0,0],"2.0":[5,0,0]}},"rightLeg":{"rotation":[14.98637,0.64686,-2.41492]},"rightDownLeg":{"rotation":{"0.0":[7.5,0,0],"1.0":[5,0,0],"2.0":[7.5,0,0]}},"leftLeg":{"rotation":[7.49814,2.15243,2.80478]},"leftDownLeg":{"rotation":{"0.0":[7.5,0,0],"1.0":[5,0,0],"2.0":[7.5,0,0]}}}},"animation.kirlia.water_idle":{"loop":true,"animation_length":2,"bones":{"1":{"rotation":{"0.0":[0,0,0],"0.25":[0,0,0],"1.25":[0,0,2.5],"1.5":[0,0,2.5],"2.0":[0,0,0]}},"2":{"rotation":{"0.0":[0,0,0],"0.25":[0,0,0],"1.25":[0,0,-2.5],"1.5":[0,0,-2.5],"2.0":[0,0,0]}},"3":{"rotation":{"0.0":[0,0,0],"0.25":[0,0,0],"1.5":[0,0,2.5],"1.75":[0,0,2.5],"2.0":[0,0,0]}},"4":{"rotation":{"0.0":[0,0,0],"0.25":[0,0,0],"1.5":[0,0,-2.5],"1.75":[0,0,-2.5],"2.0":[0,0,0]}},"5":{"rotation":{"0.0":[0,0,0],"0.25":[0,0,0],"1.75":[0,0,2.5],"2.0":[0,0,0]}},"6":{"rotation":{"0.0":[0,0,0],"0.25":[0,0,0],"1.75":[0,0,-2.5],"2.0":[0,0,0]}},"root":{"rotation":[5,0,0],"position":{"0.0":[0,-0.1,0],"0.125":[0,-0.3,0],"0.25":[0,-0.3,0],"0.5":[0,-0.17,0],"0.625":[0,0,0],"0.75":[0,0.3,0],"0.875":[0,0.66,0],"1.0":[0,0.9,0],"1.125":[0,1,0],"1.25":[0,1.1,0],"1.5":[0,1,0],"1.625":[0,0.8,0],"1.75":[0,0.5,0],"1.875":[0,0.1,0],