{
	"format_version": "1.8.0",
	"animations": {
		"animation.leavanny.walk": {
			"loop": true,
			"animation_length": 0.75,
			"bones": {
				"Bod1": {
					"rotation": {
						"0.0": [0, 0, 0],
						"0.375": [0, 0, 0],
						"0.75": [0, 0, 0]
					},
					"position": {
						"0.0": [0, 0, 0],
						"0.375": [0, 0, 0],
						"0.75": [0, 0, 0]
					}
				},
				"Arm1": {
					"rotation": {
						"0.0": [91.2506, 2.16489, -59.97637],
						"0.1667": [91.29582, -15.33086, -60.36628],
						"0.375": [91.2506, 2.16489, -59.97637],
						"0.5833": [91.26769, 9.66309, -59.8108],
						"0.75": [91.2506, 2.16489, -59.97637]
					}
				},
				"Hand1": {
					"rotation": {
						"0.0": [-90, 0, 0],
						"0.1667": [-90, 0, 12.5],
						"0.375": [-90, 0, 0],
						"0.5833": [-90, 0, -12.5],
						"0.75": [-90, 0, 0]
					}
				},
				"Leg1": {
					"rotation": {
						"0.0": [0, 0, 0],
						"0.1667": [10, 0, 0],
						"0.375": [0, 0, 0],
						"0.5833": [-17.5, 0, 0],
						"0.75": [0, 0, 0]
					},
					"position": {
						"0.0": [0, 0, 0],
						"0.375": [0, 0, 0],
						"0.5833": [0, 0.5, 0],
						"0.75": [0, 0, 0]
					}
				},
				"Tail": {
					"rotation": {
						"0.0": [0, 0, 0],
						"0.1667": [7.5, 0, 0],
						"0.375": [0, 0, 0],
						"0.5833": [7.5, 0, 0],
						"0.75": [0, 0, 0]
					},
					"position": {
						"0.0": [0, 0, 0],
						"0.375": [0, 0, 0],
						"0.75": [0, 0, 0]
					}
				},
				"Leaftail": {
					"rotation": {
						"0.0": [0, 0, 0],
						"0.1667": [5, 0, 0],
						"0.375": [0, 0, 0],
						"0.5833": [5, 0, 0],
						"0.75": [0, 0, 0]
					},
					"position": {
						"0.0": [0, 0, 0],
						"0.375": [0, 0, 0],
						"0.75": [0, 0, 0]
					}
				},
				"Head": {
					"rotation": {
						"0.0": [0, 0, 0],
						"0.1667": [7.5, 0, 0],
						"0.375": [0, 0, 0],
						"0.5833": [7.5, 0, 0],
						"0.75": [0, 0, 0]
					}
				},
				"Eres": {
					"rotation": {
						"0.0": [0, 0, 0],
						"0.1667": [10, 0, 0],
						"0.375": [0, 0, 0],
						"0.5833": [10, 0, 0],
						"0.75": [0, 0, 0]
					}
				},
				"Eres2": {
					"rotation": {
						"0.0": [0, 0, 0],
						"0.1667": [10, 0, 0],
						"0.375": [0, 0, 0],
						"0.5833": [10, 0, 0],
						"0.75": [0, 0, 0]
					}
				},
				"Arm2": {
					"rotation": {
						"0.0": [-271.15495, -177.78262, -117.52235],
						"0.1667": [-271.18082, -167.78469, -117.72754],
						"0.375": [-271.15495, -177.78262, -117.52235],
						"0.5833": [-271.1834, -192.77954, -117.21586],
						"0.75": [-271.15495, -177.78262, -117.52235]
					}
				},
				"Hand2": {
					"rotation": {
						"0.0": [90, 0, 0],
						"0.1667": [90, 0, -10],
						"0.375": [90, 0, 0],
						"0.5833": [90, 0, 12.5],
						"0.75": [90, 0, 0]
					},
					"position": {
						"0.0": [0, 0, 0],
						"0.375": [0, 0, 0],
						"0.75": [0, 0, 0]
					}
				},
				"Leg2": {
					"rotation": {
						"0.0": [0, 0, 0],
						"0.1667": [-17.5, 0, 0],
						"0.375": [0, 0, 0],
						"0.5833": [10, 0, 0],
						"0.75": [0, 0, 0]
					},
					"position": {
						"0.0": [0, 0, 0],
						"0.1667": [0, 0.5, 0],
						"0.375": [0, 0, 0],
						"0.75": [0, 0, 0]
					}
				}
			}
		},
		"animation.leavanny.chill": {
			"loop": true,
			"animation_length": 0.75,
			"bones": {
				"Bod1": {
					"rotation": {
						"0.0": [0, 0, 0],
						"0.375": [0, 0, 0],
						"0.75": [0, 0, 0]
					},
					"position": {
						"0.0": [0, 0, 0],
						"0.375": [0, 0, 0],
						"0.75": [0, 0, 0]
					}
				},
				"Arm1": {
					"rotation": {
						"0.0": [90, 0, -60],
						"0.1667": [90, 0, -70],
						"0.375": [90, 0, -60],
						"0.5833": [90, 0, -50],
						"0.75": [90, 0, -60]
					},
					"position": {
						"0.0": [0, 0, 0],
						"0.375": [0, 0, 0],
						"0.75": [0, 0, 0]
					}
				},
				"Hand1": {
					"rotation": {
						"0.0": [-90, 0, 0],
						"0.1667": [-90, 7.5, 0],
						"0.375": [-90, 0, 0],
						"0.5833": [-90, -5, 0],
						"0.75": [-90, 0, 0]
					},
					"position": {
						"0.0": [0, 0, 0],
						"0.375": [0, 0, 0],
						"0.75": [0, 0, 0]
					}
				},
				"Leg1": {
					"rotation": {
						"0.0": [0, 0, 0],
						"0.375": [0, 0, 0],
						"0.75": [0, 0, 0]
					},
					"position": {
						"0.0": [0, 0, 0],
						"0.375": [0, 0, 0],
						"0.75": [0, 0, 0]
					}
				},
				"Tail": {
					"rotation": {
						"0.0": [0, 0, 0],
						"0.1667": [7.5, 0, 0],
						"0.375": [0, 0, 0],
						"0.5833": [7.5, 0, 0],
						"0.75": [0, 0, 0]
					}
				},
				"Leaftail": {
					"rotation": {
						"0.0": [0, 0, 0],
						"0.1667": [2.5, 0, 0],
						"0.375": [0, 0, 0],
						"0.5833": [2.5, 0, 0],
						"0.75": [0, 0, 0]
					}
				},
				"Head": {
					"rotation": {
						"0.0": [0, 0, 0],
						"0.1667": [5, 0, 0],
						"0.375": [0, 0, 0],
						"0.625": [5, 0, 0],
						"0.75": [0, 0, 0]
					},
					"position": {
						"0.0": [0, 0, 0],
						"0.375": [0, 0, 0],
						"0.75": [0, 0, 0]
					}
				},
				"Eres": {
					"rotation": {
						"0.0": [0, 0, 0],
						"0.1667": [10, 0, 0],
						"0.375": [0, 0, 0],
						"0.5833": [10, 0, 0],
						"0.75": [0, 0, 0]
					}
				},
				"Eres2": {
					"rotation": {
						"0.0": [0, 0, 0],
						"0.1667": [10, 0, 0],
						"0.375": [0, 0, 0],
						"0.5833": [10, 0, 0],
						"0.75": [0, 0, 0]
					}
				},
				"Arm2": {
					"rotation": {
						"0.0": [-270, -180, -120],
						"0.1667": [-270, -180, -110],
						"0.375": [-270, -180, -120],
						"0.5833": [-270, -180, -130],
						"0.75": [-270, -180, -120]
					}
				},
				"Hand2": {
					"rotation": {
						"0.0": [90, 0, 0],
						"0.1667": [90, -10, 0],
						"0.375": [90, 0, 0],
						"0.5833": [90, 7.5, 0],
						"0.75": [90, 0, 0]
					},
					"position": {
						"0.0": [0, 0, 0],
						"0.375": [0, 0, 0],
						"0.75": [0, 0, 0]
					}
				},
				"Leg2": {
					"rotation": {
						"0.0": [0, 0, 0],
						"0.375": [0, 0, 0],
						"0.75": [0, 0, 0]
					},
					"position": {
						"0.0": [0, 0, 0],
						"0.375": [0, 0, 0],
						"0.75": [0, 0, 0]
					}
				}
			}
		}
	}
}