{
	"format_version": "1.8.0",
	"animations": {
		"animation.linoone.ground_idle": {
			"loop": true,
			"animation_length": 2,
			"bones": {
				"body": {
					"rotation": {
						"0.0": [0, 0, 0],
						"1.0": [-2.5, 0, 0],
						"2.0": [0, 0, 0]
					},
					"position": {
						"0.0": [0, 0, 0],
						"1.0": [0, 0.4, 0],
						"2.0": [0, 0, 0]
					}
				},
				"tail": {
					"rotation": {
						"0.0": [0, 0, 0],
						"0.5": [8.75, 0, 0],
						"1.0": [7.5, 0, 0],
						"1.5": [-3.75, 0, 0],
						"2.0": [0, 0, 0]
					}
				},
				"rightDownTail": {
					"rotation": {
						"0.0": [0, 0, 0],
						"0.5": [5, 0, 0],
						"1.0": [20, 0, 0],
						"1.5": [35, 0, 0],
						"2.0": [0, 0, 0]
					}
				}
			}
		},
		"animation.linoone.attack": {
			"animation_length": 0.66667,
			"bones": {
				"body": {
					"rotation": {
						"0.0": [0, 0, 0],
						"0.25": [-30, 0, 0],
						"0.4167": [7.5, 0, 0],
						"0.6667": [0, 0, 0]
					},
					"position": {
						"0.0": [0, 0, 0],
						"0.25": [0, 2.5, 0],
						"0.4167": [0, 0.6, 1.1],
						"0.6667": [0, 0, 0]
					}
				},
				"tail": {
					"rotation": {
						"0.0": [0, 0, 0],
						"0.2083": [2.5, 0, 0],
						"0.3333": [-13.57, 0, 0],
						"0.5": [40, 0, 0],
						"0.6667": [0, 0, 0]
					}
				},
				"rightDownTail": {
					"rotation": {
						"0.0": [0, 0, 0],
						"0.2083": [62.5, 0, 0],
						"0.3333": [-3.21, 0, 0],
						"0.5": [70, 0, 0],
						"0.6667": [0, 0, 0]
					}
				},
				"head": {
					"rotation": {
						"0.0": [0, 0, 0],
						"0.25": [-32.5, 0, 0],
						"0.5": [15, 0, 0],
						"0.6667": [0, 0, 0]
					}
				},
				"rightFrontLeg": {
					"rotation": {
						"0.0": [0, 0, 0],
						"0.25": [-109.27896, 38.3808, -12.25294],
						"0.5": [-17.19212, 28.87909, -8.49878],
						"0.6667": [0, 0, 0]
					},
					"position": {
						"0.0": [0, 0, 0],
						"0.25": [0, 4.5, 0],
						"0.5": [0, -0.2, 0],
						"0.6667": [0, 0, 0]
					}
				},
				"leftFrontLeg": {
					"rotation": {
						"0.0": [0, 0, 0],
						"0.25": [-109.27896, -38.3808, 12.25294],
						"0.5": [-17.19212, -28.87909, 8.49878],
						"0.6667": [0, 0, 0]
					},
					"position": {
						"0.0": [0, 0, 0],
						"0.25": [0, 4.5, 0],
						"0.5": [0, -0.2, 0],
						"0.6667": [0, 0, 0]
					}
				}
			}
		},
		"animation.linoone.sleeping": {
			"loop": true,
			"animation_length": 2,
			"bones": {
				"body": {
					"rotation": {
						"0.0": [-5, 0, 0],
						"1.0": [7.5, 0, 0],
						"1.1667": [-2.94, 0, 0],
						"2.0": [-2.5, 0, 0]
					},
					"position": {
						"0.0": [0, -0.7, 0],
						"1.0": [0, -0.2, 0],
						"2.0": [0, -0.7, 0]
					}
				},
				"head": {
					"rotation": {
						"0.0": [12.5, 0, 0],
						"0.3333": [5, 0, 0]
					},
					"position": {
						"0.0": [0, 0, 0],
						"0.3333": [0, 0, 0]
					}
				},
				"rightFrontLeg": {
					"rotation": [-2.5, 0, 0],
					"position": [0, 0, 0.9]
				},
				"rightBackLeg": {
					"rotation": [53.63705, 25.48946, 44.76827],
					"position": [0, -1.2, 0]
				},
				"tail": {
					"rotation": {
						"0.0": [34.58859, 18.82943, 12.54707],
						"1.0": [34.58859, -18.82943, -12.54707],
						"2.0": [34.58859, 18.82943, 12.54707]
					}
				},
				"rightDownTail": {
					"rotation": {
						"0.0": [39.30644, 18.20363, 5.19939],
						"1.0": [39.30644, -18.20363, -5.19939],
						"2.0": [39.30644, 18.20363, 5.19939]
					}
				},
				"leftFrontLeg": {
					"rotation": [-2.5, 0, 0],
					"position": [0, 0, 0.9]
				},
				"leftBackLeg": {
					"rotation": [58.63705, -25.48946, -44.76827],
					"position": [0, -1.2, 0]
				},
				"bone": {
					"rotation": {
						"0.0": [0, 0, 0],
						"1.1667": [-2.5, 0, 0]
					},
					"position": {
						"0.0": [0, 0, 0],
						"1.1667": [0, 1, 0]
					},
					"scale": {
						"0.0": [1, 1, 1],
						"1.1667": [1, 0.5, 1]
					}
				}
			}
		},
		"animation.linoone.faint": {
			"animation_length": 2,
			"bones": {
				"body": {
					"rotation": {
						"0.0": [-20, 0, 0],
						"0.4167": [-12.5, 0, 0]
					},
					"position": {
						"0.0": [0, 0, 0],
						"0.4167": [0, -1, 0]
					}
				},
				"head": {
					"rotation": {
						"0.0": [12.5, 0, 0],
						"0.3333": [5, 0, 0],
						"0.5417": [15, 0, 0],
						"0.75": [18.66201, 36.01651, 11.23272],
						"1.0417": [21.96591, 34.279, 16.96791],
						"1.3333": [16.90669, 36.7803, 8.27511]
					},
					"position": {
						"0.0": [0, 0, 0],
						"0.3333": [0, 0, 0]
					}
				},
				"rightFrontLeg": {
					"rotation": {
						"0.0": [-2.5, 0, 0],
						"0.125": [-17.5, 0, 0],
						"0.7083": [-13.0867, 11.72145, 41.15088]
					},
					"position": {
						"0.0": [0, 0, 0.9],
						"0.125": [0, -1, 0.9]
					}
				},
				"rightBackLeg": {
					"rotation": {
						"0.0": [53.63705, 25.48946, 44.76827],
						"0.125": [71.13937, 39.81299, 76.38097]
					},
					"position": {
						"0.0": [0, -1.2, 0],
						"0.125": [0, -1.2, 1]
					}
				},
				"tail": {
					"rotation": {
						"0.0": [34.58859, 18.82943, 12.54707],
						"0.7083": [-25.41141, -7.8456, -5.22795],
						"0.75": [-18.55718, -26.10021, -0.70672],
						"1.0": [34.58859, -18.82943, -12.54707],
						"2.0": [34.58859, 18.82943, 12.54707]
					}
				},
				"rightDownTail": {
					"rotation": {
						"0.0": [39.30644, 18.20363, 5.19939],
						"0.7083": [38.9582, -37.9002, -17.52104],
						"1.0": [39.30644, -18.20363, -5.19939],
						"2.0": [39.30644, 18.20363, 5.19939]
					},
					"position": {
						"0.0": [0, 0, 0],
						"0.7083": [0, 0, -1]
					}
				},
				"leftFrontLeg": {
					"rotation": {
						"0.0": [-2.5, 0, 0],
						"0.125": [-12.5, 0, 0],
						"0.7083": [-11.93845, -3.73171, -17.10967]
					},
					"position": {
						"0.0": [0, 0, 0.9],
						"0.125": [0, -1, 0.9]
					}
				},
				"leftBackLeg": {
					"rotation": {
						"0.0": [58.63705, -25.48946, -44.76827],
						"0.125": [77.91705, -37.97895, -80.36315]
					},
					"position": {
						"0.0": [0, -1.2, 0],
						"0.125": [0, -1.2, 1]
					}
				},
				"bone": {
					"position": {
						"0.0": [0, 0, 0],
						"0.7083": [0, 2, 0]
					},
					"scale": {
						"0.0": [1, 1, 1],
						"0.7083": [1, 0.3, 1]
					}
				}
			}
		},
		"animation.linoone.walking": {
			"loop": true,
			"animation_length": 0.83333,
			"bones": {
				"body": {
					"rotation": {
						"0.0": [5.5, 0, 0],
						"0.2083": [-5.79, 0, 0],
						"0.4167": [-2, 0, 0],
						"0.625": [-5.71, 0, 0],
						"0.8333": [5.5, 0, 0]
					},
					"position": {
						"0.0": [0, -0.3, 0],
						"0.2083": [0, 0.35, 0],
						"0.4167": [0, 0.3, 0],
						"0.625": [0, 0.55, 0],
						"0.8333": [0, -0.3, 0]
					}
				},
				"rightFrontLeg": {
					"rotation": {
						"0.0": [-17.5, 0, 0],
						"0.4167": [62.75047, -0.98938, 8.95188],
						"0.625": [33.4377, -0.41224, 3.72995],
						"0.8333": [-17.5, 0, 0]
					},
					"position": {
						"0.0": [0, -1.1, 0],
						"0.2083": [0, 0.54, 0.3],
						"0.4167": [0, 0, 0],
						"0.625": [0, 2.16, 0],
						"0.8333": [0, -1.1, 0]
					}
				},
				"rightBackLeg": {
					"rotation": {
						"0.0": [52.5, 0, 0],
						"0.2083": [-37.82582, 21.73297, 12.05645],
						"0.4167": [-35.93866, -12.2403, 8.73739],
						"0.8333": [52.5, 0, 0]
					},
					"position": {
						"0.0": [0, 0.4, 1],
						"0.4167": [0, 0, 0.1],
						"0.8333": [0, 0.4, 1]
					}
				},
				"tail": {
					"rotation": {
						"0.0": [7.5, 0, 0],
						"0.2083": [-3.75, 0, 0],
						"0.4167": [-5, 0, 0],
						"0.625": [13.75, 0, 0],
						"0.8333": [7.5, 0, 0]
					}
				},
				"rightDownTail": {
					"rotation": {
						"0.0": [45, 0, 0],
						"0.2083": [38.75, 0, 0],
						"0.4167": [7.5, 0, 0],
						"0.625": [6.25, 0, 0],
						"0.8333": [45, 0, 0]
					}
				},
				"leftFrontLeg": {
					"rotation": {
						"0.0": [-17.5, 0, 0],
						"0.4167": [62.75047, 0.98938, -8.95188],
						"0.625": [33.4377, 0.41224, -3.72995],
						"0.8333": [-17.5, 0, 0]
					},
					"position": {
						"0.0": [0, -1.1, 0],
						"0.2083": [0, 0.54, 0.3],
						"0.4167": [0, 0, 0],