{
	"format_version": "1.8.0",
	"animations": {
		"animation.lopunny.chill": {
			"loop": true,
			"animation_length": 1,
			"bones": {
				"Body": {
					"position": {
						"0.0": [0, 0, 0],
						"0.25": [0, -1, 0],
						"0.5": [0, 0, 0],
						"0.75": [0, -1, 0],
						"1.0": [0, 0, 0]
					}
				},
				"Body2": {
					"rotation": {
						"0.0": [0, 0, 0],
						"0.25": [5, 0, 0],
						"0.5": [0, 0, 0],
						"0.75": [5, 0, 0],
						"1.0": [0, 0, 0]
					},
					"position": {
						"0.0": [0, 0, 0],
						"0.5": [0, 0, 0],
						"1.0": [0, 0, 0]
					}
				},
				"Eres": {
					"rotation": {
						"0.0": [0, 0, 0],
						"0.25": [0, 0, 7.5],
						"0.5": [0, 0, 0],
						"0.75": [0, 0, 7.5],
						"1.0": [0, 0, 0]
					}
				},
				"Eresjoint1": {
					"rotation": {
						"0.0": [0, 0, 0],
						"0.25": [0, 0, 10],
						"0.5": [0, 0, 0],
						"0.75": [0, 0, 10],
						"1.0": [0, 0, 0]
					}
				},
				"Eres2": {
					"rotation": {
						"0.0": [0, 0, 0],
						"0.25": [0, 0, -7.5],
						"0.5": [0, 0, 0],
						"0.75": [0, 0, -7.5],
						"1.0": [0, 0, 0]
					}
				},
				"Eresjoint2": {
					"rotation": {
						"0.0": [0, 0, 0],
						"0.25": [0, 0, 10],
						"0.5": [0, 0, 0],
						"0.75": [0, 0, 10],
						"1.0": [0, 0, 0]
					}
				},
				"Leg1": {
					"position": {
						"0.0": [0, 0, 0],
						"0.25": [0, 1, 0],
						"0.5": [0, 0, 0],
						"0.75": [0, 1, 0],
						"1.0": [0, 0, 0]
					}
				},
				"Leg2": {
					"position": {
						"0.0": [0, 0, 0],
						"0.25": [0, 1, 0],
						"0.5": [0, 0, 0],
						"0.75": [0, 1, 0],
						"1.0": [0, 0, 0]
					}
				},
				"Arm1": {
					"rotation": {
						"0.0": [0, -12.5, -7.5],
						"0.25": [0, -17.5, -7.5],
						"0.5": [0, -12.5, -7.5],
						"0.75": [0, -17.5, -7.5],
						"1.0": [0, -12.5, -7.5]
					}
				},
				"Hand1": {
					"rotation": {
						"0.0": [-166.53361, -69.40933, 165.65143],
						"0.25": [-173.16608, -69.85071, 172.72519],
						"0.5": [-166.53361, -69.40933, 165.65143],
						"0.75": [-173.16608, -69.85071, 172.72519],
						"1.0": [-166.53361, -69.40933, 165.65143]
					}
				},
				"Arm2": {
					"rotation": {
						"0.0": [0, 12.5, 7.5],
						"0.25": [0, 15, 7.5],
						"0.5": [0, 12.5, 7.5],
						"0.75": [0, 17.5, 7.5],
						"1.0": [0, 12.5, 7.5]
					}
				},
				"Hand2": {
					"rotation": {
						"0.0": [-166.53361, 69.40933, -165.65143],
						"0.25": [-173.16608, 69.85071, -172.72519],
						"0.5": [-166.53361, 69.40933, -165.65143],
						"0.75": [-173.16608, 69.85071, -172.72519],
						"1.0": [-166.53361, 69.40933, -165.65143]
					}
				}
			}
		},
		"animation.lopunny.walk": {
			"loop": true,
			"animation_length": 2,
			"bones": {
				"Body2": {
					"rotation": {
						"0.0": [0, 0, 0],
						"0.5": [0, 10, 0],
						"1.0": [0, 0, 0],
						"1.5": [0, -10, 0],
						"2.0": [0, 0, 0]
					},
					"position": {
						"0.0": [0, 0, 0],
						"0.5": [0, 0, 0],
						"1.0": [0, 0, 0],
						"1.5": [0, 0, 0],
						"2.0": [0, 0, 0]
					}
				},
				"Head": {
					"rotation": {
						"0.0": [0, 0, 0],
						"0.5": [6.1251, -10.89098, 7.57265],
						"1.0": [0, 0, 0],
						"1.5": [0, 17.5, 0],
						"2.0": [0, 0, 0]
					}
				},
				"Eres": {
					"rotation": {
						"0.0": [0, 0, 0],
						"0.5": [0.83855, 0.22409, -4.92249],
						"1.0": [0, 0, 0],
						"1.5": [0.83855, 0.22409, -4.92249],
						"2.0": [0, 0, 0]
					}
				},
				"Eresjoint1": {
					"rotation": {
						"0.0": [-2.09828, -2.74658, 19.75246],
						"0.5": [-0.2566, 1.18304, -4.89908],
						"1.0": [-2.09828, -2.74658, 19.75246],
						"1.5": [-0.2566, 1.18304, -4.89908],
						"2.0": [-2.09828, -2.74658, 19.75246]
					}
				},
				"Eres2": {
					"rotation": {
						"0.0": [0, 0, 0],
						"0.5": [-0.83855, 0.22409, 4.92249],
						"1.0": [0, 0, 0],
						"1.5": [-0.83855, 0.22409, 4.92249],
						"2.0": [0, 0, 0]
					}
				},
				"Eresjoint2": {
					"rotation": {
						"0.0": [-2.09828, -2.74658, 19.75246],
						"0.5": [-0.2566, 1.18304, -4.89908],
						"1.0": [-2.09828, -2.74658, 19.75246],
						"1.5": [-0.2566, 1.18304, -4.89908],
						"2.0": [-2.09828, -2.74658, 19.75246]
					}
				},
				"Leg1": {
					"rotation": {
						"0.0": [0, 0, 0],
						"0.5": [-30, 0, 0],
						"1.0": [0, 0, 0],
						"1.5": [7.5, 0, 0],
						"2.0": [0, 0, 0]
					},
					"position": {
						"0.0": [0, 0, 0],
						"0.5": [0, 0, -1],
						"1.0": [0, 0, -0.5],
						"1.5": [0, 0, 0],
						"2.0": [0, 0, -0.5]
					}
				},
				"Foot1": {
					"rotation": {
						"0.0": [0, 0, 0],
						"0.5": [22.5, 0, 0],
						"1.0": [0, 0, 0],
						"1.5": [0, 0, 0],
						"2.0": [0, 0, 0]
					},
					"position": {
						"0.0": [0, 0, 0],
						"0.5": [0, 0, 0],
						"1.0": [0, 0, 0],
						"1.5": [0, 0, 0],
						"2.0": [0, 0, 0]
					}
				},
				"Leg2": {
					"rotation": {
						"0.0": [0, 0, 0],
						"0.5": [7.5, 0, 0],
						"1.0": [0, 0, 0],
						"1.5": [-30, 0, 0],
						"2.0": [0, 0, 0]
					},
					"position": {
						"0.0": [0, 0, 0],
						"0.5": [0, 0, 0],
						"1.0": [0, 0, 0],
						"1.5": [0, 0, -2],
						"2.0": [0, 0, 0]
					}
				},
				"Foot2": {
					"rotation": {
						"0.0": [0, 0, 0],
						"0.5": [0, 0, 0],
						"1.0": [0, 0, 0],
						"1.5": [22.5, 0, 0],
						"2.0": [0, 0, 0]
					},
					"position": {
						"0.0": [0, 0, 0],
						"0.5": [0, 0, 0],
						"1.0": [0, 0, 0],
						"1.5": [0, 0, 0],
						"2.0": [0, 0, 0]
					}
				},
				"Arm1": {
					"rotation": {
						"0.0": [0, 0, 20],
						"0.5": [5.77509, -8.17773, 19.58682],
						"1.0": [0, 0, 20],
						"1.5": [-5.77509, 8.17773, 19.58682],
						"2.0": [0, 0, 20]
					}
				},
				"Hand1": {
					"rotation": {
						"0.0": [0, 0, -47.5],
						"0.5": [9.91615, -1.29876, -47.61267],
						"1.0": [0, 0, -47.5]
					}
				},
				"Arm2": {
					"rotation": {
						"0.0": [0, 0, -20],
						"1.0": [0, 0, -20],
						"1.5": [4.31837, 6.13784, -19.76837],
						"2.0": [0, 0, -20]
					}
				},
				"Hand2": {
					"rotation": [0, 0, 47.5]
				}
			}
		},
		"animation.lopunny.sitting": {
			"loop": true,
			"animation_length": 1,
			"bones": {
				"Body": {
					"position": [0, -7, 0]
				},
				"Head": {
					"rotation": {
						"0.0": [0, 0, 0],
						"0.25": [5, 0, -7.5],
						"0.5": [0, 0, 0],
						"0.75": [5, 0, 7.5],
						"1.0": [0, 0, 0]
					}
				},
				"Eyebrow1": {
					"rotation": {
						"0.0": [-7.5, 0, 0],
						"0.25": [-17.5, 0, 0],
						"0.5": [-7.5, 0, 0],
						"0.75": [-17.5, 0, 0],
						"1.0": [-7.5, 0, 0]
					}
				},
				"Eyebrow2": {
					"rotation": {
						"0.0": [-7.5, 0, 0],
						"0.25": [-17.5, 0, 0],
						"0.5": [-7.5, 0, 0],
						"0.75": [-17.5, 0, 0],
						"1.0": [-7.5, 0, 0]
					}
				},
				"Eres": {
					"rotation": {
						"0.0": [0, 0, 0],
						"0.5": [0, 0, -2.5],
						"1.0": [0, 0, 0]
					}
				},
				"Eresjoint1": {
					"rotation": {
						"0.0": [0, 0, 0],
						"0.25": [0, 0, -7.5],
						"0.5": [0, 0, 0],
						"0.75": [0, 0, 10],
						"1.0": [0, 0, 0]
					}
				},
				"Eres2": {
					"rotation": {
						"0.0": [0, 0, 0],
						"0.5": [0, 0, 0],
						"1.0": [0, 0, 0]
					}
				},
				"Eresjoint2": {
					"rotation": {
						"0.0": [0, 0, 0],
						"0.25": [0, 0, 10],
						"0.5": [0, 0, 0],
						"0.75": [0, 0, -7.5],
						"1.0": [0, 0, 0]
					}
				},
				"Leg1": {
					"rotation": {
						"0.0": [-90, 0, 0],
						"0.25": [-90, 7.5, 0],
						"0.5": [-90, 0, 0],
						"0.75": [-90, 7.5, 0],
						"1.0": [-90, 0, 0]
					}
				},
				"Foot1": {
					"rotation": {
						"0.0": [0, 0, 125],
						"1.0": [0, 0, 125]
					}
				},
				"Leg2": {
					"rotation": {
						"0.0": [-90, 0, 0],
						"0.25": [-90, -7.5, 0],
						"0.5": [-90, 0, 0],
						"0.75": [-90, -7.5, 0],
						"1.0": [-90, 0, 0]
					}
				},
				"Foot2": {
					"rotation": {
						"0.0": [0, 0, -125],
						"1.0": [0, 0, -125]
					}
				},
				"Arm1": {
					"rotation": {
						"0.0": [27.55814, -17.94973, -4.43607],
						"1.0": [27.55814, -17.94973, -4.43607]
					}
				},