{
	"format_version": "1.8.0",
	"animations": {
		"animation.magikarp.swimming": {
			"loop": true,
			"animation_length": 0.5,
			"bones": {
				"Body": {
					"rotation": {
						"0.0": [0, 0, 0],
						"0.125": [0, 5, 0],
						"0.25": [0, 0, 0],
						"0.375": [0, -5, 0],
						"0.5": [0, 0, 0]
					},
					"position": [0, 0, 0]
				},
				"Tail": {
					"rotation": {
						"0.0": [0, 0, 0],
						"0.125": [0, -12.5, 0],
						"0.25": [0, 0, 0],
						"0.375": [0, 12.5, 0],
						"0.5": [0, 0, 0]
					}
				},
				"Fins1": {
					"rotation": {
						"0.0": [0, 0, 0],
						"0.125": [10, 0, 0],
						"0.25": [0, 0, 0],
						"0.375": [-10, 0, 0],
						"0.5": [0, 0, 0]
					}
				},
				"Fins2": {
					"rotation": {
						"0.0": [0, 0, 0],
						"0.125": [10, 0, 0],
						"0.25": [0, 0, 0],
						"0.375": [-10, 0, 0],
						"0.5": [0, 0, 0]
					}
				},
				"Moustache1": {
					"rotation": {
						"0.0": [70, 0, 0],
						"0.125": [69.92969, 4.69776, -1.71394],
						"0.25": [70, 0, 0],
						"0.375": [69.92969, 4.69776, -1.71394],
						"0.5": [70, 0, 0]
					}
				},
				"Moustache2": {
					"rotation": {
						"0.0": [70, 0, 0],
						"0.125": [69.92969, -4.69776, 1.71394],
						"0.25": [70, 0, 0],
						"0.375": [69.92969, 4.69776, -1.71394],
						"0.5": [70, 0, 0]
					},
					"position": [0, 0, 0]
				}
			}
		},
		"animation.magikarp.chill": {
			"loop": true,
			"animation_length": 0.5,
			"bones": {
				"Body": {
					"rotation": {
						"0.0": [0, 0, 92.5],
						"0.5": [0, 0, 92.5]
					},
					"position": {
						"0.0": [0, -1, 0],
						"0.25": [0, 0.5, 0],
						"0.5": [0, -1, 0]
					}
				},
				"Tophair": {
					"rotation": {
						"0.0": [0, 0, 35],
						"0.25": [0, 0, 20],
						"0.5": [0, 0, 35]
					}
				},
				"Bottomhair": {
					"rotation": {
						"0.0": [0, 0, -50],
						"0.25": [0, 0, -30],
						"0.5": [0, 0, -50]
					}
				},
				"Tail": {
					"rotation": {
						"0.0": [1.03509, 22.47741, 0.20569],
						"0.25": [0, 0, 0],
						"0.5": [1.03509, 22.47741, 0.20569]
					}
				},
				"Moustache2": {
					"rotation": {
						"0.0": [0, 0, 10],
						"0.25": [0, 0, 0],
						"0.5": [0, 0, 10]
					}
				},
				"Moustache1": {
					"rotation": {
						"0.0": [0, 0, -42.5],
						"0.25": [0, 0, -35],
						"0.5": [0, 0, -42.5]
					}
				},
				"Fins1": {
					"rotation": {
						"0.0": [0, -17.5, 27.5],
						"0.25": [5.41615, -16.66577, 16.70612],
						"0.4583": [0, -17.5, 27.5]
					}
				},
				"Fins2": {
					"rotation": {
						"0.0": [0.66963, 14.98539, -39.91193],
						"0.25": [1.3378, 14.94159, -32.32456],
						"0.4583": [0.66963, 14.98539, -39.91193]
					}
				}
			}
		},
		"animation.magikarp.walk": {
			"loop": true,
			"animation_length": 0.5,
			"bones": {
				"Body": {
					"rotation": {
						"0.0": [0, 0, 90],
						"0.1667": [0, 15, 90],
						"0.3333": [0, -20, 90],
						"0.5": [0, 0, 90]
					},
					"position": {
						"0.0": [0, -1, 0],
						"0.1667": [0, 5, 0],
						"0.3333": [0, 3, 0],
						"0.5": [0, -1, 0]
					}
				},
				"Tophair": {
					"rotation": {
						"0.0": [0, 0, 32.5],
						"0.1667": [0, 0, 30],
						"0.3333": [0, 0, -47.5],
						"0.5": [0, 0, 32.5]
					}
				},
				"Bottomhair": {
					"rotation": {
						"0.0": [0, 0, -60],
						"0.1667": [0, 0, -45],
						"0.3333": [0, 0, 60],
						"0.5": [0, 0, -60]
					}
				},
				"Tail": {
					"rotation": {
						"0.0": [0, 35, 0],
						"0.1667": [0, 38.75, 0],
						"0.3333": [0, -32.5, 0],
						"0.5": [0, 35, 0]
					}
				},
				"Moustache2": {
					"rotation": {
						"0.0": [0, 0, 10],
						"0.1667": [14.83372, 1.06354, -33.1564],
						"0.3333": [0, 0, 40],
						"0.5": [0, 0, 10]
					}
				},
				"Moustache1": {
					"rotation": {
						"0.0": [0, 0, -32.5],
						"0.1667": [9.89727, 2.29414, -32.29145],
						"0.3333": [0, 0, 45],
						"0.5": [0, 0, -32.5]
					}
				},
				"Fins1": {
					"rotation": {
						"0.0": [0, -12.5, 22.5],
						"0.1667": [11.02717, -15.90785, -3.52519],
						"0.3333": [5.31862, -15.49236, 37.67187],
						"0.5": [0, -12.5, 22.5]
					}
				},
				"Fins2": {
					"rotation": {
						"0.0": [0, 15, -42.5],
						"0.1667": [7.11919, 19.01352, -39.47531],
						"0.3333": [8.59677, 19.42639, -14.05057],
						"0.5": [0, 15, -42.5]
					}
				}
			}
		}
	}
}