{
	"format_version": "1.8.0",
	"animations": {
		"animation.marill.idle": {
			"loop": true,
			"animation_length": 2.5,
			"bones": {
				"body": {
					"rotation": [0, 0, 0],
					"position": {
						"0.0": [0, 0, 0],
						"0.125": [0, 1, 0],
						"0.25": [0, 1.2, 0],
						"0.375": [0, 1.3, 0],
						"0.5": [0, 1.3, 0],
						"0.625": [0, 1.2, 0],
						"0.75": [0, 1, 0],
						"1.0": [0, 0, 0],
						"1.25": [0, 0, 0],
						"1.375": [0, 0.3, 0],
						"1.5": [0, 0.5, 0],
						"1.625": [0, 0.6, 0],
						"1.75": [0, 0.6, 0],
						"1.875": [0, 0.5, 0],
						"2.0": [0, 0.3, 0],
						"2.25": [0, 0, 0],
						"2.5": [0, 0, 0]
					}
				},
				"right_arm": {
					"rotation": {
						"0.0": [0, 0, 0],
						"0.125": [0, 0, 5],
						"0.25": [0, 0, 7.5],
						"0.375": [0, 0, 10],
						"0.5": [0, 0, 12.5],
						"0.625": [0, 0, 15],
						"0.75": [0, 0, 17.5],
						"0.875": [0, 0, 17.5],
						"1.0": [0, 0, 7.5],
						"1.125": [0, 0, 0],
						"1.25": [0, 0, 0],
						"1.375": [0, 0, 2.5],
						"1.5": [0, 0, 5],
						"1.625": [0, 0, 7.5],
						"1.75": [0, 0, 10],
						"1.875": [0, 0, 12.5],
						"2.0": [0, 0, 15],
						"2.125": [0, 0, 15],
						"2.25": [0, 0, 7.5],
						"2.375": [0, 0, 0]
					}
				},
				"left_arm": {
					"rotation": {
						"0.0": [0, 0, 0],
						"0.125": [0, 0, -5],
						"0.25": [0, 0, -7.5],
						"0.375": [0, 0, -10],
						"0.5": [0, 0, -12.5],
						"0.625": [0, 0, -15],
						"0.75": [0, 0, -17.5],
						"0.875": [0, 0, -17.5],
						"1.0": [0, 0, -7.5],
						"1.125": [0, 0, 0],
						"1.25": [0, 0, 0],
						"1.375": [0, 0, -2.5],
						"1.5": [0, 0, -5],
						"1.625": [0, 0, -7.5],
						"1.75": [0, 0, -10],
						"1.875": [0, 0, -12.5],
						"2.0": [0, 0, -15],
						"2.125": [0, 0, -15],
						"2.25": [0, 0, -10],
						"2.375": [0, 0, 0]
					}
				},
				"legs": {
					"rotation": {
						"0.0": [0, 0, 0],
						"0.125": [17.5, 0, 0],
						"0.25": [20, 0, 0],
						"0.5": [20, 0, 0],
						"0.625": [17.5, 0, 0],
						"0.75": [15, 0, 0],
						"1.0": [0, 0, 0],
						"1.25": [0, 0, 0],
						"1.375": [5, 0, 0],
						"1.5": [7.5, 0, 0],
						"1.625": [9, 0, 0],
						"1.75": [9, 0, 0],
						"1.875": [7.5, 0, 0],
						"2.0": [5, 0, 0],
						"2.25": [0, 0, 0],
						"2.5": [0, 0, 0]
					}
				},
				"tail": {
					"rotation": {
						"0.0": [73.76, -6.61, -21.56],
						"0.125": [63.75926, -6.60796, -21.55613],
						"0.25": [56.25926, -6.60796, -21.55613],
						"0.375": [51.25926, -6.60796, -21.55613],
						"0.5": [51.26, -6.61, -21.56],
						"0.625": [51.26, -6.61, -21.56],
						"0.75": [56.26, -6.61, -21.56],
						"0.875": [61.26, -6.61, -21.56],
						"1.0": [66.26, -6.61, -21.56],
						"1.125": [76.26, -6.61, -21.56],
						"1.25": [81.26, -6.61, -21.56],
						"1.375": [73.76, -6.61, -21.56],
						"1.5": [68.76, -6.61, -21.56],
						"1.625": [66.26, -6.61, -21.56],
						"1.75": [66.26, -6.61, -21.56],
						"1.875": [68.76, -6.61, -21.56],
						"2.0": [73.76, -6.61, -21.56],
						"2.125": [76.26, -6.61, -21.56],
						"2.25": [73.76, -6.61, -21.56],
						"2.5": [73.76, -6.61, -21.56]
					}
				},
				"bone4": {
					"rotation": {
						"0.0": [7.5, 0, 0],
						"0.125": [15, 0, 0],
						"0.25": [15, 0, 0],
						"0.375": [15, 0, 0],
						"0.5": [8.30124, 0.68643, 3.26439],
						"0.625": [3.86084, 1.35327, 5.38695],
						"0.75": [-6.13916, 1.35327, 5.38695],
						"0.875": [-16.13916, 1.35327, 5.38695],
						"1.0": [-18.63916, 1.35327, 5.38695],
						"1.125": [-16.13916, 1.35327, 5.38695],
						"1.25": [-6.593, -0.4165, 3.57873],
						"1.375": [3.407, -0.4165, 3.57873],
						"1.5": [8.407, -0.4165, 3.57873],
						"1.625": [13.407, -0.4165, 3.57873],
						"1.75": [13.41, -0.42, 3.58],
						"1.875": [10.91, -0.42, 3.58],
						"2.5": [7.5, 0, 0]
					}
				},
				"bone3": {
					"rotation": {
						"0.0": [-40, 0, 0],
						"0.125": [-20.15874, 7.04533, -2.57816],
						"0.25": [-10.15874, 7.04533, -2.57816],
						"0.375": [-10.16, 7.05, -2.58],
						"0.5": [-10.16, 7.05, -2.58],
						"0.625": [-12.66, 7.05, -2.58],
						"0.75": [-27.43391, 0.39822, 0.89396],
						"0.875": [-40.20778, -1.67616, 8.64027],
						"1.0": [-45.33513, -3.4206, 13.95526],
						"1.125": [-50.40359, -1.49504, 15.55124],
						"1.25": [-37.9, -1.5, 15.55],
						"1.375": [-12.28643, -4.23573, 3.33652],
						"1.5": [-20.32432, -2.0566, 13.11156],
						"1.625": [-32.82432, -2.0566, 13.11156],
						"1.75": [-35.32, -2.06, 13.11],
						"1.875": [-32.82, -2.06, 13.11],
						"2.0": [-40.21333, -1.37333, 8.74],
						"2.125": [-42.60667, -0.68667, 4.37],
						"2.25": [-36.73778, -0.45778, 2.91333],
						"2.5": [-40, 0, 0]
					}
				},
				"left_ear": {
					"rotation": {
						"0.0": [0, 0, 0],
						"0.125": [0, 0, 0],
						"0.25": [0, 0, 2.5],
						"0.375": [0, 0, 5],
						"0.5": [0, 0, 5],
						"0.625": [0, 0, 2.5],
						"0.75": [0, 0, 0],
						"1.25": [0, 0, 0],
						"1.375": [0, 0, 0],
						"1.5": [0, 0, 2.5],
						"1.625": [0, 0, 2.5],
						"1.75": [0, 0, 0]
					}
				},
				"right_ear": {
					"rotation": {
						"0.0": [0, 0, 0],
						"0.125": [0, 0, 0],
						"0.25": [0, 0, -2.5],
						"0.375": [0, 0, -5],
						"0.5": [0, 0, -5],
						"0.625": [0, 0, -2.5],
						"0.75": [0, 0, 0],
						"1.25": [0, 0, 0],
						"1.375": [0, 0, 0],
						"1.5": [0, 0, -2.5],
						"1.625": [0, 0, -2.5],
						"1.75": [0, 0, 0]
					}
				}
			}
		},
		"animation.marill.sitting": {
			"loop": true,
			"animation_length": 1,
			"bones": {
				"Marill": {
					"position": [0, -1.5, 0]
				},
				"Left_Leg": {
					"rotation": [-72.5, 0, 0],
					"position": [-1, 2, -5]
				},
				"Right_Leg": {
					"rotation": [-70, 0, 0],
					"position": [1, 2, -5]
				},
				"Tail": {
					"rotation": [20, 0, 0]
				},
				"Left_Arm": {
					"rotation": [0, 0, -20]
				},
				"Right_Arm": {
					"rotation": [0, 0, 20]
				}
			}
		},
		"animation.marill.walking": {
			"loop": true,
			"animation_length": 1.625,
			"bones": {
				"body": {
					"rotation": {
						"0.0": [0, 0, 0],
						"0.25": [0, 0, -2.5],
						"0.375": [0, 0, -5],
						"0.5": [0, 0, -7.5],
						"0.625": [0, 0, -5],
						"0.875": [0, 0, 0],
						"1.125": [0, 0, 2.5],
						"1.25": [0, 0, 5],
						"1.375": [0, 0, 7.5],
						"1.625": [0.37853, 0.44824, 0.036]
					},
					"position": {
						"0.0": [0, 0, 0],
						"0.125": [0, 0.2, 0],
						"0.25": [0, 2, 0],
						"0.375": [0, 2, 0],
						"0.5": [0, 1.3, 0],
						"0.625": [0, 0.5, 0],
						"0.75": [0, 0, 0],
						"0.875": [0, 0, 0],
						"1.0": [0, 0.2, 0],
						"1.125": [0, 2, 0],
						"1.25": [0, 2, 0],
						"1.375": [0, 1.3, 0],
						"1.5": [0, 0.5, 0],
						"1.625": [0, 0, 0]
					}
				},
				"right_arm": {
					"rotation": {
						"0.0": [0, 0, 32.5],
						"0.125": [0, 0, 20],
						"0.25": [0, 0, 0],
						"0.375": [0, 0, 22.5],
						"0.5": [0, 0, 52.5],
						"0.625": [0, 0, 62.5],
						"0.75": [0, 0, 57.5],
						"0.875": [0, 0, 30],
						"1.0": [0, 0, 10],
						"1.125": [0, 0, 27.5],
						"1.25": [0, 0, 52.5],
						"1.375": [0, 0, 60],
						"1.5": [0, 0, 60],
						"1.625": [0, 0, 32.5]
					}
				},
				"left_arm": {
					"rotation": {
						"0.0": [0, 0, -35],
						"0.125": [0, 0, -7.5],
						"0.25": [0, 0, 0],
						"0.375": [0, 0, -22.5],
						"0.5": [0, 0, -55],
						"0.625": [0, 0, -57.5],
						"0.75": [0, 0, -50],
						"0.875": [0, 0, -25],
						"1.0": [0, 0, -10],
						"1.125": [0, 0, -25],
						"1.25": [0.81873, 1.25294, -49.94185],
						"1.375": [0.7064, 1.31953, -54.94267],
						"1.5": [0.7064, 1.31953, -54.94267],
						"1.625": [0, 0, -35]
					}
				},
				"left_leg": {
					"rotation": {
						"0.0": [160, 0, 0],
						"0.25": [160, 0, 0],
						"0.375": [97.5, 0, 0],
						"0.5": [15, 0, 0],
						"0.625": [-17.5, 0, 0],
						"0.75": [0, 0, 0],
						"0.875": [0, 0, 0],
						"1.0": [5, 0, 0],
						"1.125": [65, 0, 0],
						"1.25": [87.5, 0, 0],
						"1.375": [127.5, 0, 0],
						"1.5": [145, 0, 0],