{"format_version":"1.8.0","animations":{"animation.meowstic.ground_idle":{"loop":true,"animation_length":2,"bones":{"body":{"position":{"0.0":[0,0.1,0],"0.25":[0,0,0],"0.75":[0,-0.4,0],"1.0":[0,-0.5,0],"1.25":[0,-0.4,0],"1.75":[0,0,0],"2.0":[0,0.1,0]}},"head":{"rotation":{"0.0":[0,0,0],"0.25":[-0.89,0,0],"0.375":[-1,0,0],"0.75":[-0.5,0,0],"1.0":[0.95,0,0],"1.25":[2.5,0,0],"1.375":[2.8,0,0],"1.5":[2.5,0,0],"1.75":[1.53,0,0],"2.0":[0,0,0]}},"ear1":{"rotation":{"0.0":[25.08377,-4.53051,35.38249],"0.5":[22.98,-4.53,35.38],"1.0":[25.08,-4.53,35.38],"1.25":[27.58,-4.53,35.38],"1.375":[28.58,-4.53,35.38],"1.625":[27.58,-4.53,35.38],"2.0":[25.08,-4.53,35.38]}},"bone":{"rotation":[35,0,0]},"ear2":{"rotation":{"0.0":[18.17779,6.44361,-29.575],"0.5":[15.98,6.44,-29.57],"1.0":[18.18,6.44,-29.57],"1.25":[20.68,6.44,-29.57],"1.375":[22.08,6.44,-29.57],"1.625":[21.68,6.44,-29.57],"2.0":[18.18,6.44,-29.57]}},"bone2":{"rotation":[37.5,0,0]},"hair":{"rotation":{"0.0":[0,0,0],"0.5":[-2.5,0,0],"1.0":[0,0,0],"1.5":[2.5,0,0],"2.0":[0,0,0]}},"arm2":{"rotation":{"0.0":[0,0,60],"0.5":[0,0,57.5],"1.0":[0,0,60],"1.5":[0,0,62.5],"2.0":[0,0,60]}},"arm1":{"rotation":{"0.0":[0,0,-60],"0.5":[0,0,-57.5],"1.0":[0,0,-60],"1.5":[0,0,-62.5],"2.0":[0,0,-60]}},"tail2":{"rotation":{"0.0":[20,-17.5,0],"0.5":[24.16667,-17.5,0],"0.75":[24.33,-17.5,0],"1.0":[22.5,-17.5,0],"1.5":[17.5,-17.5,0],"1.75":[16.75,-17.5,0],"2.0":[20,-17.5,0]}},"tail2_part2":{"rotation":{"0.0":[11.5,0,0],"0.25":[21.75,0,0],"0.5":[28,0,0],"0.75":[31.75,0,0],"1.0":[32.5,0,0],"1.25":[26.75,0,0],"1.4583":[18,0,0],"1.75":[11.25,0,0],"2.0":[11.5,0,0]}},"tail1":{"rotation":{"0.0":[22.5,17.5,0],"0.5":[31.25,17.5,0],"0.75":[30.13,17.5,0],"1.0":[25,17.5,0],"1.5":[17.5,17.5,0],"1.75":[19,17.5,0],"2.0":[22.5,17.5,0]}},"tail1_part2":{"rotation":{"0.0":[11,0,0],"0.25":[8,0,0],"0.5":[13,0,0],"1.0":[29,0,0],"1.25":[32.25,0,0],"1.5":[29.5,0,0],"1.75":[20.75,0,0],"2.0":[11,0,0]}}}},"animation.meowstic.walking":{"loop":true,"animation_length":1,"bones":{"ear1":{"rotation":{"0.0":[25.08377,-4.53051,35.38249],"0.125":[22.58377,-4.53051,35.38249],"0.25":[21.58,-4.53,35.38],"0.375":[22.58377,-4.53051,35.38249],"0.5":[25.08377,-4.53051,35.38249],"0.625":[22.58377,-4.53051,35.38249],"0.75":[21.58,-4.53,35.38],"0.875":[22.58377,-4.53051,35.38249],"1.0":[25.08377,-4.53051,35.38249]}},"bone":{"rotation":[35,0,0]},"ear2":{"rotation":{"0.0":[16.48,6.44,-29.57],"0.125":[15.18,6.44,-29.57],"0.25":[14.78,6.44,-29.57],"0.375":[16.18,6.44,-29.57],"0.5":[17.58,6.44,-29.57],"0.625":[15.18,6.44,-29.57],"0.75":[12.68,6.44,-29.57],"0.875":[14.18,6.44,-29.57],"1.0":[16.48,6.44,-29.57]}},"bone2":{"rotation":[37.5,0,0]},"arm2":{"rotation":{"0.0":[0,-20,60],"0.25":[0,-10,60],"0.5":[0,20,60],"0.75":[0,5,60],"1.0":[0,-20,60]}},"arm1":{"rotation":{"0.0":[0,-20,-60],"0.25":[0,-5,-60],"0.5":[12.73247,26.34266,-54.07299],"0.75":[11.54287,9.22711,-57.92296],"1.0":[0,-20,-60]}},"tail2":{"rotation":{"0.0":[20,-17.5,0],"0.125":[23.5,-17.5,0],"0.25":[25,-17.5,0],"0.375":[23.5,-17.5,0],"0.5":[20,-17.5,0],"0.625":[16.5,-17.5,0],"0.75":[15,-17.5,0],"0.875":[16.5,-17.5,0],"1.0":[20,-17.5,0]}},"tail2_part2":{"rotation":{"0.0":[7.5,0,0],"0.25":[12.5,0,0],"0.5":[15,0,0],"0.75":[12.5,0,0],"1.0":[7.5,0,0]}},"tail1":{"rotation":{"0.0":[24.5,17.5,0],"0.125":[21.5,17.5,0],"0.25":[20.5,17.5,0],"0.375":[22.5,17.5,0],"0.5":[24.5,17.5,0],"0.625":[26.1,17.5,0],"0.75":[27,17.5,0],"0.875":[26.1,17.5,0],"1.0":[24.5,17.5,0]}},"tail1_part2":{"rotation":{"0.0":[22.5,0,0],"0.25":[16.5,0,0],"0.5":[13,0,0],"0.75":[17.5,0,0],"1.0":[22.5,0,0]}},"body":{"rotation":{"0.0":[-2.5,0,-0.5],"0.25":[0,0,0],"0.5":[-2.5,0,-0.5],"0.75":[0,0,0],"1.0":[-2.5,0,-0.5]}},"head":{"rotation":{"0.0":[5,0,0],"0.125":[3.75,0,0],"0.25":[5,0,0],"0.375":[6.5,0,0],"0.5":[5,0,0],"0.625":[3.75,0,0],"0.75":[5,0,0],"0.875":[6.5,0,0],"1.0":[5,0,0]}},"hair":{"rotation":{"0.0":[0,0,0],"0.25":[-5,0,0],"0.5":[0,0,0],"0.75":[-5,0,0],"1.0":[0,0,0]}},"leg1":{"rotation":{"0.0":[-25,0,0],"0.25":[0,0,0],"0.5":[27.5,0,0],"0.75":[0,0,0],"1.0":[-25,0,0]},"position":{"0.0":[0,0,0],"0.25":[0,0,0],"0.5":[0,0,0],"0.75":[0,1,0],"1.0":[0,0,0]}},"leg_2":{"rotation":{"0.0":[35,0,0],"0.25":[-2.5,0,0],"0.5":[-27.5,0,0],"0.75":[4.66178,-4.80755,-0.25861],"1.0":[35,0,0]},"position":{"0.0":[0,0,0],"0.25":[0,1,0],"0.5":[0,0,0],"0.75":[0,0,0],"1.0":[0,0,0]}}}},"animation.meowstic.blink":{"animation_length":2,"bones":{"eye1":{"position":{"0.0":[0,0,0],"0.0417":[0,-1.5,0],"0.0833":[0,-1.5,0],"0.125":[0,0,0]},"scale":{"0.0":[1,1,1],"0.0417":[1,0.04,1],"0.0833":[1,0.04,1],"0.125":[1,1,1]}},"eye2":{"position":{"0.0":[0,0,0],"0.0417":[0,-1.6,0],"0.0833":[0,-1.6,0],"0.125":[0,0,0]},"scale":{"0.0":[1,1,1],"0.0417":[1,0.04,1],"0.0833":[1,0.04,1],"0.125":[1,1,1]}}}},"animation.meowstic.attack":{"animation_length":2,"bones":{"body":{"rotation":{"0.0":[0,0,0],"0.25":[0,12.5,0],"0.5":[0,12.5,0],"0.75":[0,0,0],"1.0":[0,-5,0],"1.25":[0,-5,0],"1.75":[0,0,0]},"position":[0,0.1,0]},"head":{"rotation":{"0.0":[0,0,0],"0.25":[0,-27.5,0],"0.5":[5,-27.5,0],"0.75":[-0.45382,-7.62667,3.44689],"0.875":[-0.46364,9.87277,3.30687],"1.0":[-0.4605,12.3727,3.28799],"1.25":[-0.4605,12.3727,3.28799],"1.5":[-0.4605,12.3727,3.28799],"1.75":[0,0,0]}},"ear1":{"rotation":{"0.0":[25.08377,-4.53051,35.38249],"0.25":[30.08377,-4.53051,35.38249],"0.375":[37.58377,-4.53051,35.38249],"0.5":[37.58,-4.53,35.38],"0.75":[37.58,-4.53,35.38],"1.0":[15.08,-4.53,35.38],"1.25":[15.08,-4.53,35.38],"1.5":[22.58,-4.53,35.38],"1.625":[30.08,-4.53,35.38],"1.75":[25.08377,-4.53051,35.38249]}},"bone":{"rotation":{"0.0":[35,0,0],"0.25":[32.5,0,0],"0.375":[22.5,0,0],"0.5":[22.5,0,0],"0.75":[35,0,0],"1.0":[52.5,0,0],"1.125":[40,0,0],"1.25":[32.5,0,0],"1.375":[22.5,0,0],"1.5":[22.5,0,0],"1.75":[35,0,0]}},"ear2":{"rotation":{"0.0":[18.17779,6.44361,-29.575],"0.25":[10.67779,6.44361,-29.575],"0.5":[28.17779,6.44361,-29.575],"0.625":[25.67779,6.44361,-29.575],"0.75":[25.68,6.44,-29.57],"0.875":[20.68,6.44,-29.57],"1.0":[23.18,6.44,-29.57],"1.25":[30.68,6.44,-29.57],"1.5":[18.17779,6.44361,-29.575]}},"bone2":{"rotation":{"0.0":[37.5,0,0],"0.25":[45,0,0],"0.5":[42.5,0,0],"0.75":[32.5,0,0],"0.875":[25,0,0],"1.0":[22.5,0,0],"1.25":[32.5,0,0],"1.5":[37.5,0,0]}},"hair":{"rotation":[0,0,0]},"arm2":{"rotation":{"0.0":[0,0,60],"0.125":[-15.38137,42.30224,-4.59138],"0.375":[-106.25523,78.20893,-100.68835],"0.5":[-182.7045,74.45385,-180.09548],"0.75":[-357.10253,75.51192,-354.68431],"0.875":[-354.32427,-4.90908,-382.52393],"1.0":[-354.14885,-14.85879,-383.54199],"1.25":[-354.15,-14.86,-383.54],"1.5":[-352.41503,-0.10159,-339.29127],"1.75":[-359.00865,0.4795,-299.42677]}},"arm1":{"rotation":{"0.0":[0,0,-60],"0.25":[2.20462,12.3071,-49.76228],"0.5":[2.25608,17.30331,-49.56108],"0.75":[7.48151,15.80489,-31.36448],"1.0":[8.1719,28.18957,-29.53218],"1.25":[8.17,28.19,-29.53],"1.75":[0,0,-60]}},"tail2":{"rotation":{"0.0":[20,-17.5,0],"0.125":[22.49121,-31.49427,-5.95883],"0.375":[19.57299,13.17439,10.87895],"0.5":[20.34211,20.22531,13.54993],"0.75":[20.34,20.23,13.55],"0.875":[20.34,20.23,13.55],"1.0":[19.99683,-17.4959,0.00175],"1.375":[21.44251,-26.85284,-3.81464],"1.5":[21.44,-26.85,-3.81],"1.75":[20,-17.5,0],"1.875":[19.54187,-12.79436,1.75169],"2.0":[20,-17.5,0]}},"tail2_part2":{"rotation":{"0.0":[11.5,0,0],"0.125":[11.5,0,0],"0.25":[11.77151,-12.24513,-2.53076],"0.375":[11.77,-12.25,-2.53],"0.625":[11.67069,9.7925,2.01346],"1.0":[11.67,9.79,2.01],"1.25":[11.67052,-9.80465,-2.0159],"1.5":[11.67,-9.8,-2.02],"1.75":[11.5,0,0]}},"tail1":{"rotation":{"0.0":[22.5,17.5,0],"0.125":[21.40981,-1.07663,-7.5221],"0.375":[29.59059,42.34437,13.83202],"0.5":[32.11131,46.63864,17.4258],"0.75":[32.11,46.64,17.43],"0.875":[32.11,46.64,17.43],"1.0":[21.40982,1.25177,-6.60442],"1.375":[21.62838,-8.05438,-10.27497],"1.5":[21.63,-8.05,-10.27],"1.75":[22.5,17.5,0],"1.875":[23.62659,24.40239,3.14426],"2.0":[22.5,17.5,0]}},"tail1_part2":{"rotation":{"0.0":[11,0,0],"0.125":[11,0,0],"0.25":[11.26033,-12.26673,-2.42224],"0.375":[11.26,-12.27,-2.42],