{
	"format_version": "1.8.0",
	"animations": {
		"animation.mewtwo.walk": {
			"loop": true,
			"animation_length": 1.20833,
			"bones": {
				"leftleg": {
					"rotation": {
						"0.0": [0, 0, 0],
						"0.2917": [-15, 0, 0],
						"0.625": [0, 0, 0],
						"0.9167": [15, 0, 0],
						"1.2083": [0, 0, 0]
					}
				},
				"leftarm": {
					"rotation": {
						"0.0": [50, 0, 0],
						"0.2917": [55, 0, 0],
						"0.625": [50, 0, 0],
						"0.9167": [45, 0, 0],
						"1.2083": [50, 0, 0]
					}
				},
				"tail": {
					"rotation": {
						"0.0": [0, 0, 0],
						"0.2917": [0, -12.5, 0],
						"0.625": [0, 0, 0],
						"0.9167": [0, 12.5, 0],
						"1.2083": [0, 0, 0]
					}
				},
				"rightarm": {
					"rotation": {
						"0.0": [50, 0, 0],
						"0.2917": [45, 0, 0],
						"0.625": [50, 0, 0],
						"0.9167": [55, 0, 0],
						"1.2083": [50, 0, 0]
					}
				},
				"rightleg": {
					"rotation": {
						"0.0": [0, 0, 0],
						"0.2917": [15, 0, 0],
						"0.625": [0, 0, 0],
						"0.9167": [-15, 0, 0],
						"1.2083": [0, 0, 0]
					}
				},
				"all": {
					"position": {
						"0.0": [0, 0, 0],
						"0.2917": [0, 0.3, 0],
						"0.625": [0, 0, 0],
						"0.9167": [0, 0.3, 0],
						"1.2083": [0, 0, 0]
					}
				}
			}
		},
		"animation.mewtwo.chill": {
			"loop": true,
			"animation_length": 1.20833,
			"bones": {
				"leftarm": {
					"rotation": [60, 0, 0]
				},
				"tail": {
					"rotation": {
						"0.0": [0, 0, 0],
						"0.2917": [0, -12.5, 0],
						"0.625": [0, 0, 0],
						"0.9167": [0, 12.5, 0],
						"1.2083": [0, 0, 0]
					}
				},
				"rightarm": {
					"rotation": [60, 0, 0]
				},
				"all": {
					"scale": {
						"0.0": [1, 1, 1],
						"0.2917": [1, 1.02, 1],
						"0.625": [1, 1, 1],
						"0.9167": [1, 1.02, 1],
						"1.2083": [1, 1, 1]
					}
				}
			}
		},
		"animation.mewtwo.sitting": {
			"loop": true,
			"animation_length": 1.20833,
			"bones": {
				"tail": {
					"rotation": {
						"0.0": [0, 0, 0],
						"0.2917": [0, -12.5, 0],
						"0.625": [0, 0, 0],
						"0.9167": [0, 12.5, 0],
						"1.2083": [0, 0, 0]
					}
				},
				"all": {
					"position": {
						"0.0": [0, -13, 0],
						"0.8333": [0, -14, 0]
					},
					"scale": {
						"0.0": [1, 1, 1],
						"0.2917": [1, 1.02, 1],
						"0.625": [1, 1, 1],
						"0.9167": [1, 1.02, 1],
						"1.2083": [1, 1, 1]
					}
				},
				"leftleg": {
					"rotation": [-90, 0, 0]
				},
				"leftarm": {
					"rotation": [80, 0, 0]
				},
				"rightarm": {
					"rotation": [80, 0, 0]
				},
				"rightleg": {
					"rotation": [-90, 0, 0]
				}
			}
		}
	}
}