{
	"format_version": "1.8.0",
	"animations": {
		"animation.mudkip.walk": {
			"loop": true,
			"animation_length": 1,
			"bones": {
				"all": {
					"position": [0, 0, 0]
				},
				"tail": {
					"rotation": {
						"0.0": [0, 7.5, 0],
						"0.25": [0, 0, 0],
						"0.5": [0, -10, 0],
						"0.75": [0, 0, 0],
						"1.0": [0, 7.5, 0]
					}
				},
				"rightLeg": {
					"rotation": {
						"0.0": [40, 0, 0],
						"0.5": [-35, 0, 0],
						"1.0": [40, 0, 0]
					},
					"position": {
						"0.0": [0, 0, 0],
						"0.5": [0, 0, -1],
						"1.0": [0, 0, 0]
					}
				},
				"leftLeg": {
					"rotation": {
						"0.0": [-35, 0, 0],
						"0.5": [37.5, 0, 0],
						"1.0": [-35, 0, 0]
					},
					"position": {
						"0.0": [0, 0, -1],
						"0.5": [0, 0, 0],
						"1.0": [0, 0, -1]
					}
				},
				"rightArm": {
					"rotation": {
						"0.0": [-40, 0, 0],
						"0.5": [35, 0, 0],
						"1.0": [-37.5, 0, 0]
					},
					"position": {
						"0.0": [0, 1, 0],
						"0.25": [0, -0.5, 0.5],
						"0.5": [0, 0, 1],
						"1.0": [0, 1, 0]
					}
				},
				"leftArm": {
					"rotation": {
						"0.0": [35, 0, 0],
						"0.5": [-40, 0, 0],
						"1.0": [35, 0, 0]
					},
					"position": {
						"0.0": [0, 0, 1],
						"0.5": [0, 1, 0],
						"0.75": [0, -0.5, 0.5],
						"1.0": [0, 0, 1]
					}
				},
				"hb": {
					"rotation": {
						"0.0": [-2.49762, 0.10901, 2.49762],
						"0.25": [-2.5, 0, 0],
						"0.5": [-2.49762, -0.10901, -2.49762],
						"0.75": [0, 0, 0],
						"1.0": [-2.49762, 0.10901, 2.49762]
					},
					"position": {
						"0.0": [0, 0, 0],
						"0.25": [0, -1, 0],
						"0.5": [0, 0, 0],
						"0.75": [0, -1, 0],
						"1.0": [0, 0, 0]
					}
				}
			}
		},
		"animation.mudkip.swim": {
			"loop": true,
			"animation_length": 1,
			"bones": {
				"tail": {
					"rotation": {
						"0.0": [-7.5, 27.5, 0],
						"0.25": [-7.5, 0, 0],
						"0.5": [-7.5, -27.5, 0],
						"0.75": [-7.5, 0, 0],
						"1.0": [-7.5, 27.5, 0]
					}
				},
				"rightLeg": {
					"rotation": {
						"0.0": [70, 0, 0],
						"0.25": [82.5, 0, 0],
						"0.5": [70, 0, 0],
						"0.75": [85, 0, 0],
						"1.0": [72.5, 0, 0]
					}
				},
				"leftLeg": {
					"rotation": {
						"0.0": [82.5, 0, 0],
						"0.25": [70, 0, 0],
						"0.5": [82.5, 0, 0],
						"0.75": [70, 0, 0],
						"1.0": [82.5, 0, 0]
					}
				},
				"rightArm": {
					"rotation": {
						"0.0": [61.0146, -17.66046, 9.54013],
						"0.5": [55.80185, -34.76135, 21.17901],
						"1.0": [61.0146, -17.66046, 9.54013]
					},
					"position": [-1, 0, 0]
				},
				"leftArm": {
					"rotation": {
						"0.0": [61.0146, 17.66046, -9.54013],
						"0.5": [55.80185, 34.76135, -21.17901],
						"1.0": [61.0146, 17.66046, -9.54013]
					},
					"position": [1, 0, 0]
				}
			}
		},
		"animation.mudkip.idle_in_water": {
			"loop": true,
			"animation_length": 3,
			"bones": {
				"tail": {
					"rotation": {
						"0.0": [-7.5, 27.5, 0],
						"0.25": [-7.5, 0, 0],
						"0.5": [-7.5, -27.5, 0],
						"0.75": [-7.5, 0, 0],
						"1.0": [-7.5, 27.5, 0],
						"1.25": [-7.5, 0, 0],
						"1.5": [-7.5, -27.5, 0],
						"1.75": [-7.5, 0, 0],
						"2.5": [-7.5, 0, 0],
						"3.0": [-7.5, 27.5, 0]
					}
				},
				"rightLeg": {
					"rotation": [60, 0, 0]
				},
				"leftLeg": {
					"rotation": [60, 0, 0]
				},
				"rightArm": {
					"rotation": {
						"0.0": [71.13976, -38.84468, 24.78507],
						"0.5": [38.01476, -38.84468, 24.78507],
						"1.0": [69.05643, -38.84468, 24.78507],
						"1.5": [45.09809, -38.84468, 24.78507],
						"2.0": [56.13976, -38.84468, 24.78507],
						"3.0": [71.13976, -38.84468, 24.78507]
					},
					"position": {
						"0.0": [-1, 0, 0],
						"3.0": [-1, 0, 0]
					}
				},
				"leftArm": {
					"rotation": {
						"0.0": [71.13976, 38.84468, -24.78507],
						"0.5": [41.13976, 38.84468, -24.78507],
						"1.0": [71.13976, 38.84468, -24.78507],
						"1.5": [41.13976, 38.84468, -24.78507],
						"2.0": [51.13976, 38.84468, -24.78507],
						"3.0": [71.13976, 38.84468, -24.78507]
					},
					"position": {
						"0.0": [1, 0, 0],
						"3.0": [1, 0, 0]
					}
				},
				"all": {
					"position": {
						"0.0": [0, 0, 0],
						"1.5": [0, 1, 0],
						"3.0": [0, 0, 0]
					}
				}
			}
		},
		"animation.mudkip.chill": {
			"loop": true,
			"animation_length": 3,
			"bones": {
				"head": {
					"rotation": {
						"0.0": [0, 0, 0],
						"2.0": [2.5, 0, 0],
						"3.0": [0, 0, 0]
					}
				},
				"tail": {
					"rotation": {
						"0.0": [0, 0, 0],
						"0.75": [0, 0, 0],
						"0.9583": [0, 12.5, 0],
						"1.25": [0, -15, 0],
						"1.5": [0, -2.5, 0],
						"3.0": [0, 0, 0]
					}
				}
			}
		},
		"animation.mudkip.encounter": {
			"animation_length": 1.08333,
			"bones": {
				"all": {
					"rotation": {
						"0.0": [0, 0, 0],
						"0.25": [-27.5, 0, 0],
						"0.5": [2.5, 0, 0],
						"0.625": [0, 0, 0]
					},
					"position": {
						"0.0": [0, 0, 0],
						"0.25": [0, 1, 0],
						"0.4583": [0, 0, 0]
					}
				},
				"head": {
					"rotation": {
						"0.0": [0, 0, 0],
						"0.25": [20, 0, 0],
						"0.5": [5, 0, 0],
						"0.625": [0, 0, 0]
					}
				},
				"rightLeg": {
					"rotation": {
						"0.0": [0, 0, 0],
						"0.25": [30, 0, 0],
						"0.4167": [5, 0, 0],
						"0.5417": [-2.5, 0, 0],
						"0.625": [0, 0, 0]
					},
					"position": {
						"0.0": [0, 0, 0],
						"0.25": [0, 0, 0]
					}
				},
				"leftLeg": {
					"rotation": {
						"0.0": [0, 0, 0],
						"0.25": [30, 0, 0],
						"0.4167": [5, 0, 0],
						"0.5417": [-2.5, 0, 0],
						"0.625": [0, 0, 0]
					},
					"position": {
						"0.0": [0, 0, 0],
						"0.25": [0, 0, 0]
					}
				},
				"rightArm": {
					"rotation": {
						"0.0": [0, 0, 0],
						"0.25": [-42.5, 0, 0],
						"0.4167": [5, 0, 0],
						"0.5417": [-2.5, 0, 0],
						"0.625": [0, 0, 0]
					},
					"position": {
						"0.0": [0, 0, 0],
						"0.25": [0, 0, 0],
						"0.3333": [0, 0, 0],
						"0.4167": [0, -1, 0],
						"0.5": [0, 0, 0]
					}
				},
				"leftArm": {
					"rotation": {
						"0.0": [0, 0, 0],
						"0.25": [-45, 0, 0],
						"0.4167": [2.5, 0, 0],
						"0.5417": [-2.5, 0, 0],
						"0.625": [0, 0, 0]
					},
					"position": {
						"0.0": [0, 0, 0],
						"0.25": [0, 0, 0],
						"0.3333": [0, 0, 0],
						"0.4167": [0, -1, 0],
						"0.5": [0, 0, 0]
					}
				},
				"hb": {
					"rotation": {
						"0.0": [0, 0, 0],
						"0.25": [-7.5, 0, 0],
						"0.625": [0, 0, 0]
					},
					"position": {
						"0.25": [0, 0, 0],
						"0.375": [0, 0, 0],
						"0.5": [0, -1, 0],
						"0.625": [0, 0, 0]
					}
				}
			}
		}
	}
}