{
	"format_version": "1.8.0",
	"animations": {
		"animation.mudkip.swimming": {
			"loop": true,
			"animation_length": 1,
			"bones": {
				"tail": {
					"rotation": {
						"0.0": [-7.5, 27.5, 0],
						"0.25": [-7.5, 0, 0],
						"0.5": [-7.5, -27.5, 0],
						"0.75": [-7.5, 0, 0],
						"1.0": [-7.5, 27.5, 0]
					}
				},
				"rightLeg": {
					"rotation": {
						"0.0": [70, 0, 0],
						"0.25": [82.5, 0, 0],
						"0.5": [70, 0, 0],
						"0.75": [85, 0, 0],
						"1.0": [72.5, 0, 0]
					}
				},
				"leftLeg": {
					"rotation": {
						"0.0": [82.5, 0, 0],
						"0.25": [70, 0, 0],
						"0.5": [82.5, 0, 0],
						"0.75": [70, 0, 0],
						"1.0": [82.5, 0, 0]
					}
				},
				"rightArm": {
					"rotation": {
						"0.0": [61.0146, -17.66046, 9.54013],
						"0.5": [55.80185, -34.76135, 21.17901],
						"1.0": [61.0146, -17.66046, 9.54013]
					},
					"position": [-1, 0, 0]
				},
				"leftArm": {
					"rotation": {
						"0.0": [61.0146, 17.66046, -9.54013],
						"0.5": [55.80185, 34.76135, -21.17901],
						"1.0": [61.0146, 17.66046, -9.54013]
					},
					"position": [1, 0, 0]
				}
			}
		},
		"animation.mudkip.idle_in_water": {
			"loop": true,
			"animation_length": 3,
			"bones": {
				"tail": {
					"rotation": {
						"0.0": [-7.5, 27.5, 0],
						"0.25": [-7.5, 0, 0],
						"0.5": [-7.5, -27.5, 0],
						"0.75": [-7.5, 0, 0],
						"1.0": [-7.5, 27.5, 0],
						"1.25": [-7.5, 0, 0],
						"1.5": [-7.5, -27.5, 0],
						"1.75": [-7.5, 0, 0],
						"2.5": [-7.5, 0, 0],
						"3.0": [-7.5, 27.5, 0]
					}
				},
				"rightLeg": {
					"rotation": [60, 0, 0]
				},
				"leftLeg": {
					"rotation": [60, 0, 0]
				},
				"rightArm": {
					"rotation": {
						"0.0": [71.13976, -38.84468, 24.78507],
						"0.5": [38.01476, -38.84468, 24.78507],
						"1.0": [69.05643, -38.84468, 24.78507],
						"1.5": [45.09809, -38.84468, 24.78507],
						"2.0": [56.13976, -38.84468, 24.78507],
						"3.0": [71.13976, -38.84468, 24.78507]
					},
					"position": {
						"0.0": [-1, 0, 0],
						"3.0": [-1, 0, 0]
					}
				},
				"leftArm": {
					"rotation": {
						"0.0": [71.13976, 38.84468, -24.78507],
						"0.5": [41.13976, 38.84468, -24.78507],
						"1.0": [71.13976, 38.84468, -24.78507],
						"1.5": [41.13976, 38.84468, -24.78507],
						"2.0": [51.13976, 38.84468, -24.78507],
						"3.0": [71.13976, 38.84468, -24.78507]
					},
					"position": {
						"0.0": [1, 0, 0],
						"3.0": [1, 0, 0]
					}
				},
				"all": {
					"position": {
						"0.0": [0, 0, 0],
						"1.5": [0, 1, 0],
						"3.0": [0, 0, 0]
					}
				}
			}
		},
		"animation.mudkip.encounter": {
			"animation_length": 1.08333,
			"bones": {
				"all": {
					"rotation": {
						"0.0": [0, 0, 0],
						"0.25": [-27.5, 0, 0],
						"0.5": [2.5, 0, 0],
						"0.625": [0, 0, 0]
					},
					"position": {
						"0.0": [0, 0, 0],
						"0.25": [0, 1, 0],
						"0.4583": [0, 0, 0]
					}
				},
				"head": {
					"rotation": {
						"0.0": [0, 0, 0],
						"0.25": [20, 0, 0],
						"0.5": [5, 0, 0],
						"0.625": [0, 0, 0]
					}
				},
				"rightLeg": {
					"rotation": {
						"0.0": [0, 0, 0],
						"0.25": [30, 0, 0],
						"0.4167": [5, 0, 0],
						"0.5417": [-2.5, 0, 0],
						"0.625": [0, 0, 0]
					},
					"position": {
						"0.0": [0, 0, 0],
						"0.25": [0, 0, 0]
					}
				},
				"leftLeg": {
					"rotation": {
						"0.0": [0, 0, 0],
						"0.25": [30, 0, 0],
						"0.4167": [5, 0, 0],
						"0.5417": [-2.5, 0, 0],
						"0.625": [0, 0, 0]
					},
					"position": {
						"0.0": [0, 0, 0],
						"0.25": [0, 0, 0]
					}
				},
				"rightArm": {
					"rotation": {
						"0.0": [0, 0, 0],
						"0.25": [-42.5, 0, 0],
						"0.4167": [5, 0, 0],
						"0.5417": [-2.5, 0, 0],
						"0.625": [0, 0, 0]
					},
					"position": {
						"0.0": [0, 0, 0],
						"0.25": [0, 0, 0],
						"0.3333": [0, 0, 0],
						"0.4167": [0, -1, 0],
						"0.5": [0, 0, 0]
					}
				},
				"leftArm": {
					"rotation": {
						"0.0": [0, 0, 0],
						"0.25": [-45, 0, 0],
						"0.4167": [2.5, 0, 0],
						"0.5417": [-2.5, 0, 0],
						"0.625": [0, 0, 0]
					},
					"position": {
						"0.0": [0, 0, 0],
						"0.25": [0, 0, 0],
						"0.3333": [0, 0, 0],
						"0.4167": [0, -1, 0],
						"0.5": [0, 0, 0]
					}
				},
				"hb": {
					"rotation": {
						"0.0": [0, 0, 0],
						"0.25": [-7.5, 0, 0],
						"0.625": [0, 0, 0]
					},
					"position": {
						"0.25": [0, 0, 0],
						"0.375": [0, 0, 0],
						"0.5": [0, -1, 0],
						"0.625": [0, 0, 0]
					}
				}
			}
		},
		"animation.mudkip.chill_in_water": {
			"loop": true,
			"animation_length": 3,
			"bones": {
				"tail": {
					"rotation": {
						"0.0": [-7.5, 27.5, 0],
						"0.25": [-7.5, 0, 0],
						"0.5": [-7.5, -27.5, 0],
						"0.75": [-7.5, 0, 0],
						"1.0": [-7.5, 27.5, 0],
						"1.25": [-7.5, 0, 0],
						"1.5": [-7.5, -27.5, 0],
						"1.75": [-7.5, 0, 0],
						"2.5": [-7.5, 0, 0],
						"3.0": [-7.5, 27.5, 0]
					}
				},
				"rightLeg": {
					"rotation": [60, 0, 0]
				},
				"leftLeg": {
					"rotation": [60, 0, 0]
				},
				"rightArm": {
					"rotation": {
						"0.0": [71.13976, -38.84468, 24.78507],
						"0.5": [38.01476, -38.84468, 24.78507],
						"1.0": [69.05643, -38.84468, 24.78507],
						"1.5": [45.09809, -38.84468, 24.78507],
						"2.0": [56.13976, -38.84468, 24.78507],
						"3.0": [71.13976, -38.84468, 24.78507]
					},
					"position": {
						"0.0": [-1, 0, 0],
						"3.0": [-1, 0, 0]
					}
				},
				"leftArm": {
					"rotation": {
						"0.0": [71.13976, 38.84468, -24.78507],
						"0.5": [41.13976, 38.84468, -24.78507],
						"1.0": [71.13976, 38.84468, -24.78507],
						"1.5": [41.13976, 38.84468, -24.78507],
						"2.0": [51.13976, 38.84468, -24.78507],
						"3.0": [71.13976, 38.84468, -24.78507]
					},
					"position": {
						"0.0": [1, 0, 0],
						"3.0": [1, 0, 0]
					}
				},
				"all": {
					"position": {
						"0.0": [0, 0, 0],
						"1.5": [0, 1, 0],
						"3.0": [0, 0, 0]
					}
				}
			}
		},
		"animation.mudkip.idle": {
			"loop": true,
			"animation_length": 2,
			"bones": {
				"body": {
					"rotation": {
						"0.0": {
							"post": [1, 0, 0],
							"lerp_mode": "catmullrom"
						},
						"1.0": {
							"post": [-1.5, 0, 0],
							"lerp_mode": "catmullrom"
						},
						"2.0": {
							"post": [1, 0, 0],
							"lerp_mode": "catmullrom"
						}
					},
					"position": {
						"0.0": {
							"post": [0, -0.4, 0],
							"lerp_mode": "catmullrom"
						},
						"1.0": {
							"post": [0, -0.2, 0],
							"lerp_mode": "catmullrom"
						},
						"2.0": {
							"post": [0, -0.4, 0],
							"lerp_mode": "catmullrom"
						}
					}
				},
				"rightFrontLeg": {
					"rotation": [0, 5, 0]
				},
				"rightBackLeg": {
					"rotation": [0, 27.5, 0]
				},
				"leftFrontLeg": {
					"rotation": [0, -5, 0]
				},
				"leftBackLeg": {
					"rotation": [0, -27.5, 0]
				}
			}
		},
		"animation.mudkip.attack": {
			"loop": true,
			"animation_length": 0.83333,
			"bones": {
				"leaf": {
					"rotation": {
						"0.0": [0, 0, 0],
						"0.2917": [2.59775, 27.38656, 5.63304],
						"0.5": [-19.2853, -47.22008, 31.85411],
						"0.6667": [-12.16353, 33.07612, 6.85353],
						"0.8333": [0, 0, 0]
					}
				},
				"body": {
					"rotation": {
						"0.0": {
							"post": [1, 0, 0],
							"lerp_mode": "catmullrom"
						},
						"0.25": {
							"post": [-9, 0, 0],
							"lerp_mode": "catmullrom"
						},
						"0.5": {
							"post": [11, 0, 0],
							"lerp_mode": "catmullrom"
						},
						"0.7083": {
							"post": [1, 0, 0],
							"lerp_mode": "catmullrom"
						}
					},
					"position": {
						"0.0": {
							"post": [0, -0.4, 0],
							"lerp_mode": "catmullrom"
						},
						"0.25": {
							"post": [0, 0.2, 0.1],
							"lerp_mode": "catmullrom"
						},
						"0.5": {
							"post": [0, 0.2, -1.2],
							"lerp_mode": "catmullrom"
						},
						"0.7083": {
							"post": [0, -0.4, 0],
							"lerp_mode": "catmullrom"
						}
					}
				},