{
	"format_version": "1.8.0",
	"animations": {
		"animation.nidoranm.idle": {
			"loop": true,
			"animation_length": 2,
			"bones": {
				"body": {
					"rotation": {
						"0.0": [5, 0, 0],
						"1.0": [2.5, 0, 0],
						"2.0": [5, 0, 0]
					},
					"position": {
						"0.0": [0, -0.3, 0],
						"1.0": [0, -0.2, 0],
						"2.0": [0, -0.3, 0]
					}
				},
				"rightFLeg": {
					"rotation": {
						"0.0": [-47.5, 0, 0],
						"1.0": [-42.5, 0, 0],
						"2.0": [-47.5, 0, 0]
					},
					"position": {
						"0.0": [0, -1.3, 0],
						"2.0": [0, -1.3, 0]
					}
				},
				"rightBLeg": {
					"rotation": {
						"0.0": [0, 27.5, 0],
						"2.0": [0, 27.5, 0]
					}
				},
				"rihtFingers": {
					"rotation": {
						"0.0": [87.5, 0, 0],
						"2.0": [87.5, 0, 0]
					}
				},
				"head": {
					"rotation": {
						"0.0": [-2.5, 0, 0],
						"2.0": [-2.5, 0, 0]
					},
					"position": {
						"0.0": [0, -0.2, 0],
						"2.0": [0, -0.2, 0]
					}
				},
				"rightEar": {
					"rotation": {
						"0.0": [-33.90751, 5.62476, -23.93918],
						"2.0": [-33.90751, 5.62476, -23.93918]
					},
					"position": {
						"0.0": [0, 0, 0.3],
						"2.0": [0, 0, 0.3]
					}
				},
				"leftFLeg": {
					"rotation": {
						"0.0": [-47.5, 0, 0],
						"1.0": [-42.5, 0, 0],
						"2.0": [-47.5, 0, 0]
					},
					"position": {
						"0.0": [0, -1.3, 0],
						"2.0": [0, -1.3, 0]
					}
				},
				"rihtFingers2": {
					"rotation": {
						"0.0": [87.5, 0, 0],
						"2.0": [87.5, 0, 0]
					}
				},
				"leftBLeg": {
					"rotation": {
						"0.0": [0, -27.5, 0],
						"2.0": [0, -27.5, 0]
					}
				},
				"leftEar": {
					"rotation": {
						"0.0": [-33.90751, -5.62476, 23.93918],
						"2.0": [-33.90751, -5.62476, 23.93918]
					},
					"position": {
						"0.0": [0, 0, 0.3],
						"2.0": [0, 0, 0.3]
					}
				}
			}
		},
		"animation.nidoranm.attack": {
			"loop": true,
			"animation_length": 0.83333,
			"bones": {
				"body": {
					"rotation": {
						"0.0": [5, 0, 0],
						"0.1667": [-10, 0, 0],
						"0.3333": [-2.5, 0, 0],
						"0.4167": [7.5, 0, 0],
						"0.75": [5, 0, 0]
					},
					"position": {
						"0.0": [0, -0.3, 0],
						"0.1667": [0, 0.8, 0],
						"0.3333": [0, 2.8, -5],
						"0.4167": [0, 0.8, -5],
						"0.5417": [0, 1.96, -2.5],
						"0.625": [0, 1.03, -1.5],
						"0.75": [0, -0.3, 0]
					}
				},
				"rightFLeg": {
					"rotation": {
						"0.0": [-47.5, 0, 0],
						"0.1667": [-7.5, 0, 0],
						"0.25": [-25.30501, 11.14856, -1.54736],
						"0.3333": [-98.11003, 22.29711, -3.09472],
						"0.4167": [-35.0108, 22.24683, 2.17597],
						"0.5": [-31.61524, 23.57415, 4.47604],
						"0.625": [-64.55762, 11.78707, 2.23802],
						"0.75": [-47.5, 0, 0]
					},
					"position": {
						"0.0": [0, -1.3, 0],
						"0.75": [0, -1.3, 0]
					}
				},
				"rightBLeg": {
					"rotation": {
						"0.0": [0, 27.5, 0],
						"0.1667": [0, 12.5, 0],
						"0.3333": [40, 12.5, 0],
						"0.4167": [-27.5, 12.5, 0],
						"0.5": [5, 12.5, 0],
						"0.625": [-27.5, 20, 0],
						"0.75": [0, 27.5, 0]
					},
					"position": {
						"0.0": [0, 0, 0],
						"0.1667": [0, -0.1, 0],
						"0.3333": [0, 0.9, -5],
						"0.4167": [0, 0.9, -6],
						"0.5": [0, -0.1, -6],
						"0.75": [0, 0, 0]
					}
				},
				"rihtFingers": {
					"rotation": [87.5, 0, 0]
				},
				"head": {
					"rotation": {
						"0.0": [-2.5, 0, 0],
						"0.1667": [-17.5, 0, 0],
						"0.3333": [25, 0, 0],
						"0.75": [-2.5, 0, 0]
					},
					"position": {
						"0.0": [0, -0.2, 0],
						"0.75": [0, -0.2, 0]
					}
				},
				"rightEar": {
					"rotation": {
						"0.0": [-33.90751, 5.62476, -23.93918],
						"0.1667": [23.59249, 5.62476, -23.93918],
						"0.375": [-79.54059, 10.37299, -46.15803],
						"0.5": [5.45941, 10.37299, -46.15803],
						"0.6667": [-22.04059, 10.37299, -46.15803],
						"0.8333": [-33.90751, 5.62476, -23.93918]
					},
					"position": {
						"0.0": [0, 0, 0.3],
						"0.8333": [0, 0, 0.3]
					}
				},
				"leftFLeg": {
					"rotation": {
						"0.0": [-47.5, 0, 0],
						"0.1667": [-7.5, 0, 0],
						"0.25": [-25.30501, -11.14856, 1.54736],
						"0.3333": [-98.11003, -22.29711, 3.09472],
						"0.4167": [-35.0108, -22.24683, -2.17597],
						"0.5": [-31.61524, -23.57415, -4.47604],
						"0.625": [-64.55762, -11.78707, -2.23802],
						"0.75": [-47.5, 0, 0]
					},
					"position": {
						"0.0": [0, -1.3, 0],
						"0.75": [0, -1.3, 0]
					}
				},
				"rihtFingers2": {
					"rotation": [87.5, 0, 0]
				},
				"leftBLeg": {
					"rotation": {
						"0.0": [0, -27.5, 0],
						"0.1667": [0, -12.5, 0],
						"0.3333": [40, -12.5, 0],
						"0.4167": [-27.5, -12.5, 0],
						"0.5": [5, -12.5, 0],
						"0.625": [-27.5, -20, 0],
						"0.75": [0, -27.5, 0]
					},
					"position": {
						"0.0": [0, 0, 0],
						"0.1667": [0, -0.1, 0],
						"0.3333": [0, 0.9, -5],
						"0.4167": [0, 0.9, -6],
						"0.5": [0, -0.1, -6],
						"0.75": [0, 0, 0]
					}
				},
				"leftEar": {
					"rotation": {
						"0.0": [-33.90751, -5.62476, 23.93918],
						"0.1667": [23.59249, -5.62476, 23.93918],
						"0.375": [-79.54059, -10.37299, 46.15803],
						"0.5": [5.45941, -10.37299, 46.15803],
						"0.6667": [-22.04059, -10.37299, 46.15803],
						"0.8333": [-33.90751, -5.62476, 23.93918]
					},
					"position": {
						"0.0": [0, 0, 0.3],
						"0.8333": [0, 0, 0.3]
					}
				}
			}
		},
		"animation.nidoranm.attack_ram": {
			"loop": true,
			"animation_length": 1,
			"bones": {
				"body": {
					"rotation": {
						"0.0": [5, 0, 0],
						"0.25": [7.5, 0, 0],
						"0.375": [-17.5, 0, 0],
						"0.75": [5, 0, 0]
					},
					"position": {
						"0.0": [0, -0.3, 0],
						"0.25": [0, 0.7, -4],
						"0.375": [0, 1.8, -5.6],
						"0.75": [0, -0.3, 0]
					}
				},
				"rightFLeg": {
					"rotation": {
						"0.0": [-47.5, 0, 0],
						"0.25": [22.5, 0, 0],
						"0.375": [-2.93698, 35.7165, 15.80013],
						"0.75": [-47.5, 0, 0]
					},
					"position": {
						"0.0": [0, -1.3, 0],
						"0.25": [0, 0.7, 0],
						"0.375": [0, -2.9, 0],
						"0.75": [0, -1.3, 0]
					}
				},
				"rightBLeg": {
					"rotation": {
						"0.0": [0, 27.5, 0],
						"0.25": [54.95542, -6.81245, 25.93485],
						"0.375": [13.76721, -3.39102, 11.26962],
						"0.75": [0, 27.5, 0]
					},
					"position": {
						"0.0": [0, 0, 0],
						"0.25": [0, 0, -5],
						"0.75": [0, 0, 0]
					}
				},
				"rihtFingers": {
					"rotation": [87.5, 0, 0]
				},
				"head": {
					"rotation": {
						"0.0": [-2.5, 0, 0],
						"0.25": [33.73082, 22.65881, 34.92323],
						"0.375": [-45.37783, -9.09075, 2.35963],
						"0.75": [-2.5, 0, 0]
					},
					"position": {
						"0.0": [0, -0.2, 0],
						"0.75": [0, -0.2, 0]
					}
				},
				"rightEar": {
					"rotation": {
						"0.0": [-33.90751, 5.62476, -23.93918],
						"0.25": [-58.90751, 5.62476, -23.93918],
						"0.4583": [7.27379, -15.74344, -37.0453],
						"0.625": [-31.51708, 1.98187, -6.51309],
						"0.8333": [-33.90751, 5.62476, -23.93918]
					},
					"position": {
						"0.0": [0, 0, 0.3],
						"0.8333": [0, 0, 0.3]
					}
				},
				"leftFLeg": {
					"rotation": {
						"0.0": [-47.5, 0, 0],
						"0.25": [22.5, 0, 0],
						"0.375": [-2.93698, -35.7165, -15.80013],
						"0.75": [-47.5, 0, 0]
					},
					"position": {
						"0.0": [0, -1.3, 0],
						"0.25": [0, 0.7, 0],
						"0.375": [0, -2.9, 0],
						"0.75": [0, -1.3, 0]
					}
				},
				"rihtFingers2": {
					"rotation": [87.5, 0, 0]
				},
				"leftBLeg": {
					"rotation": {
						"0.0": [0, -27.5, 0],
						"0.25": [54.95542, 6.81245, -25.93485],
						"0.375": [13.76721, 3.39102, -11.26962],
						"0.75": [0, -27.5, 0]
					},
					"position": {
						"0.0": [0, 0, 0],
						"0.25": [0, 0, -5],
						"0.75": [0, 0, 0]
					}
				},
				"leftEar": {
					"rotation": {
						"0.0": [-33.90751, -5.62476, 23.93918],
						"0.25": [-56.40751, -5.62476, 23.93918],
						"0.4583": [26.11382, 5.51761, 1.52408],
						"0.625": [-27.90927, -29.48848, 43.78905],