{
	"format_version": "1.8.0",
	"animations": {
		"animation.nidoking.chill": {
			"loop": true,
			"animation_length": 2,
			"bones": {
				"waist": {
					"rotation": {
						"0.0": [0, 0, 0],
						"1.0": [5, 0, 0],
						"2.0": [0, 0, 0]
					}
				},
				"tail": {
					"rotation": [-2.5, 0, 0]
				},
				"body": {
					"rotation": {
						"0.0": [0, 0, 0],
						"1.0": [-2.5, 0, 0],
						"2.0": [0, 0, 0]
					}
				},
				"rightArm": {
					"rotation": {
						"0.0": [-1.3378, 14.94159, 27.32456],
						"1.0": [-2.00307, 14.8687, 24.7386],
						"2.0": [-1.3378, 14.94159, 27.32456]
					},
					"position": {
						"0.0": [2, 0, 0],
						"2.0": [2, 0, 0]
					}
				},
				"rightForearm": {
					"rotation": {
						"0.0": [-45, 0, 0],
						"2.0": [-45, 0, 0]
					}
				},
				"rightLeg": {
					"rotation": {
						"0.0": [-2.5, 12.5, 0],
						"2.0": [-2.5, 12.5, 0]
					}
				},
				"rightDownLeg": {
					"rotation": {
						"0.0": [2.5, 0, 0],
						"2.0": [2.5, 0, 0]
					}
				},
				"leftLeg": {
					"rotation": {
						"0.0": [-2.5, -12.5, 0],
						"2.0": [-2.5, -12.5, 0]
					}
				},
				"leftDownLeg": {
					"rotation": {
						"0.0": [2.5, 0, 0],
						"2.0": [2.5, 0, 0]
					}
				},
				"leftArm": {
					"rotation": {
						"0.0": [-1.3378, -14.94159, -27.32456],
						"1.0": [-2.00307, -14.8687, -24.7386],
						"2.0": [-1.3378, -14.94159, -27.32456]
					},
					"position": {
						"0.0": [-2, 0, 0],
						"2.0": [-2, 0, 0]
					}
				},
				"leftForearm": {
					"rotation": {
						"0.0": [-45, 0, 0],
						"2.0": [-45, 0, 0]
					}
				},
				"rightEar": {
					"rotation": {
						"0.0": [5.41207, -8.42145, -32.89875],
						"2.0": [5.41207, -8.42145, -32.89875]
					},
					"position": {
						"0.0": [-1, -1, 0],
						"2.0": [-1, -1, 0]
					}
				},
				"leftEar": {
					"rotation": {
						"0.0": [5.41207, 8.42145, 32.89875],
						"2.0": [5.41207, 8.42145, 32.89875]
					},
					"position": {
						"0.0": [1, -1, 0],
						"2.0": [1, -1, 0]
					}
				}
			}
		},
		"animation.nidoking.attack": {
			"loop": true,
			"animation_length": 0.75,
			"bones": {
				"waist": {
					"rotation": {
						"0.0": [0, 0, 0],
						"0.2917": [0, 12.5, 0],
						"0.5417": [15.9026, -39.17575, -7.77951],
						"0.75": [0, 0, 0]
					}
				},
				"tail": {
					"rotation": [-2.5, 0, 0]
				},
				"body": {
					"rotation": {
						"0.0": [0, 0, 0],
						"0.2917": [1.10693, 12.45167, 5.12076],
						"0.5417": [2.52403, -19.88254, -0.80917],
						"0.75": [0, 0, 0]
					}
				},
				"rightArm": {
					"rotation": {
						"0.0": [-1.3378, 14.94159, 27.32456],
						"0.2917": [26.055, 27.562, 102.5457],
						"0.5417": [-29.94298, -26.86113, 29.64246],
						"0.75": [-1.3378, 14.94159, 27.32456]
					},
					"position": {
						"0.0": [2, 0, 0],
						"0.75": [2, 0, 0]
					}
				},
				"rightForearm": {
					"rotation": {
						"0.0": [-45, 0, 0],
						"0.2917": [-37.5, 0, 0],
						"0.5417": [-45.57555, -11.0311, -19.7339],
						"0.75": [-45, 0, 0]
					}
				},
				"rightLeg": {
					"rotation": [-2.5, 12.5, 0]
				},
				"rightDownLeg": {
					"rotation": [2.5, 0, 0]
				},
				"leftLeg": {
					"rotation": [-2.5, -12.5, 0]
				},
				"leftDownLeg": {
					"rotation": [2.5, 0, 0]
				},
				"leftArm": {
					"rotation": {
						"0.0": [-1.3378, -14.94159, -27.32456],
						"0.2917": [-13.37725, -2.7897, -30.29543],
						"0.5": [9.44186, -15.12734, -32.33263],
						"0.75": [-1.3378, -14.94159, -27.32456]
					},
					"position": {
						"0.0": [-2, 0, 0],
						"0.75": [-2, 0, 0]
					}
				},
				"leftForearm": {
					"rotation": [-45, 0, 0]
				},
				"rightEar": {
					"rotation": {
						"0.0": [5.41207, -8.42145, -32.89875],
						"0.25": [34.14924, -16.76429, -38.55385],
						"0.4583": [-15.11411, -11.89764, -35.25504],
						"0.625": [67.2016, -9.81192, -33.84127],
						"0.75": [5.41207, -8.42145, -32.89875]
					},
					"position": {
						"0.0": [-1, -1, 0],
						"0.75": [-1, -1, 0]
					}
				},
				"leftEar": {
					"rotation": {
						"0.0": [5.41207, 8.42145, 32.89875],
						"0.25": [-19.58793, 8.42145, 32.89875],
						"0.5": [-8.69075, -3.19137, 21.92315],
						"0.625": [15.09843, -5.56613, 56.30838],
						"0.75": [5.41207, 8.42145, 32.89875]
					},
					"position": {
						"0.0": [1, -1, 0],
						"0.75": [1, -1, 0]
					}
				}
			}
		},
		"animation.nidoking.fire_bean": {
			"loop": true,
			"animation_length": 0.875,
			"bones": {
				"waist": {
					"rotation": {
						"0.0": [0, 0, 0],
						"0.2083": [-10, 0, 0],
						"0.4167": [37.5, 0, 0],
						"0.6667": [42.5, 0, 0],
						"0.875": [0, 0, 0]
					}
				},
				"tail": {
					"rotation": {
						"0.0": [-2.5, 0, 0],
						"0.2083": [1.25, 0, 0],
						"0.4167": [-25, 0, 0],
						"0.875": [-2.5, 0, 0]
					}
				},
				"body": {
					"rotation": {
						"0.0": [0, 0, 0],
						"0.2083": [-27.5, 0, 0],
						"0.4167": [2.5, 0, 0],
						"0.6667": [-5, 0, 0],
						"0.875": [0, 0, 0]
					}
				},
				"rightArm": {
					"rotation": {
						"0.0": [-1.3378, 14.94159, 27.32456],
						"0.2083": [6.46066, 13.56626, 58.26926],
						"0.4167": [46.46066, 13.56626, 58.26926],
						"0.6667": [46.46066, 13.56626, 58.26926],
						"0.875": [-1.3378, 14.94159, 27.32456]
					},
					"position": {
						"0.0": [2, 0, 0],
						"0.875": [2, 0, 0]
					}
				},
				"rightForearm": {
					"rotation": [-45, 0, 0]
				},
				"rightLeg": {
					"rotation": [-2.5, 12.5, 0]
				},
				"rightDownLeg": {
					"rotation": [2.5, 0, 0]
				},
				"leftLeg": {
					"rotation": [-2.5, -12.5, 0]
				},
				"leftDownLeg": {
					"rotation": [2.5, 0, 0]
				},
				"leftArm": {
					"rotation": {
						"0.0": [-1.3378, -14.94159, -27.32456],
						"0.2083": [6.35596, -34.1824, -52.66037],
						"0.4167": [41.30175, -30.96126, -57.19995],
						"0.6667": [41.30175, -30.96126, -57.19995],
						"0.875": [-1.3378, -14.94159, -27.32456]
					},
					"position": {
						"0.0": [-2, 0, 0],
						"0.875": [-2, 0, 0]
					}
				},
				"leftForearm": {
					"rotation": [-45, 0, 0]
				},
				"rightEar": {
					"rotation": [5.41207, -8.42145, -32.89875],
					"position": [-1, -1, 0]
				},
				"leftEar": {
					"rotation": [5.41207, 8.42145, 32.89875],
					"position": [1, -1, 0]
				},
				"neck": {
					"rotation": {
						"0.0": [0, 0, 0],
						"0.2083": [-30, 0, 0],
						"0.4167": [-37.5, 0, 0],
						"0.6667": [-37.5, 0, 0],
						"0.875": [0, 0, 0]
					}
				}
			}
		},
		"animation.nidoking.walk": {
			"loop": true,
			"animation_length": 1,
			"bones": {
				"waist": {
					"rotation": {
						"0.0": [0, -5, 0],
						"0.25": [2.5, 0, 0],
						"0.5": [0, 5, 0],
						"0.75": [2.5, 0, 0],
						"1.0": [0, -5, 0]
					},
					"position": {
						"0.0": [0, 0, 0],
						"0.25": [0, 1, 0],
						"0.5": [0, 0, 0],
						"0.75": [0, 1, 0],
						"1.0": [0, 0, 0]
					}
				},
				"tail": {
					"rotation": {
						"0.0": [0, 7.5, 0],
						"0.5": [0, -7.5, 0],
						"1.0": [0, 7.5, 0]
					}
				},
				"body": {
					"rotation": {
						"0.0": [0, 7.5, 0],
						"0.5": [0, -7.5, 0],
						"1.0": [0, 7.5, 0]
					}
				},
				"rightArm": {
					"rotation": {
						"0.0": [-16.71627, -4.39092, 19.61106],
						"0.25": [-14.6601, -7.71854, 25.88103],
						"0.5": [-16.71627, -4.39092, 19.61106],
						"0.75": [-17.42113, -7.88636, 33.81559],
						"1.0": [-16.71627, -4.39092, 19.61106]
					}
				},
				"rightForearm": {
					"rotation": {
						"0.0": [-52.5, 0, 0],
						"0.25": [-55, 0, 0],
						"0.5": [-52.5, 0, 0],
						"0.75": [-55, 0, 0],
						"1.0": [-52.5, 0, 0]
					}
				},
				"rightLeg": {
					"rotation": {
						"0.0": [-27.5, 0, 0],
						"0.25": [5.8923, 8.70843, 6.19561],
						"0.5": [40.75973, 16.32555, 22.44031],
						"1.0": [-27.5, 0, 0]
					},
					"position": {
						"0.0": [1, -1.9, -0.6],
						"0.25": [1, 0.05, -0.3],
						"0.5": [1, 0, 0],
						"0.75": [1, 2.05, -0.3],
						"1.0": [1, -1.9, -0.6]
					}
				},