{
	"format_version": "1.8.0",
	"animations": {
		"animation.nidorina.sitting": {
			"loop": true,
			"animation_length": 2,
			"bones": {
				"jawbottom": {
					"rotation": {
						"0.0": [0, 0, 0],
						"0.5": [20, 0, 0],
						"1.0": [2.5, 0, 0],
						"1.5": [20, 0, 0],
						"2.0": [2.5, 0, 0]
					}
				},
				"leg": {
					"rotation": [-90, 0, 0],
					"position": [0, -5, 1]
				},
				"leg2": {
					"rotation": [-90, 0, 0],
					"position": [0, -3, 0]
				},
				"tail": {
					"rotation": {
						"0.0": [0, 0, 0],
						"0.5": [0, -32.5, 0],
						"1.0": [0, 0, 0],
						"1.5": [0, 22.5, 0],
						"2.0": [0, 0, 0]
					}
				},
				"bone": {
					"scale": {
						"0.0": [1, 1, 1],
						"0.25": [1, 0, 1],
						"0.4583": [1, 1, 1],
						"0.9583": [1, 1, 1],
						"1.1667": [1, 0, 1],
						"1.4167": [1, 1, 1]
					}
				}
			}
		},
		"animation.nidorina.walk": {
			"loop": true,
			"animation_length": 0.79167,
			"bones": {
				"nidorina": {
					"rotation": [10, 0, 0],
					"position": [0, 0, 0]
				},
				"head": {
					"rotation": [-12.5, 0, 0]
				},
				"leg": {
					"position": {
						"0.0": [0, -1, 0],
						"0.0417": [0, -0.8203, -0.1198],
						"0.0833": [0, -0.28469, -0.47687],
						"0.1667": [0, 1.28469, -1.52313],
						"0.2083": [0, 1.8203, -1.8802],
						"0.25": [0, 2, -2],
						"0.2917": [0, 1.9401, -2.0599],
						"0.3333": [0, 1.76156, -2.23844],
						"0.4167": [0, 1.23844, -2.76156],
						"0.4583": [0, 1.0599, -2.9401],
						"0.5": [0, 1, -3],
						"0.5417": [0, 0.89282, -2.83923],
						"0.5833": [0, 0.60963, -2.41444],
						"0.625": [0, 0.2158, -1.8237],
						"0.6667": [0, -0.2158, -1.1763],
						"0.7083": [0, -0.60963, -0.58556],
						"0.75": [0, -0.89282, -0.16077],
						"0.7917": [0, -1, 0]
					}
				},
				"leg2": {
					"position": {
						"0.0": [0, 2, -2],
						"0.0417": [0, 1.9401, -2.0599],
						"0.0833": [0, 1.76156, -2.23844],
						"0.1667": [0, 1.23844, -2.76156],
						"0.2083": [0, 1.0599, -2.9401],
						"0.25": [0, 1, -3],
						"0.2917": [0, 0.8802, -2.8203],
						"0.3333": [0, 0.52313, -2.28469],
						"0.4167": [0, -0.52313, -0.71531],
						"0.4583": [0, -0.8802, -0.1797],
						"0.5": [0, -1, 0],
						"0.5417": [0, -0.83923, -0.10718],
						"0.5833": [0, -0.41444, -0.39037],
						"0.625": [0, 0.1763, -0.7842],
						"0.6667": [0, 0.8237, -1.2158],
						"0.7083": [0, 1.41444, -1.60963],
						"0.75": [0, 1.83923, -1.89282],
						"0.7917": [0, 2, -2]
					}
				},
				"tail": {
					"rotation": {
						"0.0": [0, 0, 0],
						"0.1667": [0, 27.5, 0],
						"0.3333": [0, 2.5, 0],
						"0.5417": [0, -22.5, 0],
						"0.7917": [0, 0, 0]
					}
				},
				"bone4": {
					"position": {
						"0.0": [0, 1, 0],
						"0.1667": [0, 0, 0],
						"0.3333": [0, 1, 0],
						"0.5": [0, 0, 0],
						"0.75": [0, 1, 0]
					}
				}
			}
		},
		"animation.nidorina.chill": {
			"loop": true,
			"animation_length": 2,
			"bones": {
				"tail": {
					"rotation": {
						"0.0": [0, 0, 0],
						"0.5": [0, 35, 0],
						"1.0": [0, 0, 0],
						"1.5": [0, -25, 0],
						"2.0": [0, 0, 0]
					}
				},
				"bone": {
					"scale": {
						"0.0": [1, 1, 1],
						"0.3333": [1, 0, 1],
						"0.875": [1, 1, 1]
					}
				}
			}
		}
	}
}