{
	"format_version": "1.8.0",
	"animations": {
		"animation.noctowl.sitting": {
			"loop": true,
			"animation_length": 1,
			"bones": {
				"head": {
					"position": [0, -11, 0]
				},
				"Body2": {
					"position": [0, -10, 0]
				},
				"Wing1": {
					"position": [0, -9, 0]
				},
				"Wing2": {
					"position": [0, -9, 0]
				}
			}
		},
		"animation.noctowl.walk": {
			"loop": true,
			"animation_length": 1,
			"bones": {
				"Foot": {
					"position": [0, 8, 0]
				},
				"Foot2": {
					"position": [0, 8, 0]
				},
				"Wing1": {
					"rotation": {
						"0.0": [0, 0, -90],
						"0.24": [0, 0, 0],
						"0.52": [0, 0, -90],
						"0.76": [0, 0, 0],
						"1.0": [0, 0, -90]
					},
					"position": {
						"0.0": [-2, 3, 0],
						"0.24": [0, 0, 0],
						"0.52": [-2, 3, 0],
						"0.76": [0, 0, 0],
						"1.0": [-2, 3, 0]
					}
				},
				"Wing2": {
					"rotation": {
						"0.0": [0, 0, 90],
						"0.24": [0, 0, 0],
						"0.52": [0, 0, 90],
						"0.76": [0, 0, 0],
						"1.0": [0, 0, 90]
					}
				}
			}
		},
		"animation.noctowl.fly": {
			"loop": true,
			"animation_length": 0.75,
			"bones": {
				"Body": {
					"rotation": {
						"0.0": [402.5, 0, 0],
						"0.375": [402.5, 0, 0],
						"0.75": [402.5, 0, 0]
					},
					"position": {
						"0.0": [0, 0, 0],
						"0.2083": [0, -1, 0],
						"0.375": [0, 0, 0],
						"0.5833": [0, 1, 0],
						"0.75": [0, 0, 0]
					}
				},
				"Head": {
					"rotation": {
						"0.0": [-22.5, 0, 0],
						"0.2083": [-17.5, 0, 0],
						"0.375": [-22.5, 0, 0],
						"0.5833": [-17.5, 0, 0],
						"0.75": [-22.5, 0, 0]
					}
				},
				"Wing1": {
					"rotation": {
						"0.0": [0, 0, 90],
						"0.1667": [0, 0, 62.5],
						"0.375": [0, 0, 90],
						"0.5833": [0, 0, 117.5],
						"0.75": [0, 0, 90]
					}
				},
				"Tell": {
					"rotation": {
						"0.0": [-60, 0, 0],
						"0.1667": [-42.5, 0, 0],
						"0.375": [-60, 0, 0],
						"0.5833": [-35, 0, 0],
						"0.75": [-60, 0, 0]
					}
				},
				"Leg1": {
					"rotation": {
						"0.0": [9.85108, -1.72794, 9.85108],
						"0.1667": [17.35108, -1.72794, 9.85108],
						"0.375": [9.85108, -1.72794, 9.85108],
						"0.5833": [17.35108, -1.72794, 9.85108],
						"0.75": [9.85108, -1.72794, 9.85108]
					}
				},
				"Wing2": {
					"rotation": {
						"0.0": [0, 0, -87.5],
						"0.1667": [0, 0, -60],
						"0.375": [0, 0, -87.5],
						"0.5833": [0, 0, -107.5],
						"0.75": [0, 0, -87.5]
					}
				},
				"Leg2": {
					"rotation": {
						"0.0": [9.91615, 1.29876, -7.38733],
						"0.1667": [17.41615, 1.29876, -7.38733],
						"0.375": [9.91615, 1.29876, -7.38733],
						"0.5833": [17.41615, 1.29876, -7.38733],
						"0.75": [9.91615, 1.29876, -7.38733]
					}
				}
			}
		},
		"animation.noctowl.chill": {
			"loop": true,
			"animation_length": 0.5,
			"bones": {
				"Body": {
					"rotation": {
						"0.0": [0, 0, 0],
						"0.5": [0, 0, 0]
					}
				},
				"Head": {
					"rotation": {
						"0.0": [0, 0, 0],
						"0.25": [7.5, 0, 0],
						"0.5": [0, 0, 0]
					}
				},
				"Wing1": {
					"rotation": {
						"0.0": [0, 0, 0],
						"0.25": [0, 0, 5],
						"0.5": [0, 0, 0]
					}
				},
				"Tell": {
					"rotation": {
						"0.0": [-27.5, 0, 0],
						"0.25": [-22.5, 0, 0],
						"0.5": [-27.5, 0, 0]
					}
				},
				"Leg1": {
					"rotation": {
						"0.0": [0, 20, 0],
						"0.5": [0, 20, 0]
					}
				},
				"Wing2": {
					"rotation": {
						"0.0": [0, 0, 0],
						"0.25": [0, 0, -5],
						"0.5": [0, 0, 0]
					}
				},
				"Leg2": {
					"rotation": {
						"0.0": [0, -20, 0],
						"0.5": [0, -20, 0]
					}
				}
			}
		}
	}
}