{
	"format_version": "1.8.0",
	"animations": {
		"animation.petilil.chill": {
			"loop": true,
			"animation_length": 0.75,
			"bones": {
				"Body": {
					"rotation": {
						"0.0": [0, 0, 0],
						"0.1667": [0, 0, -2.5],
						"0.375": [0, 0, 0],
						"0.5833": [0, 0, 2.5],
						"0.75": [0, 0, 0]
					},
					"position": {
						"0.0": [0, 0, 0],
						"0.375": [0, 0, 0],
						"0.75": [0, 0, 0]
					}
				},
				"Head": {
					"rotation": {
						"0.0": [0, 0, 0],
						"0.1667": [0, 0, -5],
						"0.375": [0, 0, 0],
						"0.5833": [0, 0, 5],
						"0.75": [0, 0, 0]
					},
					"position": {
						"0.0": [0, 0, 0],
						"0.375": [0, 0, 0],
						"0.75": [0, 0, 0]
					}
				}
			}
		},
		"animation.petilil.walk": {
			"loop": true,
			"animation_length": 0.75,
			"bones": {
				"Body": {
					"rotation": {
						"0.0": [7.5, 0, 0],
						"0.1667": [17.5, 0, 0],
						"0.375": [7.5, 0, 0],
						"0.5833": [20, 0, 0],
						"0.75": [7.5, 0, 0]
					},
					"position": {
						"0.0": [0, 0, 0],
						"0.375": [0, 0, 0],
						"0.75": [0, 0, 0]
					}
				},
				"Head": {
					"rotation": {
						"0.0": [-5, 0, 0],
						"0.1667": [-14.94911, -1.0809, -7.39648],
						"0.375": [-5, 0, 0],
						"0.5833": [-19.77968, 2.98824, 9.51745],
						"0.75": [-5, 0, 0]
					},
					"position": {
						"0.0": [0, 0, 0],
						"0.375": [0, 0, 0],
						"0.75": [0, 0, 0]
					}
				}
			}
		},
		"animation.petilil.sitting": {
			"loop": true,
			"animation_length": 0.75,
			"bones": {
				"Body": {
					"rotation": {
						"0.0": [0, 0, 0],
						"0.1667": [0, 0, -2.5],
						"0.375": [0, 0, 0],
						"0.5833": [0, 0, 2.5],
						"0.75": [0, 0, 0]
					},
					"position": {
						"0.0": [0, 0, 0],
						"0.375": [0, 0, 0],
						"0.75": [0, 0, 0]
					}
				},
				"Head": {
					"rotation": {
						"0.0": [0, 0, 0],
						"0.1667": [5.04292, 7.4713, 0.6574],
						"0.375": [0, 0, 0],
						"0.5833": [5.00474, -2.49048, -0.21803],
						"0.75": [0, 0, 0]
					},
					"position": {
						"0.0": [0, 0, 0],
						"0.375": [0, 0, 0],
						"0.75": [0, 0, 0]
					}
				}
			}
		}
	}
}