{
	"format_version": "1.8.0",
	"animations": {
		"animation.quaxly.ground_idle": {
			"loop": true,
			"animation_length": 2,
			"override_previous_animation": true,
			"bones": {
				"RightArm": {
					"rotation": {
						"0.0": [0, 0, 20],
						"1.0": [0, 0, 15],
						"2.0": [0, 0, 20]
					}
				},
				"RightArmF": {
					"rotation": [20, 0, 20]
				},
				"LeftArm": {
					"rotation": {
						"0.0": [0, 0, -20],
						"1.0": [0, 0, -15],
						"2.0": [0, 0, -20]
					}
				},
				"LeftArmF": {
					"rotation": [20, 0, -20]
				},
				"RightLeg": {
					"rotation": [0, 15, 0]
				},
				"LeftLeg": {
					"rotation": [0, -15, 0]
				},
				"body": {
					"rotation": {
						"0.0": [0, 0, 0],
						"1.0": [-2.5, 0, 0],
						"2.0": [0, 0, 0]
					},
					"position": {
						"0.0": [0, 0, 0],
						"1.0": [0, 0.4, 0],
						"2.0": [0, 0, 0]
					}
				}
			}
		},
		"animation.quaxly.attack": {
			"loop": true,
			"animation_length": 1,
			"override_previous_animation": true,
			"bones": {
				"RightArm": {
					"rotation": {
						"0.0": [0, 0, 20],
						"0.25": [0, 72.5, 72.5],
						"0.6": [-72.10193, 11.91276, -13.68603],
						"1.0": [0, 0, 20]
					}
				},
				"RightArmF": {
					"rotation": {
						"0.0": [20, 0, 20],
						"0.25": [-2.93512, -10.58927, 50.90686],
						"0.7": [10.3158, -3.79334, -34.70774],
						"1.0": [20, 0, 20]
					}
				},
				"LeftArm": {
					"rotation": {
						"0.0": [0, 0, -20],
						"0.25": [0, -72.5, -72.5],
						"0.6": [-71.45165, -19.03771, 11.25395],
						"1.0": [0, 0, -20]
					}
				},
				"LeftArmF": {
					"rotation": {
						"0.0": [20, 0, -20],
						"0.25": [-2.93512, 10.58927, -50.90686],
						"0.7": [9.74057, 5.10116, 27.30015],
						"1.0": [20, 0, -20]
					}
				},
				"RightLeg": {
					"rotation": {
						"0.0": [0, 15, 0],
						"1.0": [0, 15, 0]
					}
				},
				"LeftLeg": {
					"rotation": {
						"0.0": [0, -15, 0],
						"1.0": [0, -15, 0]
					}
				},
				"body": {
					"rotation": {
						"0.0": [0, 0, 0],
						"0.25": [-10, 0, 0],
						"0.5": [42.5, 0, 0],
						"1.0": [0, 0, 0]
					},
					"position": {
						"0.0": [0, 0, 0],
						"1.0": [0, 0, 0]
					}
				},
				"Head": {
					"rotation": {
						"0.0": [0, 0, 0],
						"0.25": [-25, 0, 0],
						"0.6": [0, 0, 0],
						"1.0": [0, 0, 0]
					}
				}
			}
		},
		"animation.quaxly.walking": {
			"loop": true,
			"animation_length": 1,
			"bones": {
				"RightArm": {
					"rotation": {
						"0.0": [19.65098, 31.3213, 66.48457],
						"0.25": [11.79225, 34.72886, 52.12442],
						"0.5": [19.65098, 31.3213, 66.48457],
						"0.75": [11.79225, 34.72886, 52.12442],
						"1.0": [19.65098, 31.3213, 66.48457]
					}
				},
				"RightArmF": {
					"rotation": [5, 0, 37.5]
				},
				"LeftArm": {
					"rotation": {
						"0.0": [19.65098, -31.3213, -66.48457],
						"0.25": [11.79225, -34.72886, -52.12442],
						"0.5": [19.65098, -31.3213, -66.48457],
						"0.75": [11.79225, -34.72886, -52.12442],
						"1.0": [19.65098, -31.3213, -66.48457]
					}
				},
				"LeftArmF": {
					"rotation": [5, 0, -37.5]
				},
				"RightLeg": {
					"rotation": {
						"0.0": [37.5, 0, 0],
						"0.25": [22.5, 0, 0],
						"0.5": [-22.5, 0, 0],
						"1.0": [37.5, 0, 0]
					},
					"position": {
						"0.0": [0, 1.1, 0.8],
						"0.25": [0, 1.55, -1.8],
						"0.5": [0, 0, -0.8],
						"0.75": [0, 0.85, 0.5],
						"1.0": [0, 1.1, 0.8]
					}
				},
				"LeftLeg": {
					"rotation": {
						"0.0": [-22.5, 0, 0],
						"0.5": [37.5, 0, 0],
						"0.75": [22.5, 0, 0],
						"1.0": [-22.5, 0, 0]
					},
					"position": {
						"0.0": [0, 0, -0.8],
						"0.25": [0, 0.85, 0.5],
						"0.5": [0, 1.1, 0.8],
						"0.75": [0, 1.55, -1.8],
						"1.0": [0, 0, -0.8]
					}
				},
				"body": {
					"rotation": {
						"0.0": [17.5, 0, 0],
						"0.25": [15, 0, 0],
						"0.5": [17.5, 0, 0],
						"0.75": [15, 0, 0],
						"1.0": [17.5, 0, 0]
					},
					"position": {
						"0.0": [0, 0.2, 0],
						"0.25": [0, 0.9, 0],
						"0.5": [0, 0.2, 0],
						"0.75": [0, 0.9, 0],
						"1.0": [0, 0.2, 0]
					}
				}
			}
		},
		"animation.quaxly.sitting": {
			"loop": true,
			"animation_length": 2,
			"bones": {
				"RightArm": {
					"rotation": {
						"0.0": [-12.45392, -1.08089, 15.11794],
						"1.0": [-9.95392, -1.08089, 15.11794],
						"2.0": [-12.45392, -1.08089, 15.11794]
					}
				},
				"RightArmF": {
					"rotation": [8.88927, -4.59902, 27.14233]
				},
				"LeftArm": {
					"rotation": {
						"0.0": [-12.45392, 1.08089, -15.11794],
						"1.0": [-9.95392, 1.08089, -15.11794],
						"2.0": [-12.45392, 1.08089, -15.11794]
					}
				},
				"LeftArmF": {
					"rotation": [8.88927, 4.59902, -27.14233]
				},
				"RightLeg": {
					"rotation": [-82.02468, 19.82169, 2.71994],
					"position": [-1.3, -3.4, -4.7]
				},
				"LeftLeg": {
					"rotation": [-82.02468, -19.82169, -2.71994],
					"position": [1.3, -3.4, -4.7]
				},
				"body": {
					"rotation": {
						"0.0": [5, 0, 0],
						"1.0": [2.5, 0, 0],
						"2.0": [5, 0, 0]
					},
					"position": {
						"0.0": [0, -4.6, 0],
						"1.0": [0, -4.4, 0],
						"2.0": [0, -4.6, 0]
					}
				}
			}
		}
	}
}