{
	"format_version": "1.8.0",
	"animations": {
		"animation.raboot.idle": {
			"loop": true,
			"animation_length": 2,
			"bones": {
				"body": {
					"rotation": {
						"0.0": [0, 0, 0],
						"1.0": [2, 0, 0],
						"2.0": [0, 0, 0]
					},
					"position": {
						"0.0": [0, -0.5, 0],
						"1.0": [0, -0.6, 0],
						"2.0": [0, -0.5, 0]
					}
				},
				"rightLeg": {
					"rotation": [3.1621, 12.20371, 10.16722]
				},
				"rightArm": {
					"rotation": [0, 0, 17.5]
				},
				"leftArm": {
					"rotation": [0, 0, -17.5]
				},
				"leftLeg": {
					"rotation": [3.1621, -12.20371, -10.16722]
				}
			}
		},
		"animation.raboot.attack": {
			"loop": true,
			"animation_length": 1,
			"bones": {
				"body": {
					"rotation": {
						"0.0": [0, 0, 0],
						"0.25": [0.66963, 14.98539, 2.58807],
						"0.5": [8.24702, -30.01152, 2.04126],
						"0.8333": [0, 0, 0]
					},
					"position": [0, -0.5, 0]
				},
				"rightLeg": {
					"rotation": [3.1621, 12.20371, 10.16722]
				},
				"rightArm": {
					"rotation": {
						"0.0": [0, 0, 17.5],
						"0.3333": [52.4613, 61.22847, 143.57494],
						"0.6667": [-80.0726, -7.59052, 69.47465],
						"1.0": [0, 0, 17.5]
					}
				},
				"leftArm": {
					"rotation": [0, 0, -17.5]
				},
				"leftLeg": {
					"rotation": [3.1621, -12.20371, -10.16722]
				}
			}
		},
		"animation.raboot.walking": {
			"loop": true,
			"animation_length": 1,
			"bones": {
				"body": {
					"rotation": {
						"0.0": [-2.5, 0, 0],
						"0.25": [0, 0, 0],
						"0.5": [-2.5, 0, 0],
						"0.75": [0, 0, 0],
						"1.0": [-2.5, 0, 0]
					},
					"position": {
						"0.0": [0, -0.8, 0],
						"0.25": [0, 0.2, 0],
						"0.5": [0, -0.8, 0],
						"0.75": [0, 0.2, 0],
						"1.0": [0, -0.8, 0]
					}
				},
				"rightLeg": {
					"rotation": {
						"0.0": [34.11554, 3.2157, 17.31998],
						"0.25": [10, 0, 0],
						"0.5": [-24.66569, 4.20854, 9.07947],
						"1.0": [34.11554, 3.2157, 17.31998]
					},
					"position": {
						"0.0": [0, 0.6, 0.4],
						"0.25": [0, 1.2, -0.9],
						"0.5": [0, -0.6, 0],
						"0.75": [0, -0.1, 0.2],
						"1.0": [0, 0.6, 0.4]
					}
				},
				"rightArm": {
					"rotation": {
						"0.0": [9.54589, -2.99318, 17.25002],
						"0.25": [9.85108, -1.72794, 9.85108],
						"0.5": [9.54589, -2.99318, 17.25002],
						"0.75": [9.85108, -1.72794, 9.85108],
						"1.0": [9.54589, -2.99318, 17.25002]
					}
				},
				"leftArm": {
					"rotation": {
						"0.0": [9.54589, 2.99318, -17.25002],
						"0.25": [9.85108, 1.72794, -9.85108],
						"0.5": [9.54589, 2.99318, -17.25002],
						"0.75": [9.85108, 1.72794, -9.85108],
						"1.0": [9.54589, 2.99318, -17.25002]
					}
				},
				"leftLeg": {
					"rotation": {
						"0.0": [-24.66569, -4.20854, -9.07947],
						"0.5": [34.11554, -3.2157, -17.31998],
						"0.75": [10, 0, 0],
						"1.0": [-24.66569, -4.20854, -9.07947]
					},
					"position": {
						"0.0": [0, -0.6, 0],
						"0.25": [0, -0.1, 0.2],
						"0.5": [0, 0.6, 0.4],
						"0.75": [0, 1.2, -0.9],
						"1.0": [0, -0.6, 0]
					}
				}
			}
		},
		"animation.raboot.sitting": {
			"loop": true,
			"animation_length": 2,
			"bones": {
				"body": {
					"rotation": {
						"0.0": {
							"post": [-2.5, 0, 0],
							"lerp_mode": "catmullrom"
						},
						"1.0": {
							"post": [0, 0, 0],
							"lerp_mode": "catmullrom"
						},
						"2.0": {
							"post": [-2.5, 0, 0],
							"lerp_mode": "catmullrom"
						}
					},
					"position": {
						"0.0": {
							"post": [0, -9.6, 0],
							"lerp_mode": "catmullrom"
						}
					}
				},
				"rightLeg": {
					"rotation": [-81.32742, 54.68982, 7.09519],
					"position": [0, -8.4, 0.5]
				},
				"rightArm": {
					"rotation": {
						"0.0": {
							"post": [-32.37283, -46.38846, 9.87522],
							"lerp_mode": "catmullrom"
						},
						"1.0": {
							"post": [-39.37135, -41.09768, 19.97268],
							"lerp_mode": "catmullrom"
						},
						"2.0": {
							"post": [-32.37283, -46.38846, 9.87522],
							"lerp_mode": "catmullrom"
						}
					},
					"position": {
						"0.0": {
							"post": [0.7, 0.6, -1.3],
							"lerp_mode": "catmullrom"
						}
					}
				},
				"leftArm": {
					"rotation": {
						"0.0": {
							"post": [-32.37283, 46.38846, -9.87522],
							"lerp_mode": "catmullrom"
						},
						"1.0": {
							"post": [-39.37135, 41.09768, -19.97268],
							"lerp_mode": "catmullrom"
						},
						"2.0": {
							"post": [-32.37283, 46.38846, -9.87522],
							"lerp_mode": "catmullrom"
						}
					},
					"position": {
						"0.0": {
							"post": [-0.7, 0.6, -1.3],
							"lerp_mode": "catmullrom"
						}
					}
				},
				"leftLeg": {
					"rotation": [-81.32742, -54.68982, -7.09519],
					"position": [0, -8.4, 0.5]
				}
			}
		}
	}
}