{
	"format_version": "1.8.0",
	"animations": {
		"animation.ralts.idle": {
			"loop": true,
			"animation_length": 2,
			"bones": {
				"body": {
					"rotation": {
						"0.0": [-1.1, 0, 0],
						"0.25": [-0.9, 0, 0],
						"0.5": [-0.4, 0, 0],
						"0.75": [-0.1, 0, 0],
						"1.0": [0, 0, 0],
						"1.25": [-0.1, 0, 0],
						"1.5": [-0.6, 0, 0],
						"1.75": [-1, 0, 0],
						"2.0": [-1.1, 0, 0]
					},
					"position": {
						"0.0": [0, 0, 0],
						"1.0": [0, -0.1, 0],
						"2.0": [0, 0, 0]
					}
				},
				"rightLeg": {
					"rotation": [-0.21865, -4.99523, 2.50954]
				},
				"rightArm": {
					"rotation": {
						"0.0": [0.46634, 0.52681, -0.09888],
						"0.25": [0.48888, 0.50597, 2.10113],
						"0.5": [0.50943, 0.48268, 3.90002],
						"0.625": [0.51, 0.48, 4.2],
						"0.75": [0.50943, 0.48268, 3.90002],
						"1.0": [0.49, 0.5, 2.42],
						"1.25": [0.47, 0.52, -0.17],
						"1.5": [0.44207, 0.54504, -1.60002],
						"1.625": [0.44, 0.55, -1.8],
						"1.75": [0.44207, 0.54504, -1.60002],
						"1.875": [0.45, 0.54, -1.05],
						"2.0": [0.46634, 0.52681, -0.09888]
					}
				},
				"leftArm": {
					"rotation": {
						"0.0": [0, 0, 0],
						"0.25": [0, 0, -1.55],
						"0.5": [0, 0, -2.5],
						"0.625": [0, 0, -2.7],
						"0.75": [0, 0, -2.5],
						"1.0": [0, 0, -1.13],
						"1.25": [0, 0, 1.24],
						"1.5": [0, 0, 2.5],
						"1.625": [0, 0, 2.7],
						"1.75": [0, 0, 2.5],
						"1.875": [0, 0, 1.45],
						"2.0": [0, 0, 0]
					}
				},
				"leftLeg": {
					"rotation": [-0.21865, 4.99523, -2.50954]
				}
			}
		},
		"animation.ralts.attack": {
			"loop": true,
			"animation_length": 0.625,
			"bones": {
				"body": {
					"rotation": {
						"0.0": [-1, 0, 0],
						"0.2083": [-1.08237, 22.49639, -0.41419],
						"0.375": [-1.18564, -32.49444, 0.63701],
						"0.5833": [-1, 0, 0]
					}
				},
				"rightLeg": {
					"rotation": [-0.21865, -4.99523, 2.50954]
				},
				"rightArm": {
					"rotation": {
						"0.0": [0, 0, -1],
						"0.25": [52.5, 0, 56.5],
						"0.4167": [-75.71865, -20.29348, 46.57074],
						"0.625": [0, 0, -1]
					}
				},
				"leftArm": {
					"rotation": {
						"0.0": [0, 0, 1],
						"0.25": [-40, 0, 1],
						"0.4167": [35, 0, 1],
						"0.625": [0, 0, 1]
					}
				},
				"leftLeg": {
					"rotation": [-0.21865, 4.99523, -2.50954]
				}
			}
		},
		"animation.ralts.walking": {
			"loop": true,
			"animation_length": 2,
			"bones": {
				"body": {
					"rotation": {
						"0.0": [7.5, 0, 0],
						"1.0": [6.5, 0, 0],
						"2.0": [7.5, 0, 0]
					},
					"position": [0, -0.3, 0]
				},
				"rightLeg": {
					"rotation": {
						"0.0": [15, 0, 0],
						"1.0": [17.5, 0, 0],
						"2.0": [15, 0, 0]
					},
					"position": [0, -1.1, 0.9]
				},
				"rightArm": {
					"rotation": {
						"0.0": [12.09, 3.21, 7.44],
						"0.125": [12.08681, 3.21132, 7.84007],
						"0.5": [12.2, 2.68, 11.29],
						"0.875": [12.31594, 2.15393, 12.73242],
						"1.0": [12.32, 2.15, 12.93],
						"1.125": [12.31594, 2.15393, 12.73242],
						"1.5": [12.2, 2.68, 9.29],
						"1.875": [12.08681, 3.21132, 7.84007],
						"2.0": [12.09, 3.21, 7.44]
					}
				},
				"leftArm": {
					"rotation": {
						"0.0": [12.21, -2.69, -10.09],
						"0.125": [12.2127, -2.68507, -10.7873],
						"0.5": [12.3, -2.15, -13.73],
						"0.875": [12.39638, -1.61888, -15.77583],
						"1.0": [12.4, -1.62, -15.78],
						"1.125": [12.39638, -1.61888, -15.17583],
						"1.5": [12.3, -2.15, -11.73],
						"1.875": [12.2127, -2.68507, -10.2873],
						"2.0": [12.21, -2.69, -10.09]
					}
				},
				"leftLeg": {
					"rotation": {
						"0.0": [10, 0, 0],
						"0.25": [10, 0, 0],
						"1.0": [12.5, 0, 0],
						"1.25": [12.5, 0, 0],
						"2.0": [10, 0, 0]
					},
					"position": [0, -1, 0.9]
				},
				"root": {
					"position": {
						"0.0": [0, 1.4, -1],
						"0.25": [0, 1.6, -1],
						"0.4167": [0, 1.9, -1],
						"0.625": [0, 2.8, -1],
						"0.75": [0, 3.4, -1],
						"0.875": [0, 3.6, -1],
						"1.0": [0, 3.6, -1],
						"1.125": [0, 3.4, -1],
						"1.3333": [0, 2.87, -1],
						"1.625": [0, 1.93, -1],
						"1.75": [0, 1.6, -1],
						"1.875": [0, 1.4, -1],
						"2.0": [0, 1.4, -1]
					}
				}
			}
		},
		"animation.ralts.sitting": {
			"loop": true,
			"animation_length": 2,
			"bones": {
				"body": {
					"rotation": {
						"0.0": [6, 0, 0],
						"1.0": [5, 0, 0],
						"2.0": [6, 0, 0]
					},
					"position": {
						"0.0": [0, -1.6, 2.3],
						"1.0": [0, -1.3, 2.3],
						"2.0": [0, -1.6, 2.3]
					}
				},
				"rightLeg": {
					"rotation": [-0.88045, -9.96156, 5.07673]
				},
				"rightArm": {
					"rotation": [-63.66176, -46.53426, 32.83373]
				},
				"leftArm": {
					"rotation": [-63.66176, 46.53426, -32.83373]
				},
				"leftLeg": {
					"rotation": [-0.88045, 9.96156, -5.07673]
				}
			}
		},
		"animation.ralts.sleeping": {
			"loop": true,
			"animation_length": 3.5,
			"bones": {
				"root": {
					"rotation": [0, 0, 90],
					"position": [-5, 2, 0]
				},
				"body": {
					"rotation": {
						"0.0": [5, 0, 0],
						"1.0": [5, -0.01441, 0.01177],
						"1.5": [5, -0.01, 0.01]
					},
					"position": {
						"0.0": [0, 0, 0],
						"1.0": [-0.1, 0, 0],
						"1.5": [-0.1, 0, 0],
						"2.5": [0, 0, 0]
					}
				},
				"head": {
					"rotation": [17.21737, 12.53728, -6.56207],
					"position": [-0.5, 0, 0]
				},
				"rightArm": {
					"rotation": {
						"0.0": [-48.42766, -43.64126, -37.15312],
						"1.0": [-47.78249, -44.38565, -38.08163],
						"1.5": [-47.78, -44.39, -38.08],
						"2.5": [-48.42766, -43.64126, -37.15312]
					},
					"position": [0, 0, 0]
				},
				"leftArm": {
					"rotation": {
						"0.0": [-96.28658, 29.44468, -7.10756],
						"1.0": [-96.2263, 28.45064, -6.98303],
						"1.5": [-96.23, 28.45, -6.98],
						"2.5": [-96.28658, 29.44468, -7.10756]
					},
					"position": [0, 0, -1]
				},
				"rightLeg": {
					"rotation": [-12.39638, -1.61888, -7.32417],
					"position": [0, 1, -1]
				},
				"leftLeg": {
					"rotation": [-22.5, 0, 0],
					"position": [0, 1, -1]
				}
			}
		}
	}
}