{
	"format_version": "1.8.0",
	"animations": {
		"animation.scatterbug.ground_idle": {
			"loop": true,
			"animation_length": 1.25,
			"bones": {
				"body1": {
					"relative_to": {
						"rotation": "entity"
					},
					"rotation": {
						"0.0": [0, -4.6, 0],
						"0.125": [0, -3.73, 0],
						"0.25": [0, -1.2, 0],
						"0.375": [0, 1.97, 0],
						"0.5": [0, 4, 0],
						"0.625": [0, 4, 0],
						"0.75": [0, 3, 0],
						"0.875": [0, 0, 0.01],
						"1.0": [0, -2.9, 0],
						"1.125": [0, -4.4, 0],
						"1.25": [0, -4.6, 0]
					}
				},
				"head": {
					"rotation": {
						"0.0": [0, 0, 0],
						"0.25": [-0.77077, -1.01424, -2.05315],
						"0.3333": [-0.8394, -1.27955, -2.33486],
						"0.4167": [-0.77077, -1.01424, -2.05315],
						"0.625": [0, 0, 0],
						"0.8333": [-0.77077, 1.01424, 2.05315],
						"0.9167": [-0.8671, 1.11652, 2.25718],
						"1.0": [-0.77077, 1.01424, 2.05315],
						"1.25": [0, 0, 0]
					}
				},
				"body2": {
					"rotation": {
						"0.0": [0, 0, 2.5],
						"0.25": [0, 0, 0],
						"0.5": [0, 0, -2.5],
						"0.625": [0, 0, -2.5],
						"0.875": [0, 0, 0],
						"1.125": [0, 0, 2.5],
						"1.25": [0, 0, 2.5]
					}
				},
				"fur": {
					"rotation": {
						"0.0": [0, 0, 0],
						"0.125": [0, 0, 0],
						"0.375": [0, 0, -2.5],
						"0.625": [0, 0, 0],
						"0.75": [0, 0, 0],
						"1.0": [0, 0, 2.5],
						"1.25": [0, 0, 0]
					}
				},
				"antenni": {
					"relative_to": {
						"rotation": "entity"
					},
					"rotation": {
						"0.0": [0, 0, 0.01],
						"0.125": [0, 0, 0.01],
						"0.375": [-0.46246, -0.60855, -3.73189],
						"0.625": [0, 0, 0.01],
						"0.75": [0, 0, 0.01],
						"1.0": [-1.0941, 2.26693, 4.02036],
						"1.25": [0, 0, 0.01]
					}
				}
			}
		},
		"animation.scatterbug.battle_idle": {
			"loop": true,
			"animation_length": 1.25,
			"bones": {
				"body1": {
					"relative_to": {
						"rotation": "entity"
					},
					"rotation": {
						"0.0": [0, -4.6, 0],
						"0.125": [0, -8.73, 0],
						"0.25": [0, -1.2, 0],
						"0.375": [0, 1.97, 0],
						"0.4583": [0, -4.17667, 0],
						"0.5417": [0, 4, 0],
						"0.625": [0, -1, 0],
						"0.75": [0, 3, 0],
						"0.7917": [0, 7, 0],
						"0.875": [0, 0, 0.01],
						"0.9167": [0, -5.96667, 0],
						"1.0": [0, -2.9, 0],
						"1.0833": [0, 1.1, 0],
						"1.125": [0, -4.4, 0],
						"1.25": [0, -4.6, 0]
					}
				},
				"head": {
					"rotation": {
						"0.0": [0, 0, 0],
						"0.25": [-0.77077, -1.01424, -2.05315],
						"0.3333": [-0.8394, -1.27955, -2.33486],
						"0.4167": [-0.77077, -1.01424, -2.05315],
						"0.625": [0, 0, 0],
						"0.8333": [-0.77077, 1.01424, 2.05315],
						"0.9167": [-0.8671, 1.11652, 2.25718],
						"1.0": [-0.77077, 1.01424, 2.05315],
						"1.25": [0, 0, 0]
					}
				},
				"body2": {
					"rotation": {
						"0.0": [0, 0, 2.5],
						"0.25": [0, 0, 0],
						"0.5": [0, 0, -2.5],
						"0.625": [0, 0, -2.5],
						"0.875": [0, 0, 0],
						"1.125": [0, 0, 2.5],
						"1.25": [0, 0, 2.5]
					}
				},
				"fur": {
					"rotation": {
						"0.0": [0, 0, 0],
						"0.125": [0, 0, 0],
						"0.375": [0, 0, -2.5],
						"0.625": [0, 0, 0],
						"0.75": [0, 0, 0],
						"1.0": [0, 0, 2.5],
						"1.25": [0, 0, 0]
					}
				},
				"antenni": {
					"relative_to": {
						"rotation": "entity"
					},
					"rotation": {
						"0.0": [0, 0, 0.01],
						"0.125": [0, 0, 0.01],
						"0.375": [-0.46246, -0.60855, -3.73189],
						"0.625": [0, 0, 0.01],
						"0.75": [0, 0, 0.01],
						"1.0": [-1.0941, 2.26693, 4.02036],
						"1.25": [0, 0, 0.01]
					}
				},
				"bone7": {
					"rotation": [0, 0, 7.5],
					"position": [0, 0, 0]
				},
				"bone6": {
					"rotation": [0, 0, -5]
				}
			}
		},
		"animation.scatterbug.blink": {
			"animation_length": 0.5,
			"bones": {
				"eyes": {
					"position": {
						"0.0": [0, 0, 0],
						"0.0417": [0, 0, 0],
						"0.1667": [0, 0, 0],
						"0.2083": [0, 0, 0]
					},
					"scale": {
						"0.0": [1, 1, 1],
						"0.0417": [1, 0.1, 1],
						"0.1667": [1, 0.1, 1],
						"0.2083": [1, 1, 1]
					}
				}
			}
		},
		"animation.scatterbug.walking": {
			"loop": true,
			"animation_length": 1,
			"bones": {
				"body1": {
					"rotation": {
						"0.0": [0, 5, 0],
						"0.125": [0, 7.5, 0],
						"0.25": [0, 5, 0],
						"0.375": [0, 0, 0],
						"0.5": [0, -5, 0],
						"0.625": [0, -7.5, 0],
						"0.75": [0, -5, 0],
						"0.875": [0, 0, 0],
						"1.0": [0, 5, 0]
					}
				},
				"body2": {
					"rotation": {
						"0.0": [0, 2.5, 0],
						"0.25": [0, 0, 2.5],
						"0.375": [0, -2.5, 2.5],
						"0.5": [0, -2.5, 0],
						"0.75": [0, 0, -2.5],
						"0.875": [0, 2.5, -2.5],
						"1.0": [0, 2.5, 0]
					}
				},
				"head": {
					"rotation": {
						"0.0": [-2.49294, -0.32621, -2.47864],
						"0.25": [0, 0, 0],
						"0.5": [-2.49294, 0.32621, 2.47864],
						"0.75": [0, 0, 0],
						"1.0": [-2.49294, -0.32621, -2.47864]
					}
				},
				"bone3": {
					"rotation": {
						"0.0": [-17.5, 0, 0],
						"0.25": [0, 0, 0],
						"0.5": [17.5, 0, 0],
						"0.75": [-5, 0, 0],
						"1.0": [-17.5, 0, 0]
					}
				},
				"bone": {
					"rotation": {
						"0.0": [22.5, 0, 0],
						"0.25": [-2.5, 0, 0],
						"0.5": [-32.5, 0, 0],
						"0.75": [-7.5, 0, 0],
						"1.0": [22.5, 0, 0]
					},
					"position": [0, -0.2, 0]
				},
				"foot": {
					"rotation": {
						"0.0": [-27.5, 0, 0],
						"0.25": [0, 0, 0],
						"0.5": [32.5, 0, 0],
						"0.75": [-4.85201, -3.59787, 1.06966],
						"1.0": [-27.5, 0, 0]
					},
					"position": [0, -0.2, 0]
				},
				"bone2": {
					"rotation": {
						"0.0": [20, 0, 0],
						"0.25": [0, 0, 0],
						"0.5": [-20, 0, 0],
						"0.75": [-2.5, 0, 0],
						"1.0": [20, 0, 0]
					}
				},
				"bone4": {
					"rotation": {
						"0.0": [20, 0, 0],
						"0.25": [7.5, 0, 0],
						"0.5": [-22.5, 0, 0],
						"0.75": [-5, 0, 0],
						"1.0": [20, 0, 0]
					}
				},
				"bone5": {
					"rotation": {
						"0.0": [-25, 0, 0],
						"0.25": [2.5, 0, 0],
						"0.5": [22.5, 0, 0],
						"0.75": [5, 0, 0],
						"1.0": [-25, 0, 0]
					}
				},
				"scatterbug": {
					"position": {
						"0.0": [0, 0.2, 0],
						"0.125": [0, 0.2, 0],
						"0.25": [0, 0.25, 0],
						"0.375": [0, 0.25, 0],
						"0.5": [0, 0.2, 0],
						"0.625": [0, 0.2, 0],
						"0.75": [0, 0.25, 0],
						"0.875": [0, 0.25, 0],
						"1.0": [0, 0.2, 0]
					}
				},
				"fur": {
					"rotation": {
						"0.0": [0, 0, 0],
						"0.25": [0, 0, -2.5],
						"0.5": [0.56721, 0.09865, -0.06669],
						"0.75": [0.57097, 0.07381, 2.43318],
						"1.0": [0.56721, 0.09865, -0.06669]
					}
				},
				"antenni": {
					"rotation": {
						"0.0": [-5, 0, 0],
						"0.125": [-7.5, 0, 0],
						"0.25": [0, 0, 2.5],
						"0.375": [2.49762, -0.10901, 2.49762],
						"0.5": [-5, 0, 0],
						"0.625": [-7.5, 0, 0],
						"0.75": [0, 0, -2.5],
						"0.875": [2.49762, 0.10901, -2.49762],
						"1.0": [-5, 0, 0]
					}
				}
			}
		},
		"animation.scatterbug.attack": {
			"animation_length": 1,
			"bones": {
				"scatterbug": {
					"rotation": {
						"0.0": [0, 0, 0],
						"0.125": [5, 0, 0],
						"0.25": [10, 0, 0],
						"0.5": [5, 0, 0],
						"0.625": [-2.5, 0, 0],
						"0.75": [3.36652, -0.47299, 0.36567],
						"0.875": [12.46056, -0.48617, 0.3754],
						"1.0": [0, 0, 0]
					},
					"position": {
						"0.0": [0, 0, 0],
						"0.25": [0, 0, 0],
						"0.375": [0, 0, -2],
						"0.5": [0, 0, -2],
						"0.625": [0, 1, -1.3],
						"0.75": [0, 1, -0.5],
						"0.875": [0, 0, 0]
					}
				},
				"head": {
					"rotation": {
						"0.0": [0, 0, 0],
						"0.125": [5, 0, 0],
						"0.25": [12.5, 0, 0],
						"0.375": [20, 0, 0],
						"0.5": [22.5, 0, 0],
						"0.625": [22.5, 0, 0],
						"0.75": [7.5, 0, 0],
						"0.875": [0, 0, 0],
						"1.0": [0, 0, 0]
					}
				},
				"fur": {
					"rotation": {
						"0.0": [0, 0, 0],
						"0.125": [-2.5, 0, 0],
						"0.25": [-2.5, 0, 0],
						"0.375": [15, 0, 0],
						"0.5": [5, 0, 0],