{
	"format_version": "1.8.0",
	"animations": {
		"animation.sceptile.chill": {
			"loop": true,
			"animation_length": 0.75,
			"bones": {
				"head": {
					"rotation": {
						"0.0": [5, 0, 0],
						"0.375": [10, 0, 0],
						"0.75": [5, 0, 0]
					},
					"position": {
						"0.0": [0, -1, -6],
						"0.375": [0, -3, -9],
						"0.75": [0, -1, -6]
					}
				},
				"body": {
					"rotation": {
						"0.0": [20, 0, 0],
						"0.375": [30, 0, 0],
						"0.75": [20, 0, 0]
					}
				},
				"tail": {
					"rotation": {
						"0.0": [-20, 0, 0],
						"0.375": [-10, 0, 0],
						"0.75": [-20, 0, 0]
					}
				},
				"rightArm": {
					"rotation": {
						"0.0": [26.56505, -37.76124, -39.23152],
						"0.375": [18.88172, -41.64114, -27.23631],
						"0.75": [26.56505, -37.76124, -39.23152]
					},
					"position": {
						"0.0": [0, 0, -3],
						"0.375": [0, -1, -4],
						"0.75": [0, 0, -3]
					}
				},
				"leftArm": {
					"rotation": {
						"0.0": [20.94102, 40.78947, 30.36119],
						"0.375": [12.2127, 43.65747, 17.40744],
						"0.75": [20.94102, 40.78947, 30.36119]
					},
					"position": {
						"0.0": [0, 0, -3],
						"0.375": [0, -1, -3],
						"0.75": [0, 0, -3]
					}
				},
				"rightLeg": {
					"rotation": {
						"0.0": [2.5, 0, 0],
						"0.75": [2.5, 0, 0]
					}
				},
				"leftLeg": {
					"rotation": {
						"0.0": [0, 0, 0],
						"0.75": [0, 0, 0]
					}
				}
			}
		},
		"animation.sceptile.walk": {
			"loop": true,
			"animation_length": 1,
			"bones": {
				"head": {
					"rotation": {
						"0.0": [0, 0, 0],
						"0.25": [7.5, 0, 0],
						"0.5": [0, 0, 0],
						"0.75": [5, 0, 0],
						"1.0": [0, 0, 0]
					},
					"position": {
						"0.0": [0, -7, -14],
						"0.25": [0, -11, -14],
						"0.5": [0, -7, -14],
						"0.75": [0, -11, -14],
						"1.0": [0, -7, -14]
					}
				},
				"body": {
					"rotation": {
						"0.0": [45, 0, 0],
						"0.25": [52.5, 0, 0],
						"0.5": [45, 0, 0],
						"0.75": [52.5, 0, 0],
						"1.0": [45, 0, 0]
					},
					"position": {
						"0.0": [0, -2, 0],
						"0.5": [0, -2, 0],
						"1.0": [0, -2, 0]
					}
				},
				"tail": {
					"rotation": {
						"0.0": [-37.5, 0, 0],
						"0.25": [-67.5, 0, 0],
						"0.5": [-37.5, 0, 0],
						"0.75": [-67.5, 0, 0],
						"1.0": [-37.5, 0, 0]
					}
				},
				"rightArm": {
					"rotation": {
						"0.0": [15.00046, 31.99975, 26.82396],
						"0.25": [20.61737, 28.93057, 37.87289],
						"0.5": [15.00046, 31.99975, 26.82396],
						"0.75": [20.61737, 28.93057, 37.87289],
						"1.0": [15.00046, 31.99975, 26.82396]
					},
					"position": {
						"0.0": [1, -4, -5],
						"0.25": [1, -5, -6],
						"0.5": [1, -4, -5],
						"0.75": [-1, -5, -6],
						"1.0": [1, -4, -5]
					}
				},
				"leftArm": {
					"rotation": {
						"0.0": [13.46783, -32.61461, -23.9568],
						"0.25": [19.29534, -29.78401, -35.17674],
						"0.5": [13.46783, -32.61461, -23.9568],
						"0.75": [19.29534, -29.78401, -35.17674],
						"1.0": [13.46783, -32.61461, -23.9568]
					},
					"position": {
						"0.0": [-1, -4, -5],
						"0.25": [-1, -5, -6],
						"0.5": [-1, -4, -5],
						"0.75": [-1, -5, -6],
						"1.0": [-1, -4, -5]
					}
				},
				"rightLeg": {
					"rotation": {
						"0.0": [0, 0, 0],
						"0.25": [-35, 0, 0],
						"0.5": [0, 0, 0],
						"0.75": [7.5, 0, 0],
						"1.0": [0, 0, 0]
					}
				},
				"leftLeg": {
					"rotation": {
						"0.0": [0, 0, 0],
						"0.25": [7.5, 0, 0],
						"0.5": [0, 0, 0],
						"0.75": [-35, 0, 0],
						"1.0": [0, 0, 0]
					}
				}
			}
		}
	}
}