{
	"format_version": "1.8.0",
	"animations": {
		"animation.sobble.chill": {
			"loop": true,
			"bones": {
				"body": {
					"rotation": [25, 0, 0],
					"position": [0, "-0.2-0.2*math.cos(q.anim_time*100)", 0]
				},
				"head": {
					"rotation": ["-17.5-0.8*math.cos(q.anim_time*100)", 0, 0]
				},
				"rightLeg": {
					"rotation": [10, 55, 0],
					"position": [0, 0.3, -1.1]
				},
				"rightArm": {
					"rotation": [-48.47676, -38.35412, 28.62135],
					"position": [0.2, "-0.8+0.2*math.cos(q.anim_time*100)", -1]
				},
				"leftArm": {
					"rotation": [-48.47676, 38.35412, -28.62135],
					"position": [-0.2, "-0.8+0.2*math.cos(q.anim_time*100)", -1]
				},
				"leftLeg": {
					"rotation": [10, -55, 0],
					"position": [0, 0.3, -1.1]
				},
				"leftDownLeg": {
					"rotation": [-7.5, 0, 0]
				}
			}
		},
		"animation.sobble.attack": {
			"loop": true,
			"animation_length": 1,
			"bones": {
				"body": {
					"rotation": {
						"0.0": [25, 0, 0],
						"0.3333": [23.03051, 11.31255, 5.35254],
						"0.5833": [23.79653, -20.78585, -5.9254],
						"1.0": [25, 0, 0]
					},
					"position": {
						"0.0": [0, "-0.2-0.2*math.cos(q.anim_time*100)", 0],
						"1.0": [0, "-0.2-0.2*math.cos(q.anim_time*100)", 0]
					}
				},
				"head": {
					"rotation": ["-17.5-0.8*math.cos(q.anim_time*100)", 0, 0]
				},
				"rightLeg": {
					"rotation": [10, 55, 0],
					"position": [0, 0.3, -1.1]
				},
				"rightArm": {
					"rotation": {
						"0.0": [-48.47676, -38.35412, 28.62135],
						"0.3333": [65.59123, 58.51041, 153.95648],
						"0.6667": [-108.46902, -30.68861, 46.47346],
						"1.0": [-48.47676, -38.35412, 28.62135]
					},
					"position": {
						"0.0": [0.2, "-0.8+0.2*math.cos(q.anim_time*100)", -1],
						"1.0": [0.2, "-0.8+0.2*math.cos(q.anim_time*100)", -1]
					}
				},
				"leftArm": {
					"rotation": {
						"0.0": [-48.47676, 38.35412, -28.62135],
						"0.3333": [-40.97676, 38.35412, -28.62135],
						"0.5833": [-60.97676, 38.35412, -28.62135],
						"1.0": [-48.47676, 38.35412, -28.62135]
					},
					"position": {
						"0.0": [-0.2, "-0.8+0.2*math.cos(q.anim_time*100)", -1],
						"1.0": [-0.2, "-0.8+0.2*math.cos(q.anim_time*100)", -1]
					}
				},
				"leftLeg": {
					"rotation": [10, -55, 0],
					"position": [0, 0.3, -1.1]
				},
				"leftDownLeg": {
					"rotation": [-7.5, 0, 0]
				}
			}
		},
		"animation.sobble.walk": {
			"loop": true,
			"animation_length": 1,
			"bones": {
				"body": {
					"rotation": {
						"0.0": [12.5, 0, 0],
						"0.25": [7.5, 0, 0],
						"0.5": [12.5, 0, 0],
						"0.75": [7.5, 0, 0],
						"1.0": [12.5, 0, 0]
					},
					"position": {
						"0.0": [0, 0.5, 0],
						"0.25": [0, 0.9, 0],
						"0.5": [0, 0.5, 0],
						"0.75": [0, 0.9, 0],
						"1.0": [0, 0.5, 0]
					}
				},
				"rightLeg": {
					"rotation": {
						"0.0": [46.19955, 54.76697, 29.05432],
						"0.25": [1.88176, 31.10122, 15.0194],
						"0.5": [22.56397, 7.43547, 0.98448],
						"1.0": [46.19955, 54.76697, 29.05432]
					},
					"position": {
						"0.0": [0, 0.5, 0],
						"0.5": [0, 0.9, 0],
						"1.0": [0, 0.5, 0]
					}
				},
				"rightDownLeg": {
					"rotation": {
						"0.0": [-20, 0, 0],
						"0.25": [20, 0, 0],
						"0.5": [-15, 0, 0],
						"1.0": [-20, 0, 0]
					}
				},
				"rightArm": {
					"rotation": {
						"0.0": [23.30696, 9.30727, 39.42361],
						"0.25": [20.9057, 14.02846, 27.60064],
						"0.5": [23.30696, 9.30727, 39.42361],
						"0.75": [20.9057, 14.02846, 27.60064],
						"1.0": [23.30696, 9.30727, 39.42361]
					}
				},
				"leftArm": {
					"rotation": {
						"0.0": [23.30696, -9.30727, -39.42361],
						"0.25": [20.9057, -14.02846, -27.60064],
						"0.5": [23.30696, -9.30727, -39.42361],
						"0.75": [20.9057, -14.02846, -27.60064],
						"1.0": [23.30696, -9.30727, -39.42361]
					}
				},
				"leftLeg": {
					"rotation": {
						"0.0": [22.56397, -7.43547, -0.98448],
						"0.5": [46.19955, -54.76697, -29.05432],
						"0.75": [1.88176, -31.10122, -15.0194],
						"1.0": [22.56397, -7.43547, -0.98448]
					},
					"position": {
						"0.0": [0, 0.9, 0],
						"0.5": [0, 0.5, 0],
						"1.0": [0, 0.9, 0]
					}
				},
				"leftDownLeg": {
					"rotation": {
						"0.0": [-15, 0, 0],
						"0.5": [-20, 0, 0],
						"0.75": [20, 0, 0],
						"1.0": [-15, 0, 0]
					}
				}
			}
		},
		"animation.sobble.sitting": {
			"loop": true,
			"bones": {
				"body": {
					"rotation": ["7.5-0.8*math.cos(q.anim_time*100)", 0, 0],
					"position": [0, -4, 2]
				},
				"rightLeg": {
					"rotation": [-107.81234, 54.38052, -38.54218],
					"position": [0, -4, 0]
				},
				"rightDownLeg": {
					"rotation": [35, 0, 0]
				},
				"rightArm": {
					"rotation": [-76.37225, -30.43139, "69.9126-0.8*math.cos(q.anim_time*100)"]
				},
				"leftArm": {
					"rotation": [-76.37225, 30.43139, "-69.9126+0.8*math.cos(q.anim_time*100)"]
				},
				"leftLeg": {
					"rotation": [-107.81234, -54.38052, 38.54218],
					"position": [0, -4, 0]
				},
				"leftDownLeg": {
					"rotation": [35, 0, 0]
				}
			}
		}
	}
}