{"format_version":"1.8.0","animations":{"animation.spewpa.walking":{"loop":true,"animation_length":2,"bones":{"body":{"rotation":{"0.0":[0,0,0],"0.1667":[0,-2.5,0],"0.3333":[0,-4.63,0],"0.5":[0,-1.32,0],"0.6667":[0,1.46,0],"0.8333":[0,3.67,0],"1.0":[0,4.95,0],"1.2917":[0,0,0],"1.5":[0,-2.5,0],"1.625":[0,-5,0],"1.7917":[0,-2.5,0],"2.0":[0,0,0]}},"head":{"rotation":{"0.0":[0,0,0],"0.2083":[0,0,-2.5],"0.4167":[0,0,-5],"0.625":[0,0,-2.5],"0.7917":[0,0,0],"0.9583":[0,0,2.5],"1.125":[0,0,5],"1.4583":[0,0,2.5],"2.0":[0,0,0]}}}},"animation.spewpa.blink":{"animation_length":0.20833,"bones":{"eyes":{"scale":{"0.0":[1,1,1],"0.0833":[1,0.5,1],"0.1667":[1,0.2,1]}}}},"animation.spewpa.sleeping":{"loop":true,"animation_length":0.5,"bones":{"body":{"rotation":{"0.0":[0,0,0],"0.0833":[0,0,0]}},"head":{"rotation":{"0.0":[0,0,10],"0.2083":[2.5,0,10],"0.3333":[5,0,10],"0.4167":[2.5,0,10],"0.5":[0,0,10]},"position":{"0.0":[0,0,0],"0.125":[0,0,0]}},"eyes":{"scale":[1,0.1,1]}}},"animation.spewpa.faint":{"loop":true,"animation_length":0.5,"bones":{"body":{"rotation":{"0.0":[0,0,0],"0.0833":[0,0,0]}},"head":{"rotation":{"0.0":[0,0,10],"0.2083":[2.5,0,10],"0.3333":[5,0,10],"0.4167":[2.5,0,10],"0.5":[0,0,10]},"position":{"0.0":[0,0,0],"0.125":[0,0,0]}},"eyes":{"scale":[1,0.1,1]}}},"animation.spewpa.ground_idle":{"loop":true,"animation_length":0.75,"bones":{"body":{"rotation":[0,0,0]},"head":{"rotation":{"0.0":[0,0,0],"0.125":[0,0,2.5],"0.25":[0,0,0],"0.375":[0,0,-2.5],"0.5":[0,0,-5],"0.625":[0,0,-2.5],"0.75":[0,0,0]}}}},"animation.spewpa.battle_idle":{"loop":true,"animation_length":0.75,"bones":{"body":{"rotation":{"0.0":[0,0,0],"0.1667":[0,0,0],"0.3333":[2.5,0,0],"0.4583":[0,0,0],"0.5833":[2.5,0,0],"0.75":[0,0,0]}},"head":{"rotation":{"0.0":[0,0,0],"0.125":[0,0,2.5],"0.25":[0,0,0],"0.375":[0,0,-2.5],"0.5":[0,0,-5],"0.625":[0,0,-2.5],"0.75":[0,0,0]}},"bone3":{"rotation":[0,0,-7.5]},"bone2":{"rotation":[0,0,10]}}},"animation.spewpa.attack":{"animation_length":0.54167,"bones":{"bone":{"rotation":[0,0,0],"position":[0,0,0]},"body":{"rotation":{"0.0":[0,0,0],"0.3333":[2.5,0,0]}},"head":{"rotation":{"0.0":[0,0,0],"0.0833":[2.5,0,0],"0.2083":[7.5,0,0],"0.375":[10,0,0]},"position":{"0.0":[0,0,0],"0.5417":[0,0,-1]}},"bone2":{"rotation":{"0.0":[0,0,0],"0.125":[0,0,10]}},"bone3":{"rotation":{"0.0":[0,0,0],"0.125":[0,0,-7.5]}}}}}}
