{
	"format_version": "1.8.0",
	"animations": {
		"animation.squirtle.chill": {
			"loop": true,
			"animation_length": 1,
			"bones": {
				"Shell": {
					"rotation": {
						"0.0": [5, 0, 0],
						"0.25": [7.5, 0, 0],
						"0.5": [5, 0, 0],
						"0.75": [7.5, 0, 0],
						"1.0": [5, 0, 0]
					},
					"position": [0, 0, 0]
				},
				"Head": {
					"rotation": {
						"0.0": [0, 0, 0],
						"0.25": [7.5, 0, 0],
						"0.5": [0, 0, 0],
						"0.75": [7.5, 0, 0],
						"1.0": [0, 0, 0]
					},
					"position": {
						"0.0": [0, 0, -1],
						"1.0": [0, 0, -1]
					}
				},
				"Righteye": {
					"position": [0, 0, 0]
				},
				"Lefteye": {
					"position": [0, 0, 0]
				},
				"Rightarm": {
					"rotation": {
						"0.0": [-10.11783, -22.9824, 24.56202],
						"0.25": [-12.15123, -22.01609, 29.87229],
						"0.5": [-10.11783, -22.9824, 24.56202],
						"0.75": [-12.15123, -22.01609, 29.87229],
						"1.0": [-10.11783, -22.9824, 24.56202]
					},
					"position": {
						"0.0": [0, 0, 0],
						"1.0": [0, 0, 0]
					}
				},
				"Leftarm": {
					"rotation": {
						"0.0": [-9.06159, 23.39896, -21.88023],
						"0.25": [-11.14843, 22.52101, -27.22644],
						"0.5": [-9.06159, 23.39896, -21.88023],
						"0.75": [-11.14843, 22.52101, -27.22644],
						"1.0": [-9.06159, 23.39896, -21.88023]
					}
				},
				"Tail": {
					"rotation": {
						"0.0": [0, 0, 0],
						"0.25": [0, -25, 0],
						"0.5": [0, 0, 0],
						"0.75": [0, 25, 0],
						"1.0": [0, 0, 0]
					}
				}
			}
		},
		"animation.squirtle.walk": {
			"loop": true,
			"animation_length": 1,
			"bones": {
				"Shell": {
					"rotation": {
						"0.0": [5, 0, 0],
						"0.5": [5, 0, 0],
						"1.0": [5, 0, 0]
					},
					"position": {
						"0.0": [0, 0, 0],
						"0.25": [0, -0.5, 0],
						"0.5": [0, 0, 0],
						"0.75": [0, -0.5, 0],
						"1.0": [0, 0, 0]
					}
				},
				"Head": {
					"rotation": {
						"0.0": [0, 0, 0],
						"0.5": [0, 0, 0],
						"1.0": [0, 0, 0]
					},
					"position": {
						"0.0": [0, 0, -1],
						"0.25": [0, -1, -1],
						"0.5": [0, 0, -1],
						"0.75": [0, -1, -1],
						"1.0": [0, 0, -1]
					}
				},
				"Rightarm": {
					"rotation": {
						"0.0": [0, 0, 0],
						"0.25": [2.66022, -19.98015, -0.90956],
						"0.5": [0, 0, 0],
						"0.75": [0, 20, 0]
					},
					"position": {
						"0.0": [0, 0, 0],
						"0.25": [0, -0.5, 0],
						"0.5": [0, 0, 0],
						"0.75": [0, -1, 0],
						"1.0": [0, 0, 0]
					}
				},
				"Leftleg": {
					"rotation": {
						"0.0": [0, 0, 0],
						"0.25": [-20, 0, 0],
						"0.5": [0, 0, 0],
						"0.75": [20, 0, 0],
						"1.0": [0, 0, 0]
					}
				},
				"Rightleg": {
					"rotation": {
						"0.0": [0, 0, 0],
						"0.25": [20, 0, 0],
						"0.5": [0, 0, 0],
						"0.75": [-17.5, 0, 0],
						"1.0": [0, 0, 0]
					}
				},
				"Leftarm": {
					"rotation": {
						"0.0": [0, 0, 0],
						"0.25": [0, -20, 0],
						"0.5": [0, 0, 0],
						"0.75": [0, 20, 0],
						"1.0": [0, 0, 0]
					},
					"position": {
						"0.0": [0, 0, 0],
						"0.25": [0, -1, 0],
						"0.5": [0, 0, 0],
						"0.75": [0, -1, 0],
						"1.0": [0, 0, 0]
					}
				},
				"Tail": {
					"rotation": {
						"0.0": [0, 0, 0],
						"0.25": [0, 37.5, 0],
						"0.5": [0, 0, 0],
						"0.75": [0, -27.5, 0],
						"1.0": [0, 0, 0]
					}
				}
			}
		}
	}
}