{
	"format_version": "1.8.0",
	"animations": {
		"animation.swadloon.chill": {
			"loop": true,
			"animation_length": 0.5,
			"bones": {
				"Body": {
					"rotation": {
						"0.0": [0, 0, 0],
						"0.125": [0, 0, -5],
						"0.25": [0, 0, 0],
						"0.375": [0, 0, 5],
						"0.5": [0, 0, 0]
					}
				},
				"Leafbody": {
					"rotation": [0, 0, 0]
				},
				"Leafonhead1": {
					"rotation": {
						"0.0": [0, 0, 0],
						"0.125": [0, 0, 7.5],
						"0.25": [0, 0, 0],
						"0.375": [0, 0, -7.5],
						"0.5": [0, 0, 0]
					}
				},
				"Leafonhead2": {
					"rotation": {
						"0.0": [0, 0, 0],
						"0.125": [0, 0, 7.5],
						"0.25": [0, 0, 0],
						"0.375": [0, 0, -7.5],
						"0.5": [0, 0, 0]
					}
				},
				"Leavfarms1": {
					"rotation": {
						"0.0": [0, 0, 7.5],
						"0.125": [0, 0, -7.5],
						"0.25": [0, 0, 0],
						"0.375": [0, 0, 7.5],
						"0.5": [0, 0, 0]
					}
				},
				"LeafUnder": {
					"rotation": {
						"0.0": [0, 0, 0],
						"0.125": [0, 0, 5],
						"0.25": [0, 0, 0],
						"0.5": [0, 0, 0]
					}
				},
				"Leavfarms2": {
					"rotation": {
						"0.0": [0, 0, 7.5],
						"0.125": [0, 0, 7.5],
						"0.25": [0, 0, 0],
						"0.375": [0, 0, -7.5],
						"0.5": [0, 0, 0]
					}
				},
				"LeafUnder2": {
					"rotation": {
						"0.0": [0, 0, 0],
						"0.25": [0, 0, 0],
						"0.375": [0, 0, 5],
						"0.5": [0, 0, 0]
					}
				}
			}
		},
		"animation.swadloon.walk": {
			"loop": true,
			"animation_length": 0.5,
			"bones": {
				"Body": {
					"rotation": {
						"0.0": [0, 0, 0],
						"0.25": [5, 0, 0],
						"0.5": [0, 0, 0]
					}
				},
				"Leafonhead1": {
					"rotation": {
						"0.0": [0, 0, 0],
						"0.25": [-25, 0, 0],
						"0.5": [0, 0, 0]
					}
				},
				"Leafonhead2": {
					"rotation": {
						"0.0": [0, 0, 0],
						"0.25": [-25, 0, 0],
						"0.5": [0, 0, 0]
					}
				},
				"Leavfarms1": {
					"rotation": {
						"0.0": [0, 0, 0],
						"0.25": [0, 0, -10],
						"0.5": [0, 0, 0]
					}
				},
				"LeafUnder": {
					"rotation": {
						"0.0": [0, 0, 0],
						"0.25": [-5.07673, 9.96156, -0.88045],
						"0.5": [-2.5, 0, 0]
					}
				},
				"Leaftail": {
					"rotation": {
						"0.0": [0, 0, 0],
						"0.25": [-10, 0, 0],
						"0.5": [0, 0, 0]
					}
				},
				"Leavfarms2": {
					"rotation": {
						"0.0": [0, 0, 0],
						"0.25": [0, 0, -10],
						"0.5": [0, 0, 0]
					}
				},
				"LeafUnder2": {
					"rotation": {
						"0.0": [0, 0, 0],
						"0.25": [5.03852, -9.99038, -0.44067],
						"0.5": [0, 0, 0]
					}
				},
				"Leaftail2": {
					"rotation": {
						"0.0": [0, 0, 0],
						"0.25": [-10.02154, -7.49282, 0.32902],
						"0.5": [0, 0, 0]
					}
				}
			}
		}
	}
}