{
	"format_version": "1.8.0",
	"animations": {
		"animation.swampert.walk": {
			"loop": true,
			"animation_length": 1.5,
			"bones": {
				"rightArm": {
					"rotation": {
						"0.0": [-36.5093, -15.1803, 73.32783],
						"0.75": [-43.32692, -31.20147, 52.43927],
						"1.5": [-36.5093, -15.1803, 73.32783]
					}
				},
				"ram": {
					"rotation": [-23.38252, -20.26427, -21.49087]
				},
				"leftArm": {
					"rotation": {
						"0.0": [-33.34564, 29.56569, -40.36154],
						"0.75": [-30.38279, 10.47286, -68.38662],
						"1.5": [-33.34564, 29.56569, -40.36154]
					}
				},
				"lam": {
					"rotation": [-20.65912, 20.76324, 24.00992]
				},
				"rightLeg": {
					"rotation": {
						"0.0": [-44.11955, 9.96156, 5.07673],
						"0.375": [-2.88895, 9.84504, 2.54167],
						"0.75": [30.88045, 9.96156, 5.07673],
						"1.125": [-2.88895, 9.84504, 2.54167],
						"1.5": [-44.11955, 9.96156, 5.07673]
					},
					"position": {
						"0.0": [0, 2, -1],
						"0.2083": [0, 0, 0],
						"0.5833": [0, 1.41, 0],
						"1.125": [0, 1, 0],
						"1.5": [0, 2, -1]
					}
				},
				"leftLeg": {
					"rotation": {
						"0.0": [31.31845, -9.91358, -7.61435],
						"0.375": [-2.44937, -9.81619, -5.07875],
						"0.75": [-43.68155, -9.91358, -7.61435],
						"1.125": [-2.44937, -9.81619, -5.07875],
						"1.5": [31.31845, -9.91358, -7.61435]
					},
					"position": {
						"0.0": [0, 2, 0],
						"0.375": [0, 2, 0],
						"0.75": [0, 3.18, -1.46],
						"0.9583": [0, 0.72, -0.72],
						"1.3333": [0, 1.22, -0.22],
						"1.5": [0, 2, 0]
					}
				},
				"all": {
					"rotation": {
						"0.0": [17.26244, -5.62912, 7.04808],
						"0.375": [17.5, 0, 0],
						"0.75": [17.10241, 10.60771, -6.63631],
						"1.125": [17.5, 0, 0],
						"1.5": [17.26244, -5.62912, 7.04808]
					},
					"position": {
						"0.0": [0, -1, 0],
						"0.375": [0, 0, 0],
						"0.75": [0, -1, 0],
						"1.125": [0, 0, 0],
						"1.5": [0, -1, 0]
					}
				},
				"head": {
					"rotation": [-12.5, 0, 0]
				},
				"tail": {
					"rotation": {
						"0.0": [0, -10, 0],
						"0.7917": [0, 10, 0],
						"1.5": [0, -10, 0]
					}
				},
				"finger1": {
					"rotation": [20, 0, 0]
				},
				"finger2": {
					"rotation": [-17.5, 0, 0]
				},
				"finger4": {
					"rotation": [20, 0, 0]
				},
				"finger5": {
					"rotation": [-20, 0, 0]
				}
			}
		},
		"animation.swampert.chill": {
			"loop": true,
			"animation_length": 3,
			"bones": {
				"rightArm": {
					"rotation": {
						"0.0": [-58.19673, -19.44903, 70.59997],
						"1.5": [-53.19673, -19.44903, 70.59997],
						"3.0": [-58.19673, -19.44903, 70.59997]
					}
				},
				"ram": {
					"rotation": [-23.38252, -20.26427, -21.49087]
				},
				"leftArm": {
					"rotation": {
						"0.0": [-52.21062, 14.44311, -65.27333],
						"1.5": [-47.21062, 14.44311, -65.27333],
						"3.0": [-52.21062, 14.44311, -65.27333]
					}
				},
				"lam": {
					"rotation": [-20.65912, 20.76324, 24.00992]
				},
				"rightLeg": {
					"rotation": [-20, 0, 0],
					"position": [0, 1, 0]
				},
				"leftLeg": {
					"rotation": [-20, 0, 0],
					"position": [0, 1, 0]
				},
				"all": {
					"rotation": [17.79665, -0.98515, 0.64049],
					"position": [0, -1, 0]
				},
				"head": {
					"rotation": {
						"0.0": [-12.5, 0, 0],
						"1.5": [-7.5, 0, 0],
						"3.0": [-12.5, 0, 0]
					}
				},
				"tail": {
					"rotation": {
						"0.5": [0, 0, 0],
						"0.75": [0, 10, 0],
						"1.0": [0, 2.5, 0],
						"1.25": [0, -7.5, 0],
						"1.5": [0, 0, 0]
					}
				},
				"finger1": {
					"rotation": [20, 0, 0]
				},
				"finger2": {
					"rotation": [-17.5, 0, 0]
				},
				"finger4": {
					"rotation": [20, 0, 0]
				},
				"finger5": {
					"rotation": [-20, 0, 0]
				}
			}
		},
		"animation.swampert.swim": {
			"loop": true,
			"animation_length": 2,
			"bones": {
				"all": {
					"rotation": [87.5, 0, 0],
					"position": [0, 9, 12]
				},
				"head": {
					"rotation": [-85, 0, 0],
					"position": [0, 1, 0]
				},
				"tail": {
					"rotation": {
						"0.0": [-30, 0, 0],
						"0.75": [-30.86748, 12.95254, -7.63074],
						"1.5": [-30.86748, -12.95254, 7.63074],
						"2.0": [-30, 0, 0]
					}
				},
				"rightArm": {
					"rotation": {
						"0.0": [-90, 80, 90],
						"0.5": [-12.96248, 39.27345, 171.70988],
						"1.0": [-32.53811, -26.50814, 66.71688],
						"2.0": [-90, 80, 90]
					}
				},
				"leftArm": {
					"rotation": {
						"0.0": [-90, -80, -90],
						"0.5": [-12.96248, -39.27345, -171.70988],
						"1.0": [-31.44964, 27.83292, -64.33365],
						"2.0": [-90, -80, -90]
					}
				},
				"rightLeg": {
					"rotation": {
						"0.0": [15, 0, 0],
						"0.25": [0, 0, 0],
						"0.5": [-15, 0, 0],
						"0.75": [0, 0, 0],
						"1.0": [15, 0, 0],
						"1.25": [0, 0, 0],
						"1.5": [-17.5, 0, 0],
						"1.75": [-2.5, 0, 0],
						"2.0": [15, 0, 0]
					}
				},
				"leftLeg": {
					"rotation": {
						"0.0": [-15, 0, 0],
						"0.25": [0, 0, 0],
						"0.5": [15, 0, 0],
						"0.75": [0, 0, 0],
						"1.0": [-15, 0, 0],
						"1.25": [0, 0, 0],
						"1.5": [15, 0, 0],
						"1.75": [0, 0, 0],
						"2.0": [-15, 0, 0]
					}
				}
			}
		},
		"animation.swampert.idle_in_water": {
			"loop": true,
			"animation_length": 3,
			"bones": {
				"all": {
					"rotation": [87.5, 0, 0],
					"position": {
						"0.0": [0, 9, 12],
						"1.5": [0, 10, 12],
						"3.0": [0, 9, 12]
					}
				},
				"head": {
					"rotation": [-85, 0, 0],
					"position": [0, 1, 0]
				},
				"tail": {
					"rotation": [-30, 0, 0]
				},
				"rightArm": {
					"rotation": {
						"0.25": [-55, 85, 90],
						"1.5": [-84.89813, 55.79515, 59.3255],
						"3.0": [-55, 85, 90]
					}
				},
				"leftArm": {
					"rotation": {
						"0.0": [-55, -85, -90],
						"1.5": [-84.89813, -55.79515, -59.3255],
						"3.0": [-55, -85, -90]
					}
				}
			}
		}
	}
}