{
	"format_version": "1.8.0",
	"animations": {
		"animation.swellow.ground_idle": {
			"loop": true,
			"animation_length": 0.79167,
			"bones": {
				"body": {
					"rotation": {
						"0.0": {
							"post": [0, 0, 0],
							"lerp_mode": "catmullrom"
						},
						"0.2917": {
							"post": [2.5, 0, 0],
							"lerp_mode": "catmullrom"
						},
						"0.5": {
							"post": [2, 0, 0],
							"lerp_mode": "catmullrom"
						},
						"0.75": {
							"post": [0, 0, 0],
							"lerp_mode": "catmullrom"
						}
					},
					"position": {
						"0.0": [0, 0, 0],
						"0.375": [0, -0.1, 0],
						"0.625": [0, 0, 0]
					}
				},
				"leftFakeWing": {
					"rotation": {
						"0.0": [108.49506, -82.09657, 71.66882],
						"0.125": [142.91762, -77.51003, 36.75351],
						"0.25": [136.44004, -79.73173, 37.79558],
						"0.375": [108.49506, -82.09657, 71.66882]
					},
					"position": [0.5, -4, -3]
				},
				"rightFakeWing": {
					"rotation": {
						"0.0": [89.83619, 82.50715, -89.83619],
						"0.0833": [106.8, 77.54438, -73.21593],
						"0.2083": [113.46692, 79.82499, -64.6826],
						"0.3333": [89.83619, 82.50715, -89.83619]
					},
					"position": [-0.5, -3, -3]
				},
				"bone": {
					"rotation": {
						"0.0": [10, 0, 0],
						"0.25": [5.5, 0, 0],
						"0.375": [5.54, 0, 0],
						"0.5833": [10, 0, 0],
						"0.6667": [11, 0, 0],
						"0.7917": [10, 0, 0]
					}
				},
				"bone2": {
					"rotation": [0, 22.5, 0]
				},
				"bone3": {
					"rotation": [0, -25, 0]
				}
			}
		},
		"animation.swellow.air_idle": {
			"loop": true,
			"animation_length": 1,
			"bones": {
				"root": {
					"position": {
						"0.0": [0, 19, 0],
						"0.125": [0, 15.6, 0],
						"0.25": [0, 19, 0],
						"0.5": [0, 24, 0],
						"0.625": [0, 26.5, 0],
						"0.75": [0, 26.5, 0],
						"0.875": [0, 23.8, 0],
						"1.0": [0, 19, 0]
					}
				},
				"leftFakeWing": {
					"rotation": {
						"0.0": [90, 0, -67.5],
						"0.25": [90, 0, 4.31818],
						"0.4583": [90, 0, 60],
						"1.0": [90, 0, -67.5]
					},
					"position": [0, 0, -2]
				},
				"leftDwing": {
					"rotation": {
						"0.0": [0, -30, 0],
						"0.25": [0, -30, 0],
						"0.5": [0, 42.5, 0],
						"0.6667": [0, 81.88, 0],
						"1.0": [0, -30, 0]
					}
				},
				"rightFakeWing": {
					"rotation": {
						"0.0": [90, 0, 67.5],
						"0.25": [90, 0, 2.5],
						"0.4583": [90, 0, -52.5],
						"1.0": [90, 0, 67.5]
					},
					"position": [0, 0, -2]
				},
				"rightDwing": {
					"rotation": {
						"0.0": [0, 30, 0],
						"0.25": [0, 30, 0],
						"0.5": [0, -37.5, 0],
						"0.7083": [0, -75, 0],
						"1.0": [0, 30, 0]
					}
				},
				"leftLeg": {
					"rotation": [35, 0, 0],
					"position": [0, 1, -1]
				},
				"rightLeg": {
					"rotation": [40, 0, 0],
					"position": [0, 1, -1]
				},
				"body": {
					"rotation": {
						"0.0": [7.5, 0, 0],
						"0.25": [10, 0, 0],
						"0.375": [10, 0, 0],
						"0.75": [5, 0, 0],
						"1.0": [7.5, 0, 0]
					}
				},
				"bone2": {
					"rotation": {
						"0.0": [0, 0, 0],
						"0.125": [11.25, 0, 0],
						"0.25": [-10, 0, 0],
						"0.5": [-42.5, 0, 0],
						"0.625": [-42.5, 0, 0],
						"1.0": [0, 0, 0]
					}
				},
				"bone3": {
					"rotation": {
						"0.0": [0, 0, 0],
						"0.125": [13.75, 0, 0],
						"0.25": [-10, 0, 0],
						"0.5": [-42.5, 0, 0],
						"0.625": [-42.5, 0, 0],
						"1.0": [0, 0, 0]
					}
				}
			}
		},
		"animation.swellow.flying": {
			"loop": true,
			"animation_length": 1,
			"bones": {
				"root": {
					"position": {
						"0.0": [0, 16, 0],
						"0.5": [0, 17, 0],
						"1.0": [0, 16, 0]
					}
				},
				"leftFakeWing": {
					"rotation": {
						"0.0": [90, 0, -67.5],
						"0.25": [90, 0, 4.31818],
						"0.4583": [90, 0, 60],
						"1.0": [90, 0, -67.5]
					},
					"position": [0, 0, -2]
				},
				"leftDwing": {
					"rotation": {
						"0.0": [0, -30, 0],
						"0.25": [0, -30, 0],
						"0.5": [0, 42.5, 0],
						"0.6667": [0, 81.88, 0],
						"1.0": [0, -30, 0]
					}
				},
				"rightFakeWing": {
					"rotation": {
						"0.0": [90, 0, 67.5],
						"0.25": [90, 0, 2.5],
						"0.4583": [90, 0, -52.5],
						"1.0": [90, 0, 67.5]
					},
					"position": [0, 0, -2]
				},
				"rightDwing": {
					"rotation": {
						"0.0": [0, 30, 0],
						"0.25": [0, 30, 0],
						"0.5": [0, -37.5, 0],
						"0.7083": [0, -75, 0],
						"1.0": [0, 30, 0]
					}
				},
				"leftLeg": {
					"rotation": [67.5, 0, 0],
					"position": [0, 1, -1]
				},
				"rightLeg": {
					"rotation": [75, 0, 0],
					"position": [0, 1, -1]
				},
				"body": {
					"rotation": {
						"0.0": [32.5, 0, 0],
						"0.25": [35, 0, 0],
						"0.5": [35, 0, 0],
						"0.75": [32.5, 0, 0],
						"1.0": [32.5, 0, 0]
					}
				},
				"bone2": {
					"rotation": {
						"0.0": [-47.5, 0, 0],
						"0.5": [-52.5, 0, 0],
						"1.0": [-47.5, 0, 0]
					}
				},
				"bone3": {
					"rotation": {
						"0.0": [-47.5, 0, 0],
						"0.5": [-50, 0, 0],
						"1.0": [-47.5, 0, 0]
					}
				},
				"bone": {
					"rotation": [-12.5, 0, 0]
				}
			}
		},
		"animation.swellow.walking": {
			"loop": true,
			"animation_length": 1,
			"bones": {
				"root": {
					"position": {
						"0.0": [0, -1, 2],
						"0.25": [0, 2, 2],
						"0.375": [0, 2.16, 2],
						"0.5": [0, 1.96, 2],
						"0.625": [0, 1.16, 2],
						"0.75": [0, -1, 2],
						"0.875": [0, -1.4, 2],
						"1.0": [0, -1, 2]
					}
				},
				"leftFakeWing": {
					"rotation": [108.49506, -82.09657, 71.66882],
					"position": [0.5, -4, -3]
				},
				"rightFakeWing": {
					"rotation": [89.83619, 82.50715, -89.83619],
					"position": [-0.5, -3, -3]
				},
				"leftLeg": {
					"rotation": {
						"0.0": [0, 0, 0],
						"0.25": [42.5, 0, 0],
						"0.375": [42.5, 0, 0],
						"0.5": [17.5, 0, 0],
						"0.625": [-12.5, 0, 0],
						"0.75": [0, 0, 0]
					},
					"position": {
						"0.0": [0, 1, 0],
						"0.25": [0, -1, 0],
						"0.375": [0, 0, 0],
						"0.625": [0, 0, 0],
						"0.75": [0, 1, 0],
						"0.875": [0, 1.3, 0],
						"1.0": [0, 1, 0]
					}
				},
				"rightLeg": {
					"rotation": {
						"0.0": [0, 0, 0],
						"0.25": [45, 0, 0],
						"0.375": [45, 0, 0],
						"0.5": [17.5, 0, 0],
						"0.625": [-20, 0, 0],
						"0.75": [0, 0, 0],
						"1.0": [0, 0, 0]
					},
					"position": {
						"0.0": [0, 1, 0],
						"0.25": [0, -1, 0],
						"0.375": [0, 0, 0],
						"0.625": [0, 0, 0],
						"0.75": [0, 1, 0],
						"0.875": [0, 1.3, 0],
						"1.0": [0, 1, 0]
					}
				},
				"bone2": {
					"rotation": [0, 22.5, 0]
				},
				"bone3": {
					"rotation": [0, -25, 0]
				},
				"body": {
					"rotation": {
						"0.0": [0, 0, 0],
						"0.25": [-2.5, 0, 0],
						"0.5": [-2.5, 0, 0],
						"0.75": [5, 0, 0],
						"1.0": [0, 0, 0]
					}
				},
				"bone": {
					"rotation": {
						"0.0": [0, 0, 0],
						"0.25": [4.90895, 0.39144, 0.8827],
						"0.5": [9.90895, 0.39144, 0.8827],
						"0.75": [7.40895, 0.39144, 0.8827],
						"1.0": [0, 0, 0]
					}
				}
			}
		},
		"animation.swellow.water_idle": {
			"loop": true,
			"animation_length": 1.625,
			"bones": {
				"root": {
					"position": {
						"0.0": {
							"post": [0, 4, 0],
							"lerp_mode": "catmullrom"
						},
						"0.2917": {
							"post": [0, 2.7, 0],
							"lerp_mode": "catmullrom"
						},
						"0.7083": {
							"post": [0, 4, 0],
							"lerp_mode": "catmullrom"
						},
						"1.1667": {
							"post": [0, 2.7, 0],
							"lerp_mode": "catmullrom"
						},
						"1.625": {
							"post": [0, 4, 0],
							"lerp_mode": "catmullrom"
						}
					}
				},
				"leftFakeWing": {
					"rotation": {
						"0.0": {
							"post": [156.40108, -70.9899, 22.77163],
							"lerp_mode": "catmullrom"
						},
						"0.2917": {
							"post": [90.16381, -82.50715, 90.16381],
							"lerp_mode": "catmullrom"
						},
						"0.7083": {
							"post": [156.40108, -70.9899, 22.77163],
							"lerp_mode": "catmullrom"
						},
						"1.0": {
							"post": [90.16381, -82.50715, 90.16381],