{"format_version":"1.8.0","animations":{"animation.tepig.walking":{"loop":true,"animation_length":1,"bones":{"body":{"rotation":{"0.0":[2.5,0,0],"0.5":[-5,0,0],"0.75":[-8.75,0,0],"1.0":[2.5,0,0]},"position":{"0.0":[0,0.3,0],"0.25":[0,1,0],"0.5":[0,0.5,0],"0.75":[0,0.7,0],"1.0":[0,0.3,0]}},"rightLeg":{"rotation":{"0.0":[-33.12598,-10.51794,6.79286],"0.5":[46.94488,29.18917,11.92656],"0.75":[4.27631,8.52148,24.52253],"1.0":[-33.12598,-10.51794,6.79286]},"position":{"0.0":[0,-0.9,-0.2],"0.5":[0,0,-0.2],"0.75":[0,0.45,-0.2],"1.0":[0,-0.9,-0.2]}},"rightBackLegLeg":{"rotation":{"0.0":[47.04488,15.74802,9.1985],"0.25":[-14.53029,20.127,24.28705],"0.5":[-30.45512,15.74802,9.1985],"1.0":[47.04488,15.74802,9.1985]},"position":{"0.0":[0,0,0],"0.25":[0,0.7,0],"0.5":[0,0,0],"1.0":[0,0,0]}},"leftLeg":{"rotation":{"0.0":[-33.12598,10.51794,-6.79286],"0.5":[46.94488,-29.18917,-11.92656],"0.75":[4.27631,-8.52148,-24.52253],"1.0":[-33.12598,10.51794,-6.79286]},"position":{"0.0":[0,-0.9,-0.2],"0.5":[0,0,-0.2],"0.75":[0,0.45,-0.2],"1.0":[0,-0.9,-0.2]}},"leftBackLegLeg":{"rotation":{"0.0":[47.04488,-15.74802,-9.1985],"0.25":[-14.53029,-20.127,-24.28705],"0.5":[-30.45512,-15.74802,-9.1985],"1.0":[47.04488,-15.74802,-9.1985]},"position":{"0.0":[0,0,0],"0.25":[0,0.7,0],"0.5":[0,0,0],"1.0":[0,0,0]}}}},"animation.tepig.ground_idle":{"loop":true,"animation_length":2,"bones":{"body":{"rotation":{"0.0":[0,0,0],"1.0":[-2.5,0,0],"2.0":[0,0,0]},"position":{"0.0":[0,0,0],"1.0":[0,0.65,0],"2.0":[0,0,0]}}}},"animation.tepig.attack":{"loop":true,"animation_length":0.75,"bones":{"body":{"rotation":{"0.0":{"post":[0,0,0],"lerp_mode":"catmullrom"},"0.25":{"post":[-7.5,0,0],"lerp_mode":"catmullrom"},"0.5":{"post":[12.5,0,0],"lerp_mode":"catmullrom"},"0.75":{"post":[0,0,0],"lerp_mode":"catmullrom"}},"position":{"0.0":{"post":[0,0,0],"lerp_mode":"catmullrom"},"0.25":{"post":[0,0.6,0.4],"lerp_mode":"catmullrom"},"0.5":{"post":[0,0.6,-1.7],"lerp_mode":"catmullrom"},"0.75":{"post":[0,0,0],"lerp_mode":"catmullrom"}}},"rightBackLegLeg":{"rotation":{"0.0":{"post":[0,0,0],"lerp_mode":"catmullrom"},"0.25":{"post":[-5,0,0],"lerp_mode":"catmullrom"},"0.5":{"post":[25,0,0],"lerp_mode":"catmullrom"},"0.7083":{"post":[0,0,0],"lerp_mode":"catmullrom"}},"position":{"0.0":{"post":[0,0,0],"lerp_mode":"catmullrom"},"0.25":{"post":[0,0,0.3],"lerp_mode":"catmullrom"},"0.5":{"post":[0,-0.2,-1.7],"lerp_mode":"catmullrom"},"0.7083":{"post":[0,0,0],"lerp_mode":"catmullrom"}}},"leftBackLegLeg":{"rotation":{"0.0":{"post":[0,0,0],"lerp_mode":"catmullrom"},"0.25":{"post":[-5,0,0],"lerp_mode":"catmullrom"},"0.5":{"post":[25,0,0],"lerp_mode":"catmullrom"},"0.7083":{"post":[0,0,0],"lerp_mode":"catmullrom"}},"position":{"0.0":{"post":[0,0,0],"lerp_mode":"catmullrom"},"0.25":{"post":[0,0,0.3],"lerp_mode":"catmullrom"},"0.5":{"post":[0,-0.2,-1.7],"lerp_mode":"catmullrom"},"0.7083":{"post":[0,0,0],"lerp_mode":"catmullrom"}}}}},"animation.tepig.sitting":{"loop":true,"animation_length":2,"bones":{"body":{"rotation":[-37.5,0,0],"position":{"0.0":[0,-0.7,-1.7],"1.0":[0,-0.9,-1.7],"2.0":[0,-0.7,-1.7]}},"head":{"rotation":[37.5,0,0]},"rightBackLegLeg":{"rotation":[-67.20412,28.02432,11.17023],"position":[0,-2.9,0]},"leftBackLegLeg":{"rotation":[-67.20412,-28.02432,-11.17023],"position":[0,-2.9,0]}}}}}
