{
	"format_version": "1.8.0",
	"animations": {
		"animation.umbreon.ground_idle": {
			"loop": true,
			"animation_length": 2,
			"bones": {
				"body": {
					"rotation": {
						"0.0": [2.4, 0, 0],
						"0.25": [2.5, 0, 0],
						"0.375": [2.83, 0, 0],
						"0.5": [3.45, 0, 0],
						"0.625": [4.39, 0, 0],
						"0.75": [5, 0, 0],
						"1.0": [5.2, 0, 0],
						"1.25": [5, 0, 0],
						"1.375": [4.7, 0, 0],
						"1.5": [4, 0, 0],
						"1.625": [2.91, 0, 0],
						"1.75": [2.5, 0, 0],
						"2.0": [2.4, 0, 0]
					}
				},
				"eye_1": {
					"relative_to": {
						"rotation": "entity"
					},
					"rotation": {
						"0.25": [2.5, 0, 0],
						"0.75": [2.5, 0, 0],
						"1.25": [7.5, 0, 0],
						"1.875": [2.5, 0, 0]
					},
					"position": [0, 0, 0]
				},
				"eye_2": {
					"position": [0, 0, 0]
				},
				"r_p1": {
					"rotation": {
						"0.25": [-9.53815, 5.63305, 4.98123],
						"0.375": [-6.96, 5.63, 4.98],
						"0.5": [-4.89, 5.63, 4.98],
						"0.625": [-3.11, 5.63, 4.98],
						"0.75": [-2.03815, 5.63305, 4.98123],
						"1.0": [-1.34, 5.63, 4.98],
						"1.25": [-2.04, 5.63, 4.98],
						"1.375": [-4.51, 5.63, 4.98],
						"1.5": [-7.09, 5.63, 4.98],
						"1.625": [-7.76, 5.63, 4.98],
						"1.75": [-9.53815, 5.63305, 4.98123]
					}
				},
				"r_p2": {
					"rotation": {
						"0.25": [5, 0, 0],
						"0.75": [-12.5, 0, 0],
						"1.0": [-13.3, 0, 0],
						"1.25": [-12.5, 0, 0],
						"1.75": [5, 0, 0]
					}
				},
				"r_p3": {
					"rotation": {
						"0.25": [2.48107, 0.43523, -4.98107],
						"0.75": [9.98107, 0.43523, -4.98107],
						"1.0": [9.48, 0.44, -4.98],
						"1.25": [9.98, 0.44, -4.98],
						"1.75": [2.48107, 0.43523, -4.98107]
					}
				},
				"l_p1": {
					"rotation": {
						"0.25": [8.04912, 8.38277, -4.38715],
						"0.375": [10.85, 8.38, -4.39],
						"0.5": [13.15, 8.38, -4.39],
						"0.625": [15.75, 8.38, -4.39],
						"0.75": [18.04912, 8.38277, -4.38715],
						"1.0": [18.85, 8.38, -4.39],
						"1.25": [18.05, 8.38, -4.39],
						"1.375": [15.12, 8.38, -4.39],
						"1.5": [13.14, 8.38, -4.39],
						"1.625": [10.58, 8.38, -4.39],
						"1.75": [8.04912, 8.38277, -4.38715]
					},
					"position": [0.3, 0, -0.2]
				},
				"l_p2": {
					"rotation": {
						"0.25": [0, 0, 0],
						"0.75": [-17.5, 0, 0],
						"1.0": [-18.8, 0, 0],
						"1.25": [-17.5, 0, 0],
						"1.75": [0, 0, 0]
					}
				},
				"l_p3": {
					"rotation": {
						"0.25": [-12.48107, 0.43523, 4.98107],
						"0.75": [-7.18, 0.44, 4.98],
						"1.0": [-7.68, 0.44, 4.98],
						"1.25": [-7.18, 0.44, 4.98],
						"1.75": [-12.48107, 0.43523, 4.98107]
					}
				},
				"l_p_1": {
					"rotation": [4.99527, -0.21782, 2.4905]
				},
				"l_p_3": {
					"rotation": [-5, 0, -2.5]
				},
				"r_p_1": {
					"rotation": [5, 0, -2.5]
				},
				"r_p_3": {
					"rotation": [-5, 0, 2.5]
				},
				"head": {
					"rotation": {
						"0.0": [0, 0, 0],
						"0.25": [0, 0, 0],
						"0.75": [-2.5, 0, 0],
						"1.25": [2.5, 0, 0],
						"2.0": [0, 0, 0]
					}
				},
				"ear_1": {
					"rotation": {
						"0.0": [0, 0, 12.5],
						"0.25": [0, 0, 12.5],
						"0.75": [-5, 0, 12.5],
						"1.0": [-5, 0, 12.5],
						"1.25": [-2.5, 0, 12.5],
						"1.5": [0, 0, 12.5]
					}
				},
				"ear_2": {
					"rotation": {
						"0.0": [0, 0, -15],
						"0.25": [0, 0, -15],
						"0.75": [-5, 0, -15],
						"1.0": [-5, 0, -15],
						"1.25": [-2.5, 0, -15],
						"1.5": [0, 0, -15]
					}
				},
				"t_p1": {
					"rotation": {
						"0.0": [-2.5, 0, 0],
						"0.25": [0, 0, 0],
						"0.75": [0, 0, 0],
						"1.25": [5, 0, 0],
						"1.5": [5, 0, 0],
						"2.0": [-2.5, 0, 0]
					}
				},
				"t_p2": {
					"rotation": {
						"0.0": [2.5, 0, 0],
						"0.25": [2.5, 0, 0],
						"0.75": [0, 0, 0],
						"1.0": [0, 0, 0],
						"1.5": [5, 0, 0],
						"1.75": [5, 0, 0],
						"2.0": [2.5, 0, 0]
					}
				},
				"t_p3": {
					"rotation": {
						"0.0": [5, 0, 0],
						"0.25": [0, 0, 0],
						"0.75": [0, 0, 0],
						"1.25": [0, 0, 0],
						"1.75": [5, 0, 0],
						"2.0": [5, 0, 0]
					}
				}
			}
		},
		"animation.umbreon.walking": {
			"loop": true,
			"animation_length": 1.5,
			"bones": {
				"all": {
					"rotation": [0, 0, 0],
					"position": {
						"0.0": [0, 0, 0],
						"0.375": [0, -0.1, 0],
						"0.75": [0, 0, 0],
						"1.125": [0, -0.1, 0],
						"1.5": [0, 0, 0]
					}
				},
				"body": {
					"rotation": {
						"0.0": [0, 0, -1],
						"0.375": [2.49962, -0.04362, 0.99905],
						"0.75": [0, 0, 1],
						"1.125": [2.46629, 0.04304, -1.01241],
						"1.5": [0, 0, -1]
					},
					"position": [0, 0, 0]
				},
				"head": {
					"rotation": {
						"0.0": [0, 0, 0],
						"0.375": [-2.5, 0, 0],
						"0.75": [0, 0, 0],
						"1.125": [-2.5, 0, 0],
						"1.5": [0, 0, 0]
					}
				},
				"ear_1": {
					"rotation": {
						"0.0": [0, 0, 0],
						"0.5": [-5, 0, 0],
						"0.875": [0, 0, 0],
						"1.25": [-2.5, 0, 0],
						"1.5": [0, 0, 0]
					}
				},
				"ear_2": {
					"rotation": {
						"0.0": [0, 0, 0],
						"0.5": [-5, 0, 0],
						"0.875": [-2.5, 0, 0],
						"1.25": [-5, 0, 0],
						"1.5": [0, 0, 0]
					}
				},
				"r_p1": {
					"rotation": {
						"0.0": [-37.47365, 1.5216, 1.98385],
						"0.2083": [-2.49762, 0.10901, 2.49762],
						"0.2917": [-2.49762, 0.10901, 2.49762],
						"0.5833": [32.47528, -1.34295, 2.10886],
						"0.75": [37.47365, -1.5216, 1.98385],
						"1.0": [0, 0, 2.5],
						"1.25": [-24.97911, 1.05627, 2.26603],
						"1.5": [-37.47365, 1.5216, 1.98385]
					}
				},
				"r_p2": {
					"rotation": {
						"0.0": [0, 0, 0],
						"0.2083": [0, 0, 0],
						"0.2917": [0, 0, 0],
						"0.5833": [-25, 0, 0],
						"0.75": [-40, 0, 0],
						"1.0": [-32.5, 0, 0],
						"1.25": [-18.31203, -1.37519, 0.12554],
						"1.5": [0, 0, 0]
					}
				},
				"r_p3": {
					"rotation": {
						"0.0": [-9.99067, -0.43399, -2.46207],
						"0.2083": [0, 0, -2.5],
						"0.2917": [0, 0, -2.5],
						"0.5833": [7.49294, 0.32621, -2.47864],
						"0.75": [22.48072, 0.95645, -2.30991],
						"1.0": [22.48072, 0.95645, -2.30991],
						"1.25": [22.48072, 0.95645, -2.30991],
						"1.5": [-9.99067, -0.43399, -2.46207]
					}
				},
				"l_p1": {
					"rotation": {
						"0.0": [47.47282, 1.84293, -1.68956],
						"0.25": [0, 0, -2.5],
						"0.5": [-39.97314, -1.60667, -1.91561],
						"0.75": [-44.97272, -1.76749, -1.76833],
						"0.9583": [-7.49294, -0.32621, -2.47864],
						"1.0417": [-7.49294, -0.32621, -2.47864],
						"1.3333": [42.47283, 1.68868, -1.84373],
						"1.5": [47.47282, 1.84293, -1.68956]
					}
				},
				"l_p2": {
					"rotation": {
						"0.0": [-45, 0, 0],
						"0.25": [-35, 0, 0],
						"0.5": [-10, 0, 0],
						"0.75": [2.5, 0, 0],
						"0.9583": [5, 0, 0],
						"1.0417": [5, 0, 0],
						"1.3333": [-17.5, 0, 0],
						"1.5": [-45, 0, 0]
					}
				},
				"l_p3": {
					"rotation": {
						"0.0": [22.48072, -0.95645, 2.30991],
						"0.25": [29.97638, -1.2497, 2.16541],
						"0.5": [19.98247, -0.85481, 2.34941],
						"0.75": [2.49762, -0.10901, 2.49762],
						"0.9583": [0, 0, 2.5],
						"1.0417": [0, 0, 2.5],
						"1.3333": [2.49762, -0.10901, 2.49762],
						"1.5": [22.48072, -0.95645, 2.30991]
					}
				},
				"t_p1": {
					"rotation": {
						"0.0": [0, -2.5, 0],
						"0.25": [2.5, -5, 0],
						"0.5": [0, 0, 0],
						"0.75": [2.5, 2.5, 0],
						"1.0": [0, 3.33, 0],
						"1.25": [2.5, 0, 0],
						"1.5": [0, -2.5, 0]
					}
				},
				"t_p2": {
					"rotation": {
						"0.0": [0, 5, 0],
						"0.5": [0, -7.5, 0],
						"0.75": [0, -7.5, 0],
						"1.0": [0, -2.5, 0],
						"1.25": [0, 5, 0],
						"1.5": [0, 5, 0]
					}
				},
				"t_p3": {
					"rotation": {
						"0.0": [0, 10, 0],
						"0.25": [0, 7.5, 0],
						"0.5": [0, 0, 0],
						"0.75": [0, -5, 0],
						"1.0": [0, -5, 0],
						"1.25": [0, 2.5, 0],
						"1.5": [0, 10, 0]
					}
				},
				"l_p_1": {
					"rotation": {
						"0.0": [-32.47528, -1.34295, -2.10886],