{
	"format_version": "1.8.0",
	"animations": {
		"animation.vileplume.chill": {
			"loop": true,
			"animation_length": 2,
			"bones": {
				"body": {
					"rotation": {
						"0.0": [2.5, 0, 0],
						"1.0": [0, 0, 0],
						"2.0": [2.5, 0, 0]
					}
				},
				"rightArm": {
					"rotation": [0, 0, 0],
					"position": [0, 0, 0]
				},
				"rightLeg": {
					"rotation": [0, 17.5, 0]
				},
				"leftLeg": {
					"rotation": [0, -17.5, 0]
				},
				"leftArm": {
					"rotation": [0, 0, 0],
					"position": [0, 0, 0]
				}
			}
		},
		"animation.vileplume.attack": {
			"loop": true,
			"animation_length": 0.58333,
			"bones": {
				"body": {
					"rotation": {
						"0.0": [2.5, 0, 0],
						"0.1667": [3.8314, 9.57307, 8.0397],
						"0.3333": [8.09376, -36.18281, -10.5301],
						"0.5833": [2.5, 0, 0]
					}
				},
				"rightArm": {
					"rotation": {
						"0.0": [0, 0, 0],
						"0.1667": [41.36219, 35.79744, 116.40206],
						"0.3333": [-87.59126, 12.14587, -5.37054],
						"0.5833": [0, 0, 0]
					},
					"position": {
						"0.0": [0, 0, 0],
						"0.1667": [0, -0.2, 0],
						"0.3333": [1, -1.2, -5],
						"0.5833": [0, 0, 0]
					}
				},
				"rightLeg": {
					"rotation": [0, 17.5, 0]
				},
				"leftLeg": {
					"rotation": [0, -17.5, 0]
				},
				"leftArm": {
					"rotation": [0, 0, 0],
					"position": [0, 0, 0]
				}
			}
		},
		"animation.vileplume.attack_Poison_Fog": {
			"loop": true,
			"animation_length": 0.70833,
			"bones": {
				"body": {
					"rotation": {
						"0.0": [2.5, 0, 0],
						"0.1667": [15, 0, 0],
						"0.5": [2.5, 0, 0],
						"0.7083": [2.5, 0, 0]
					}
				},
				"rightArm": {
					"rotation": [0, 0, 0],
					"position": [0, 0, 0]
				},
				"rightLeg": {
					"rotation": [0, 17.5, 0]
				},
				"leftLeg": {
					"rotation": [0, -17.5, 0]
				},
				"leftArm": {
					"rotation": [0, 0, 0],
					"position": [0, 0, 0]
				},
				"flower": {
					"scale": {
						"0.0": [1, 1, 1],
						"0.1667": [1.3, 0.9, 1.2],
						"0.3333": [1.1, 1.9, 1],
						"0.5": [1, 2.6, 0.9],
						"0.7083": [1, 1, 1]
					}
				}
			}
		},
		"animation.vileplume.walk": {
			"loop": true,
			"animation_length": 1,
			"bones": {
				"body": {
					"rotation": {
						"0.0": [5.00474, 2.49048, 0.21803],
						"0.25": [-2.49526, 2.49048, 0.21803],
						"0.5": [5.00474, 2.49048, 0.21803],
						"0.75": [-2.49526, 2.49048, 0.21803],
						"1.0": [5.00474, 2.49048, 0.21803]
					}
				},
				"rightArm": {
					"rotation": {
						"0.0": [-39.71128, -17.67415, 14.15251],
						"0.5": [27.09602, 16.93258, 11.08555],
						"1.0": [-39.71128, -17.67415, 14.15251]
					}
				},
				"rightLeg": {
					"rotation": {
						"0.0": [16.17354, 21.69365, 6.1191],
						"0.25": [-22.86928, 6.24439, 5.03593],
						"0.5": [-12.5, 0, 0],
						"0.75": [14.33677, 10.84683, 3.05955],
						"1.0": [16.17354, 21.69365, 6.1191]
					},
					"position": {
						"0.0": [0, 1.4, 2],
						"0.25": [0, 1.05, -0.25],
						"0.5": [0, -0.3, -1.3],
						"0.75": [0, 0.55, 1.55],
						"1.0": [0, 1.4, 2]
					}
				},
				"leftLeg": {
					"rotation": {
						"0.0": [-12.5, 0, 0],
						"0.25": [14.33677, -10.84683, -3.05955],
						"0.5": [16.17354, -21.69365, -6.1191],
						"0.75": [-22.86928, -6.24439, -5.03593],
						"1.0": [-12.5, 0, 0]
					},
					"position": {
						"0.0": [0, -0.3, -1.3],
						"0.25": [0, 0.55, 1.55],
						"0.5": [0, 1.4, 2],
						"0.75": [0, 1.05, -0.25],
						"1.0": [0, -0.3, -1.3]
					}
				},
				"leftArm": {
					"rotation": {
						"0.0": [27.09602, -16.93258, -11.08555],
						"0.5": [-39.71128, 17.67415, -14.15251],
						"1.0": [27.09602, -16.93258, -11.08555]
					}
				}
			}
		},
		"animation.vileplume.sitting": {
			"loop": true,
			"animation_length": 2,
			"bones": {
				"body": {
					"rotation": {
						"0.0": [2.5, 0, 0],
						"1.0": [0, 0, 0],
						"2.0": [2.5, 0, 0]
					},
					"position": {
						"0.0": [0, -4, 0],
						"2.0": [0, -4, 0]
					}
				},
				"rightLeg": {
					"rotation": [-76.92319, 29.53512, -20.38594],
					"position": [0, -3, -4]
				},
				"leftLeg": {
					"rotation": [-76.92319, -29.53512, 20.38594],
					"position": [0, -3, -4]
				}
			}
		}
	}
}