{
	"format_version": "1.8.0",
	"animations": {
		"animation.voltorb.idle": {
			"loop": true,
			"animation_length": 4,
			"bones": {
				"bone": {
					"rotation": {
						"0.0": [0, 0, 0],
						"0.5": [-7.5, 0, 0],
						"0.875": [-10, 0, 0],
						"1.125": [-10, 0, 0],
						"1.5": [-7.5, 0, 0],
						"2.0": [0, 0, 0],
						"2.5": [7.5, 0, 0],
						"2.875": [10, 0, 0],
						"3.125": [10, 0, 0],
						"3.5": [7.5, 0, 0],
						"4.0": [0, 0, 0]
					},
					"position": {
						"0.0": [0, 0, 0],
						"0.5": [0, 0, 0.6],
						"0.875": [0, 0, 0.7],
						"1.125": [0, 0, 0.7],
						"1.5": [0, 0, 0.6],
						"2.0": [0, 0, 0],
						"2.5": [0, 0, -0.6],
						"2.875": [0, 0, -0.7],
						"3.125": [0, 0, -0.7],
						"3.5": [0, 0, -0.6],
						"4.0": [0, 0, 0]
					},
					"scale": 1
				}
			}
		},
		"animation.voltorb.walking": {
			"loop": true,
			"animation_length": 2.75,
			"bones": {
				"bone": {
					"rotation": {
						"0.0": [0, 0, 0],
						"0.25": [60, 0, 0],
						"0.5": [112.5, 0, 0],
						"0.75": [165, 0, 0],
						"1.5": [215, 0, 0],
						"1.75": [232.89234, -0.01117, 0.28291],
						"2.0": [242.89234, -0.01117, 0.28291],
						"2.5": [287.5, 0, 0],
						"2.75": [360, 0, 0]
					},
					"position": {
						"0.0": [0, 0, 0],
						"2.0": [0, 0, 0]
					},
					"scale": {
						"0.0": [1, 1, 1],
						"2.0": [1, 1, 1]
					}
				}
			}
		},
		"animation.voltorb.sleeping": {
			"loop": true,
			"animation_length": 2,
			"bones": {
				"bone": {
					"rotation": {
						"0.0": [0, 0, 87.5],
						"0.25": [0, -1, 87.5],
						"0.5": [0, -2, 87.5],
						"0.75": [0, -1, 87.5],
						"1.0": [0, 0, 87.5],
						"1.25": [0, 1.97333, 87.5],
						"1.5": [0, 2.97333, 87.5],
						"1.75": [0, 1.97333, 87.5],
						"2.0": [0, -0.02667, 87.5]
					},
					"position": [0, -0.3, 0]
				},
				"bone2": {
					"rotation": [17.5, 0, 17.5],
					"position": [0.1, -0.9, 0.5],
					"scale": [1.1, 1.1, 1]
				},
				"bone3": {
					"rotation": [17.5, 0, -17.5],
					"position": [-0.1, -0.9, 0.5],
					"scale": [1.1, 1.1, 1]
				}
			}
		}
	}
}