{
	"format_version": "1.8.0",
	"animations": {
		"animation.wartortle.chill": {
			"loop": true,
			"animation_length": 1,
			"bones": {
				"Rightarm": {
					"rotation": {
						"0.0": [0, 0, -60],
						"0.25": [0, 0, -50],
						"0.5": [0, 0, -60],
						"0.75": [0, 0, -50],
						"1.0": [0, 0, -60]
					},
					"position": {
						"0.0": [0, 0, 0],
						"0.25": [0, -1, 0],
						"0.5": [0, 0, 0],
						"0.75": [0, -1, 0],
						"1.0": [0, 0, 0]
					}
				},
				"Tail": {
					"rotation": {
						"0.0": [0, 0, 0],
						"0.25": [0, -12.5, 0],
						"0.5": [0, 0, 0],
						"0.75": [0, 12.5, 0],
						"1.0": [0, 0, 0]
					},
					"position": {
						"0.0": [0, 0, 0],
						"0.25": [0, -1, 0],
						"0.5": [0, 0, 0],
						"0.75": [0, -1, 0],
						"1.0": [0, 0, 0]
					}
				},
				"Head": {
					"rotation": {
						"0.0": [0, 0, 0],
						"0.25": [7.5, 0, 0],
						"0.5": [0, 0, 0],
						"0.75": [7.2719, 0.57198, 1.78224],
						"1.0": [0, 0, 0]
					},
					"position": {
						"0.0": [0, 0, 0],
						"0.25": [0, -1, 0],
						"0.5": [0, 0, 0],
						"0.75": [0, -1, 0],
						"1.0": [0, 0, 0]
					}
				},
				"Eyes": {
					"scale": {
						"0.0": [1, 1, 1],
						"0.25": [1, 0.8, 1],
						"0.5": [1, 1, 1],
						"0.75": [1, 0.8, 1],
						"1.0": [1, 1, 1]
					}
				},
				"Leftarm": {
					"rotation": {
						"0.0": [0, 0, 60],
						"0.25": [0, 0, 50],
						"0.5": [0, 0, 60],
						"0.75": [0, 0, 50],
						"1.0": [0, 0, 60]
					},
					"position": {
						"0.0": [0, 0, 0],
						"0.25": [0, -1, 0],
						"0.5": [0, 0, 0],
						"0.75": [0, -1, 0],
						"1.0": [0, 0, 0]
					}
				},
				"Body": {
					"position": {
						"0.0": [0, 0, 0],
						"0.25": [0, -1, 0],
						"0.5": [0, 0, 0],
						"0.75": [0, -1, 0],
						"1.0": [0, 0, 0]
					}
				}
			}
		},
		"animation.wartortle.walk": {
			"loop": true,
			"animation_length": 1,
			"bones": {
				"Rightarm": {
					"rotation": {
						"0.0": [0, -42.5, 0],
						"0.25": [4.56615, -42.30053, -6.76733],
						"0.5": [0, -42.5, 0],
						"0.75": [-4.56615, -42.30053, 6.76733],
						"1.0": [0, -42.5, 0]
					},
					"position": {
						"0.25": [1, 0, -1],
						"0.5": [0, 0, -1],
						"0.75": [-1, 0, -1]
					}
				},
				"Tail": {
					"rotation": {
						"0.0": [0, 0, 0],
						"0.25": [0, 17.5, 10],
						"0.5": [0, 0, 0],
						"0.75": [3.13388, -17.22575, -10.47479],
						"1.0": [0, 0, 0]
					},
					"position": [0, 0, 0]
				},
				"Rightleg": {
					"rotation": {
						"0.0": [0, 0, 0],
						"0.25": [-12.5, 0, 0],
						"0.5": [0, 0, 0],
						"0.75": [2.5, 0, 0],
						"1.0": [0, 0, 0]
					},
					"position": {
						"0.0": [0, 0, 0],
						"0.25": [0, 0, -1],
						"0.375": [0, 0, -1],
						"0.5": [0, 0, 0],
						"0.75": [0, 0, 1]
					}
				},
				"Leftleg": {
					"rotation": {
						"0.0": [0, 0, 0],
						"0.25": [2.5, 0, 0],
						"0.5": [0, 0, 0],
						"0.75": [-12.5, 0, 0],
						"1.0": [0, 0, 0]
					},
					"position": {
						"0.0": [0, 0, 0],
						"0.25": [0, 0, 1],
						"0.5": [0, 0, 0],
						"0.75": [0, 0, -1],
						"0.8333": [0, 0, -1],
						"1.0": [0, 0, 0]
					}
				},
				"Head": {
					"rotation": {
						"0.0": [0, 0, 0],
						"0.25": [0, 0, 5],
						"0.5": [0, 0, 0],
						"0.75": [0, 0, -5],
						"1.0": [0, 0, 0]
					},
					"position": {
						"0.0": [0, -1, -3],
						"0.25": [1, -1, -3],
						"0.5": [0, -1, -3],
						"0.75": [-1, -1, -3],
						"1.0": [0, -1, -3]
					}
				},
				"Leftarm": {
					"rotation": {
						"0.0": [0, 42.5, 0],
						"0.25": [4.56615, 42.30053, 6.76733],
						"0.5": [0, 42.5, 0],
						"0.75": [-4.56615, 42.30053, -6.76733],
						"1.0": [0, 42.5, 0]
					},
					"position": {
						"0.25": [0, 0, 0],
						"0.75": [-1, 0, 0]
					}
				},
				"Body": {
					"rotation": {
						"0.0": [10, 0, 0],
						"0.25": [9.91615, -1.29876, 7.38733],
						"0.5": [10, 0, 0],
						"0.75": [9.91615, 1.29876, -7.38733],
						"1.0": [10, 0, 0]
					},
					"position": {
						"0.0": [0, 0, -1],
						"0.5": [0, 0, -1],
						"1.0": [0, 0, -1]
					}
				}
			}
		}
	}
}