{
	"format_version": "1.8.0",
	"animations": {
		"animation.wigglytuff.chill": {
			"loop": true,
			"animation_length": 2,
			"bones": {
				"body": {
					"rotation": {
						"0.0": [2.5, 0, 0],
						"1.0": [-2.5, 0, 0],
						"2.0": [2.5, 0, 0]
					}
				},
				"rightArm": {
					"rotation": {
						"0.0": [-2.5, 0, 0],
						"1.0": [5, 0, 0],
						"2.0": [-2.5, 0, 0]
					}
				},
				"leftArm": {
					"rotation": {
						"0.0": [-2.5, 0, 0],
						"1.0": [5, 0, 0],
						"2.0": [-2.5, 0, 0]
					}
				},
				"rightFoot": {
					"rotation": {
						"0.0": [0, 20, 0],
						"1.0": [0, 20, 0],
						"2.0": [0, 20, 0]
					}
				},
				"leftFoot": {
					"rotation": {
						"0.0": [0, -20, 0],
						"1.0": [0, -20, 0],
						"2.0": [0, -20, 0]
					}
				}
			}
		},
		"animation.wigglytuff.attack": {
			"loop": true,
			"animation_length": 0.66667,
			"bones": {
				"body": {
					"rotation": {
						"0.0": [2.5, 0, 0],
						"0.25": [-9.87884, 17.48281, 0.78795],
						"0.4583": [8.06554, -29.00869, 6.29093],
						"0.6667": [2.5, 0, 0]
					}
				},
				"rightArm": {
					"rotation": {
						"0.0": [-2.5, 0, 0],
						"0.25": [-1.25301, 79.98815, 83.7708],
						"0.4583": [-79.74397, -12.52439, -7.2038],
						"0.6667": [-2.5, 0, 0]
					},
					"position": {
						"0.0": [0, 0, 0],
						"0.25": [0, 1, 0],
						"0.4583": [0, 1, -8],
						"0.6667": [0, 0, 0]
					}
				},
				"leftArm": {
					"rotation": [-2.5, 0, 0]
				},
				"rightFoot": {
					"rotation": [0, 20, 0]
				},
				"leftFoot": {
					"rotation": [0, -20, 0]
				}
			}
		},
		"animation.wigglytuff.attack_tackle": {
			"loop": true,
			"animation_length": 0.58333,
			"bones": {
				"body": {
					"rotation": {
						"0.0": [2.5, 0, 0],
						"0.2083": [2.66022, 19.98015, 0.90956],
						"0.4167": [13.97352, -30.60221, 1.35805],
						"0.5833": [2.5, 0, 0]
					}
				},
				"rightArm": {
					"rotation": {
						"0.0": [-2.5, 0, 0],
						"0.2083": [-87.46148, -9.99038, -0.44067],
						"0.4167": [-89.04696, -15.91606, 45.75404],
						"0.5833": [-2.5, 0, 0]
					},
					"position": {
						"0.0": [0, 0, 0],
						"0.2083": [0, 0, 2],
						"0.4167": [0, 3, -6],
						"0.5833": [0, 0, 0]
					}
				},
				"leftArm": {
					"rotation": [-2.5, 0, 0]
				},
				"rightFoot": {
					"rotation": [0, 20, 0]
				},
				"leftFoot": {
					"rotation": [0, -20, 0]
				}
			}
		},
		"animation.wigglytuff.walk": {
			"loop": true,
			"animation_length": 1,
			"bones": {
				"body": {
					"rotation": {
						"0.0": [7.5, 0, 0],
						"0.25": [-0.00706, -0.32621, 2.47864],
						"0.5": [7.5, 0, 0],
						"0.75": [-0.00706, -0.32621, 2.47864],
						"1.0": [7.5, 0, 0]
					},
					"position": {
						"0.0": [0, 1, 0],
						"0.25": [0, 2, 0],
						"0.5": [0, 1, 0],
						"0.75": [0, 2, 0],
						"1.0": [0, 1, 0]
					}
				},
				"rightArm": {
					"rotation": {
						"0.0": [-37.5, 0, 0],
						"0.5": [45, 0, 0],
						"1.0": [-37.5, 0, 0]
					}
				},
				"leftArm": {
					"rotation": {
						"0.0": [45, 0, 0],
						"0.5": [-37.5, 0, 0],
						"1.0": [45, 0, 0]
					}
				},
				"rightFoot": {
					"rotation": {
						"0.0": [17.5, 10, 0],
						"0.25": [-49.65376, 53.33791, 7.05331],
						"0.5": [-5.04292, 7.4713, -0.6574],
						"0.75": [8.72854, 8.73565, -0.3287],
						"1.0": [17.5, 10, 0]
					},
					"position": {
						"0.0": [0, 1.1, 2.2],
						"0.25": [-0.9, 0.95, -1.3],
						"0.5": [0, 0, -3.8],
						"0.75": [0, 0.85, -0.2],
						"1.0": [0, 1.1, 2.2]
					}
				},
				"leftFoot": {
					"rotation": {
						"0.0": [-5.04292, -7.4713, 0.6574],
						"0.25": [8.72854, -8.73565, 0.3287],
						"0.5": [17.5, -10, 0],
						"0.75": [-49.65376, -53.33791, -7.05331],
						"1.0": [-5.04292, -7.4713, 0.6574]
					},
					"position": {
						"0.0": [0, 0, -3.8],
						"0.25": [0, 0.85, -0.2],
						"0.5": [0, 1.1, 2.2],
						"0.75": [0.9, 0.95, -1.3],
						"1.0": [0, 0, -3.8]
					}
				}
			}
		},
		"animation.wigglytuff.sitting": {
			"loop": true,
			"animation_length": 2,
			"bones": {
				"body": {
					"rotation": {
						"0.0": [-5, 0, 0],
						"1.0": [0, 0, 0],
						"2.0": [-5, 0, 0]
					},
					"position": {
						"0.0": [0, -2, 0],
						"2.0": [0, -2, 0]
					}
				},
				"rightArm": {
					"rotation": {
						"0.0": [12.5, 0, 0],
						"1.0": [2.5, 0, 0],
						"2.0": [12.5, 0, 0]
					}
				},
				"leftArm": {
					"rotation": {
						"0.0": [12.5, 0, 0],
						"1.0": [2.5, 0, 0],
						"2.0": [12.5, 0, 0]
					}
				},
				"rightFoot": {
					"rotation": [-56.81698, 18.23259, -18.08744],
					"position": [-1, 0, -5.5]
				},
				"leftFoot": {
					"rotation": [-56.81698, -18.23259, 18.08744],
					"position": [1, 0, -5.5]
				}
			}
		}
	}
}