{
	"format_version": "1.8.0",
	"animations": {
		"animation.zigzagoon.ground_idle": {
			"loop": true,
			"animation_length": 2,
			"bones": {
				"body": {
					"position": [0, 0, 0]
				},
				"tail": {
					"rotation": {
						"0.0": [0, 20, 0],
						"1.0": [0, -20, 0],
						"2.0": [0, 20, 0]
					}
				},
				"head": {
					"position": {
						"0.0": {
							"post": [0, 0, 0],
							"lerp_mode": "catmullrom"
						},
						"1.0": [0, 0.1, 0],
						"2.0": [0, 0, 0]
					}
				},
				"downBody": {
					"rotation": {
						"0.0": [0, 2.5, 0],
						"1.0": [0, -2.5, 0],
						"2.0": [0, 2.5, 0]
					}
				}
			}
		},
		"animation.zigzagoon.attack": {
			"animation_length": 0.75,
			"bones": {
				"body": {
					"rotation": {
						"0.0": [0, 0, 0],
						"0.25": [-22.5, 0, 0],
						"0.4167": [0, 0, 0],
						"0.625": [0, 0, 0]
					},
					"position": {
						"0.0": [0, 0, 0],
						"0.25": [0, 1.9, 0],
						"0.4167": [0, 0.7, 0],
						"0.625": [0, 0, 0]
					}
				},
				"tail": {
					"rotation": {
						"0.0": [0, 20, 0],
						"0.25": [25, 20, 0],
						"0.4167": [0, 20, 0],
						"0.625": [0, 20, 0]
					}
				},
				"head": {
					"position": {
						"0.0": [0, 0, 0],
						"0.625": [0, 0, 0]
					}
				},
				"downBody": {
					"rotation": {
						"0.0": [0, 2.5, 0],
						"0.25": [5, 2.5, 0],
						"0.4167": [-5, 2.5, 0],
						"0.625": [0, 2.5, 0]
					}
				},
				"rightArm": {
					"rotation": {
						"0.0": [0, 0, 0],
						"0.25": [-46.14054, 38.86967, -10.29354],
						"0.4167": [3.85946, 38.86967, -10.29354],
						"0.625": [0, 0, 0]
					}
				},
				"rightLeg": {
					"rotation": {
						"0.0": [0, 0, 0],
						"0.25": [22.5, 0, 0],
						"0.4167": [0, 0, 0],
						"0.625": [0, 0, 0]
					}
				},
				"neck": {
					"rotation": {
						"0.0": [0, 0, 0],
						"0.25": [-32.5, 0, 0],
						"0.4167": [15, 0, 0],
						"0.625": [0, 0, 0]
					},
					"position": {
						"0.0": [0, 0, 0],
						"0.25": [0, -0.1, 1.1],
						"0.4167": [0, 0.2, 0.6],
						"0.625": [0, 0, 0]
					}
				},
				"leftArm": {
					"rotation": {
						"0.0": [0, 0, 0],
						"0.25": [-46.14054, -38.86967, 10.29354],
						"0.4167": [3.85946, -38.86967, 10.29354],
						"0.625": [0, 0, 0]
					}
				},
				"leftLeg": {
					"rotation": {
						"0.0": [0, 0, 0],
						"0.25": [17.5, 0, 0],
						"0.4167": [0, 0, 0],
						"0.625": [0, 0, 0]
					}
				}
			}
		},
		"animation.zigzagoon.walking": {
			"loop": true,
			"animation_length": 0.83333,
			"bones": {
				"body": {
					"rotation": {
						"0.0": [10, 0, 0],
						"0.4167": [0, 0, 0],
						"0.625": [-7.5, 0, 0],
						"0.8333": [10, 0, 0]
					},
					"position": {
						"0.0": [0, 1.5, 0],
						"0.4167": [0, 1, 0],
						"0.8333": [0, 1.5, 0]
					}
				},
				"rightArm": {
					"rotation": {
						"0.0": [7.5, 0, 0],
						"0.4167": [93.396, -3.78003, 51.94869],
						"0.625": [-2.52202, 35.58249, 24.43851],
						"0.8333": [7.5, 0, 0]
					}
				},
				"rightLeg": {
					"rotation": {
						"0.0": [90, 0, 0],
						"0.2083": [2.37001, 5.02043, 30.59153],
						"0.4167": [10, 0, 0],
						"0.8333": [90, 0, 0]
					}
				},
				"tail": {
					"rotation": {
						"0.0": [-10, 0, 0],
						"0.4167": [7.5, 0, 0],
						"0.8333": [-10, 0, 0]
					}
				},
				"neck": {
					"rotation": {
						"0.0": [-10, 0, 0],
						"0.4167": [17.5, 0, 0],
						"0.8333": [-10, 0, 0]
					},
					"position": {
						"0.0": [0, 0, 0.6],
						"0.8333": [0, 0, 0.6]
					}
				},
				"downBody": {
					"rotation": {
						"0.0": [-17.5, 0, 0],
						"0.4167": [2.5, 0, 0],
						"0.625": [5, 0, 0],
						"0.8333": [-17.5, 0, 0]
					},
					"position": {
						"0.0": [0, 0, -0.5],
						"0.8333": [0, 0, -0.5]
					}
				},
				"leftArm": {
					"rotation": {
						"0.0": [7.56508, -0.38733, 0.42208],
						"0.4167": [93.396, 3.78003, -51.94869],
						"0.625": [-2.52202, -35.58249, -24.43851],
						"0.8333": [7.56508, -0.38733, 0.42208]
					}
				},
				"leftLeg": {
					"rotation": {
						"0.0": [90, 0, 0],
						"0.2083": [2.37001, -5.02043, -30.59153],
						"0.4167": [10, 0, 0],
						"0.8333": [90, 0, 0]
					}
				}
			}
		},
		"animation.zigzagoon.sleeping": {
			"loop": true,
			"animation_length": 2,
			"bones": {
				"body": {
					"rotation": [-7.67995, 12.39135, -1.6575],
					"position": [0, 0.7, 0]
				},
				"rightArm": {
					"rotation": [7.5, 0, 0]
				},
				"rightLeg": {
					"rotation": [0, 22.5, 0]
				},
				"tail": {
					"rotation": {
						"0.0": [15, 0, 0],
						"0.2083": [15.50409, 14.47751, 3.96713],
						"0.6667": [15.0547, -4.82922, -1.29717],
						"1.375": [16.80857, -26.48829, -7.6734],
						"2.0": [15.01365, 2.41476, 0.64743]
					}
				},
				"head": {
					"rotation": {
						"0.0": [-12.5, 0, 0],
						"0.5": [-15, 0, 0],
						"1.3333": [-17.5, 0, 0],
						"1.7083": [-12.5, 0, 0]
					},
					"position": {
						"0.0": [0, 0.1, 0],
						"2.0": [0, 0, 0]
					}
				},
				"neck": {
					"rotation": [25, 0, 0],
					"position": [0, 0.4, 1]
				},
				"downBody": {
					"rotation": {
						"0.0": [-12.5, 0, 0],
						"0.125": [-12.60443, 7.32123, -1.63219],
						"0.6667": [-13.08619, 17.07228, -3.90399],
						"1.2917": [-12.51153, -2.4407, 0.54143],
						"1.7083": [-12.79362, -12.19908, 2.74715],
						"2.0": [-12.5, 0, 0]
					},
					"position": [0, 0, -2]
				},
				"leftArm": {
					"rotation": [7.5, 0, 0]
				},
				"leftLeg": {
					"rotation": [0, -22.5, 0]
				},
				"bone": {
					"position": [0, 1, 0],
					"scale": [1, 0.5, 1]
				}
			}
		},
		"animation.zigzagoon.faint": {
			"animation_length": 2,
			"bones": {
				"body": {
					"rotation": {
						"0.0": [-7.67995, 12.39135, -1.6575],
						"0.0833": [-2.67995, 12.39135, -1.6575]
					},
					"position": [0, 0.7, 0]
				},
				"rightArm": {
					"rotation": {
						"0.0": [7.5, 0, 0],
						"0.125": [10.54684, 44.5119, 7.43656]
					}
				},
				"rightLeg": {
					"rotation": {
						"0.0": [0, 22.5, 0],
						"0.125": [6.14935, 39.35596, 15.48368]
					}
				},
				"tail": {
					"rotation": {
						"0.0": [15, 0, 0],
						"0.2083": [15.50409, 14.47751, 3.96713],
						"0.6667": [15.0547, -4.82922, -1.29717],
						"1.375": [16.80857, -26.48829, -7.6734],
						"2.0": [15.01365, 2.41476, 0.64743]
					}
				},
				"head": {
					"rotation": {
						"0.0": [-12.5, 0, 0],
						"0.4583": [5.21, 0, 0],
						"0.5833": [7.12753, -22.48603, -0.81401]
					},
					"position": {
						"0.0": [0, 0.1, 0],
						"2.0": [0, 0, 0]
					}
				},
				"neck": {
					"rotation": [25, 0, 0],
					"position": [0, 0.4, 1]
				},
				"downBody": {
					"rotation": {
						"0.0": [-12.5, 0, 0],
						"0.125": [-12.60443, 7.32123, -1.63219],
						"0.4583": [-5.4009, 13.32188, -3.03022],
						"0.6667": [-13.08619, 17.07228, -3.90399],
						"1.2917": [-12.51153, -2.4407, 0.54143],
						"1.7083": [-12.79362, -12.19908, 2.74715],
						"2.0": [-12.5, 0, 0]
					},
					"position": [0, 0, -2]
				},
				"leftArm": {
					"rotation": {
						"0.0": [7.5, 0, 0],
						"0.125": [9.7516, -39.58992, -6.25038]
					}
				},
				"leftLeg": {
					"rotation": {
						"0.0": [0, -22.5, 0],
						"0.125": [0, -75, 0]
					}
				},
				"bone": {
					"position": {
						"0.0": [0, 0, 0],
						"0.875": [0, 1, 0]
					},
					"scale": {
						"0.0": [1, 1, 1],
						"0.875": [1, 0.4, 1]
					}
				}
			}
		},
		"animation.zigzagoon.water_idle": {
			"loop": true,
			"animation_length": 0.5,
			"bones": {
				"root": {
					"rotation": [-32.5, 0, 0],
					"position": [0, -2, 0]
				},
				"rightArm": {
					"rotation": {
						"0.0": [27.5, 0, 0],
						"0.1667": [-7.5, 0, 0],
						"0.2917": [25, 0, 0],
						"0.375": [-2.5, 0, 0],
						"0.4583": [7.5, 0, 0],
						"0.5": [27.5, 0, 0]
					}
				},
				"leftArm": {
					"rotation": {
						"0.0": [0, 0, 0],
						"0.0833": [-10, 0, 0],
						"0.1667": [20, 0, 0],
						"0.2917": [-2.5, 0, 0],
						"0.375": [32.5, 0, 0],
						"0.4583": [7.5, 0, 0],