{
	"format_version": "1.8.0",
	"animations": {
		"animation.anabel.idle": {
			"loop": true,
			"animation_length": 8,
			"bones": {
				"bone4": {
					"position": {
						"0.0": [0, -0.3, 0],
						"0.75": [0, -0.3, 0],
						"0.7917": {"pre": [0, -0.3, 0], "post": [0, -2, 0]},
						"1.25": {"pre": [0, -2, 0], "post": [0, -0.1, 0]},
						"1.625": {"pre": [0, -0.1, 0], "post": [0, -2, 0]},
						"2.0": {"pre": [0, -2, 0], "post": [0, -0.3, 0]}
					}
				},
				"bone8": {
					"position": {
						"0.0": [0, -0.3, 0],
						"0.75": [0, -0.3, 0],
						"0.7917": {"pre": [0, -0.3, 0], "post": [0, -2, 0]},
						"1.25": {"pre": [0, -2, 0], "post": [0, -0.1, 0]},
						"1.625": {"pre": [0, -0.1, 0], "post": [0, -2, 0]},
						"2.0": {"pre": [0, -2, 0], "post": [0, -0.3, 0]}
					}
				},
				"pony": {
					"rotation": {
						"0.0": [20, 0, 0],
						"0.5": [20, 0, 0],
						"0.625": [20.15, -2.91, -1.45],
						"0.75": [20.3, -8.32, -2.89],
						"0.875": [20.44582, -11.73507, -4.3361],
						"1.0": [20.45, -12.74, -5.34],
						"1.125": [20.45, -11.74, -4.34],
						"1.25": [20.45, -7.41, -1.45],
						"1.375": [20.45, 0.91, 1.44],
						"1.5": [20.44919, 7.72959, 4.33374],
						"1.625": [20.45, 9.73, 5.33],
						"1.75": [20.45, 8.73, 4.33],
						"1.875": [20.23, 3.87, 2.17],
						"2.0": [20, 0, 0]
					}
				},
				"pony2": {
					"rotation": ["-22.5+Math.cos((query.anim_time) *90*2-30)*-1", 0, 0]
				},
				"pony3": {
					"rotation": {
						"0.0": ["-22.5+Math.cos((query.anim_time) *90*2-90)*-1", 0, 0],
						"1.125": ["-20.5+Math.cos((query.anim_time) *90*2-90)*-1", 0, 0],
						"1.25": [-15.54, 0, 0],
						"1.375": ["-12+Math.cos((query.anim_time) *90*2-90)*-1", 0, 0],
						"1.5": ["-9+Math.cos((query.anim_time) *90*2-90)*-1", 0, 0],
						"1.625": [-8.58, 0, 0],
						"1.75": ["-13+Math.cos((query.anim_time) *90*2-90)*-1", 0, 0],
						"1.875": [-17.87, 0, 0],
						"2.0": ["-22.5+Math.cos((query.anim_time) *90*2-90)*-1", 0, 0]
					}
				},
				"pony4": {
					"rotation": {
						"0.0": ["-20+Math.cos((query.anim_time) *90*2-150)*-1", 0, 0],
						"0.625": ["-20+Math.cos((query.anim_time) *90*2-150)*-1", 0, 0],
						"0.875": ["-20.0732+Math.cos((query.anim_time) *90*2-150)*-1", -4.66741, 1.79512],
						"1.0": ["-20.0732+Math.cos((query.anim_time) *90*2-150)*-1", -5.67, 2.3],
						"1.125": ["-20.0732+Math.cos((query.anim_time) *90*2-150)*-1", -4.67, 1.8],
						"1.25": [-20.31, -1.77, 0.01],
						"1.375": ["-20.0751+Math.cos((query.anim_time) *90*2-150)*-1", 2.73306, -1.60713],
						"1.5": [-19.64, 6.02, -2.19],
						"1.625": ["-20.1608+Math.cos((query.anim_time) *90*2-150)*-1", 7.09225, -2.43879],
						"1.75": ["-20.1608+Math.cos((query.anim_time) *90*2-150)*-1", 7.59, -2.44],
						"1.875": ["-20.1608+Math.cos((query.anim_time) *90*2-150)*-1", 7.09, -2.44],
						"2.125": ["-20+Math.cos((query.anim_time) *90*2-150)*-1", 0, 0],
						"2.25": ["-20.0174+Math.cos((query.anim_time) *90*2-150)*-1", -1.65298, 0.8449],
						"2.375": ["-20+Math.cos((query.anim_time) *90*2-150)*-1", 0, 0]
					}
				},
				"pony5": {
					"rotation": ["-25+Math.cos((query.anim_time) *90*2-210)*-1 ", 0, 0]
				},
				"pony8": {
					"rotation": ["32.5+Math.cos((query.anim_time) *90*2-270)*-1", 0, 0]
				},
				"pony9": {
					"rotation": [25, 0, 0]
				},
				"pony10": {
					"rotation": [37.5, 0, 0]
				},
				"Body": {
					"rotation": {
						"0.0": ["-2.4929+Math.cos((query.anim_time) *90*2-90)*1", -2.50237, -0.10912],
						"0.5": ["-2.4929+Math.cos((query.anim_time) *90*2-90)*1", -2.5, -0.11],
						"1.0": ["-2.4905+Math.cos((query.anim_time) *90*2-90)*1", -0.00236, -0.2187],
						"1.25": ["-2.4935+Math.cos((query.anim_time) *90*2-90)*1", 2.49374, -0.35824],
						"1.5": ["-2.4935+Math.cos((query.anim_time) *90*2-90)*1", 2.49, -0.36],
						"2.0": ["-0.9929+Math.cos((query.anim_time) *90*2-90)*1", -2.50237, -0.10912],
						"2.5": ["-2.4929+Math.cos((query.anim_time) *90*2-90)*1", -2.50237, -0.10912],
						"2.75": ["-2.498+Math.cos((query.anim_time) *90*2-90)*1", -5.00115, -0.03094],
						"3.0": ["-2.4929+Math.cos((query.anim_time) *90*2-90)*1", -2.50237, -0.10912]
					},
					"position": [0, "-0.5+Math.cos((query.anim_time) *90*2-30)*-0.1", 0]
				},
				"Head": {
					"rotation": {
						"0.0": ["10.3814+Math.cos((query.anim_time) *90*2-60)*-1", -14.78748, -2.54879],
						"0.5": ["10.3814+Math.cos((query.anim_time) *90*2-60)*-1", -14.79, -2.55],
						"0.625": [9.62, -11.27, -1.67],
						"0.75": ["10.0795+Math.cos((query.anim_time) *90*2-60)*-1", -4.94028, -0.79457],
						"0.875": [10.54, 1.9, -2.18],
						"1.0": ["10.7363+Math.cos((query.anim_time) *90*2-60)*-1", 6.43837, -5.75871],
						"1.125": [6.03, 8.74, -6.76],
						"1.25": ["-4.2637+Math.cos((query.anim_time) *90*2-60)*-1", 8.73837, -5.75871],
						"1.375": [-2.87, 5.82, -3.06],
						"1.5": ["-3.4528+Math.cos((query.anim_time) *90*2-60)*-1", 1.50862, -0.3634],
						"1.625": [-1.91, -4.24, 1.04],
						"1.75": ["-1.4916+Math.cos((query.anim_time) *90*2-60)*-1", -9.71944, 1.78161],
						"1.875": [3.01, -12.8, 0.17],
						"2.0": ["10.3814+Math.cos((query.anim_time) *90*2-60)*-1", -14.78748, -2.54879]
					}
				},
				"ribbon": {
					"rotation": [-31.60659, 7.99365, 12.73415]
				},
				"ribbon2": {
					"rotation": [0, 0, 40]
				},
				"ribbon3": {
					"rotation": [-22.32648, 2.86313, 71.93488]
				},
				"ribbon4": {
					"rotation": [0, 0, 52.5]
				},
				"RightArm": {
					"rotation": {
						"0.0": [-144.30869, -59.15625, 94.44471],
						"0.125": [-122.29, -46.94, 48.94],
						"0.25": [-108.26568, -44.73047, 3.43027],
						"0.375": [-108.77, -48.17, -26.72],
						"0.5": [-117.27076, -51.61332, -30.86144],
						"0.625": [-125.89, -52.52, -29.45],
						"0.75": [-134.51123, -53.43051, -28.03878],
						"1.0": [-154.51123, -53.43051, -28.03878],
						"1.25": [-185.78287, -21.01114, -2.84529],
						"1.375": [-194.52, -14.76, -10.55],
						"1.5": [-193.65788, -8.50042, -18.26324],
						"1.625": [-176.38, -3.91, -19.97],
						"1.75": [-149.17916, 0.80753, -13.81813],
						"2.0": [-68.30432, -3.49155, 6.3989],
						"2.125": [-41.70405, -3.40436, 11.19599],
						"2.25": [-30.84848, -3.02067, 11.95516],
						"2.375": [-35.0343, -15.30568, 16.28807],
						"2.5": [-61.64128, -35.51392, 30.42987],
						"2.625": [-108.04, -50.33, 70.2],
						"2.75": [-148.61, -53.19, 94.59],
						"2.875": [-156.41, -55.89, 108.03],
						"3.0": [-144.30869, -59.15625, 94.44471]
					},
					"position": {
						"0.0": [-1, -2, -1],
						"0.5": [-1, -2, -1],
						"0.625": [-1, -2, -0.78],
						"0.75": [-1, -1.9, -0.4],
						"0.875": [-1, -1.5, -0.5],
						"1.0": [-1, -1, -1],
						"2.25": [-1, -1, -1],
						"2.75": [-1, -2, -1]
					}
				},
				"LeftArm": {
					"rotation": {
						"0.0": [-116.94557, 51.51743, -68.86997],
						"0.125": [-106.91, 47.8, -57.63],
						"0.25": [-81.67823, 44.08609, -46.39873],
						"0.375": [-48.83, 35.75, -35.47],
						"0.5": [-22.07457, 19.81979, -24.53557],
						"0.625": [-2.41, -6.63, -19.79],
						"0.75": [4.1562, -16.6752, -15.03531],
						"0.875": [3.37, -16.93, -12.31],
						"1.0": [2.58706, -11.97725, -9.58514],
						"1.125": [2.29, -11.98, -8.59],
						"1.25": [1.99, -11.98, -8.79],
						"1.5": [2.59, -11.98, -9.59],
						"1.75": [5.09, -11.98, -9.59],
						"1.875": [5.69, -11.98, -9.59],
						"2.0": [5.09, -11.98, -9.59],
						"2.25": [2.59, -11.98, -9.59],
						"2.5": [9.0932, -10.89032, -17.16104],
						"2.625": [-8.42, -4.29, -24.09],
						"2.75": [-35.93, 11.31, -43.02],
						"2.875": [-88.44, 35.91, -64.94],
						"3.0": [-116.94557, 51.51743, -68.86997],
						"3.125": [-121.95, 56.52, -68.87],
						"3.25": [-116.94557, 51.51743, -68.86997]
					},
					"position": {
						"0.0": [0, -2, 0],
						"0.5": [0, -1, 0],
						"2.25": [0, -1, 0],
						"2.5": [0, -1, 0],
						"3.0": [0, -2, 0]
					}
				},
				"bowtie2": {
					"rotation": {
						"0.0": [7.5, 0, 0],
						"0.25": [7.5, 0, 0],