{
	"format_version": "1.8.0",
	"animations": {
		"animation.colress.idle": {
			"loop": true,
			"animation_length": 16,
			"bones": {
				"Body": {
					"rotation": ["-5.0429232705-math.cos((query.anim_time) *90*2-90)*-1", -7.4713, 0.6574],
					"position": [0, "0+math.cos((query.anim_time) *90*2-30)*-0.1", 0]
				},
				"Head": {
					"rotation": {
						"0.0": ["7.5639710281-math.cos((query.anim_time) *90*2-150)*-3", 7.44, 0.98],
						"0.125": [5.97, 9.53, 3.39],
						"0.25": ["8.0364-math.cos((query.anim_time) *90*2-150)*-3", 9.61564, 3.79749],
						"0.375": [11.98, 5.55, 3.87],
						"0.5": [24.54, -8.52, -1.05],
						"0.625": ["26.0457-math.cos((query.anim_time) *90*2-150)*-3", -14.5897, -2.97818],
						"0.75": ["26.3872-math.cos((query.anim_time) *90*2-150)*-3", -16.77392, -3.24152],
						"4.75": ["26.3872-math.cos((query.anim_time) *90*2-150)*-3", -16.77, -3.24],
						"4.875": [26.3, -10.3, -1.08],
						"5.0": [23.23, 1.77, 4.58],
						"5.125": ["17.7468-math.cos((query.anim_time) *90*2-150)*-3", 6.0974, 6.84086],
						"6.0": ["17.7468-math.cos((query.anim_time) *90*2-150)*-3", 6.0974, 6.84086],
						"6.125": ["20.2468-math.cos((query.anim_time) *90*2-150)*-3", 6.0974, 6.84086],
						"6.25": [10.22, 6.1, 6.84],
						"6.375": ["7.7468-math.cos((query.anim_time) *90*2-150)*-3", 6.0974, 6.84086],
						"6.875": ["7.7468-math.cos((query.anim_time) *90*2-150)*-3", 6.0974, 6.84086],
						"7.0": [12.1, 4.16, 6.06],
						"7.125": [13.86, 0.23, 4.67],
						"7.25": [16.01, -3.4, 2.79],
						"7.375": ["17.729-math.cos((query.anim_time) *90*2-150)*-3", -5.62909, 2.50434],
						"8.0": ["17.729-math.cos((query.anim_time) *90*2-150)*-3", -5.63, 2.5],
						"8.125": ["23.0993-math.cos((query.anim_time) *90*2-150)*-3", 0.96055, 0.53977],
						"8.25": [18.84, 5.23, 0.15],
						"8.375": [14.95, 6.5, 0.26],
						"8.5": [11.11, 6.97, 0.87],
						"8.625": ["7.5639710281-math.cos((query.anim_time) *90*2-150)*-3", 7.44, 0.98]
					}
				},
				"RightArm": {
					"rotation": [0, -17.5, "-10+math.cos((query.anim_time) *90*2-30)*-1"],
					"position": {
						"0.0": ["-0.5-math.cos((query.anim_time) *90*2-30)*0.1", -1, 0],
						"0.25": ["-0.5-math.cos((query.anim_time) *90*2-30)*0.1", -1, 0],
						"0.375": ["-0.5-math.cos((query.anim_time) *90*2-30)*0.1", -1.15, 0],
						"0.5": ["-0.5-math.cos((query.anim_time) *90*2-30)*0.1", -1.5, 0],
						"0.625": ["-0.5-math.cos((query.anim_time) *90*2-30)*0.1", -1.85, 0],
						"0.75": ["-0.5-math.cos((query.anim_time) *90*2-30)*0.1", -2, 0],
						"8.25": ["-0.5-math.cos((query.anim_time) *90*2-30)*0.1", -2, 0],
						"8.375": ["-0.5-math.cos((query.anim_time) *90*2-30)*0.1", -1.9, 0],
						"8.5": ["-0.5-math.cos((query.anim_time) *90*2-30)*0.1", -1.7, 0],
						"8.625": ["-0.5-math.cos((query.anim_time) *90*2-30)*0.1", -1.4, 0],
						"8.75": ["-0.5-math.cos((query.anim_time) *90*2-30)*0.1", -1.1, 0],
						"8.875": ["-0.5-math.cos((query.anim_time) *90*2-30)*0.1", -1, 0]
					}
				},
				"LeftArm": {
					"rotation": {
						"0.0": ["7.4929428108-math.cos((query.anim_time) *90*2-30)*-3", -0.32621, "-7.5213610573+math.cos((query.anim_time) *90*2-90)*-1"],
						"0.125": [-4.48, 5.35, -12.14],
						"0.25": ["-28.0009-math.cos((query.anim_time) *90*2-30)*-3", 11.0239, "-12.7901+math.cos((query.anim_time) *90*2-90)*-1"],
						"0.375": [-44.85, 16.73, -11.04],
						"0.5": ["-66.4505-math.cos((query.anim_time) *90*2-30)*-3", 22.42741, "-2.2329+math.cos((query.anim_time) *90*2-90)*-1"],
						"0.625": [-74.65, 23.36, 9.97],
						"0.75": ["-77.2416-math.cos((query.anim_time) *90*2-30)*-3", 20.29948, "18.826+math.cos((query.anim_time) *90*2-90)*-1"],
						"1.25": ["-77.2416-math.cos((query.anim_time) *90*2-30)*-3", 20.3, "18.826+math.cos((query.anim_time) *90*2-90)*-1"],
						"1.3333": ["-74.7416-math.cos((query.anim_time) *90*2-30)*-3", 20.3, "18.826+math.cos((query.anim_time) *90*2-90)*-1"],
						"1.5": ["-77.2416-math.cos((query.anim_time) *90*2-30)*-3", 20.3, "18.826+math.cos((query.anim_time) *90*2-90)*-1"],
						"2.75": ["-77.2416-math.cos((query.anim_time) *90*2-30)*-3", 20.3, "18.826+math.cos((query.anim_time) *90*2-90)*-1"],
						"2.8333": ["-74.7416-math.cos((query.anim_time) *90*2-30)*-3", 20.3, "18.826+math.cos((query.anim_time) *90*2-90)*-1"],
						"3.0": ["-77.2416-math.cos((query.anim_time) *90*2-30)*-3", 20.3, "18.826+math.cos((query.anim_time) *90*2-90)*-1"],
						"3.25": ["-77.2416-math.cos((query.anim_time) *90*2-30)*-3", 20.3, "18.826+math.cos((query.anim_time) *90*2-90)*-1"],
						"3.3333": ["-74.7416-math.cos((query.anim_time) *90*2-30)*-3", 20.3, "18.826+math.cos((query.anim_time) *90*2-90)*-1"],
						"3.5": ["-77.2416-math.cos((query.anim_time) *90*2-30)*-3", 20.3, "18.826+math.cos((query.anim_time) *90*2-90)*-1"],
						"4.0": ["-77.2416-math.cos((query.anim_time) *90*2-30)*-3", 20.3, "18.826+math.cos((query.anim_time) *90*2-90)*-1"],
						"4.0833": ["-74.7416-math.cos((query.anim_time) *90*2-30)*-3", 20.3, "18.826+math.cos((query.anim_time) *90*2-90)*-1"],
						"4.25": ["-77.2416-math.cos((query.anim_time) *90*2-30)*-3", 20.3, "18.826+math.cos((query.anim_time) *90*2-90)*-1"],
						"5.25": ["-77.2416-math.cos((query.anim_time) *90*2-30)*-3", 20.3, "18.826+math.cos((query.anim_time) *90*2-90)*-1"],
						"5.3333": ["-74.7416-math.cos((query.anim_time) *90*2-30)*-3", 20.3, "18.826+math.cos((query.anim_time) *90*2-90)*-1"],
						"5.5": ["-77.2416-math.cos((query.anim_time) *90*2-30)*-3", 20.3, "18.826+math.cos((query.anim_time) *90*2-90)*-1"],
						"7.5": ["-77.2416-math.cos((query.anim_time) *90*2-30)*-3", 20.3, "18.826+math.cos((query.anim_time) *90*2-90)*-1"],
						"7.5833": ["-74.7416-math.cos((query.anim_time) *90*2-30)*-3", 20.3, "18.826+math.cos((query.anim_time) *90*2-90)*-1"],
						"7.75": ["-77.2416-math.cos((query.anim_time) *90*2-30)*-3", 20.3, "18.826+math.cos((query.anim_time) *90*2-90)*-1"],
						"8.0": ["-77.2416-math.cos((query.anim_time) *90*2-30)*-3", 20.3, "18.826+math.cos((query.anim_time) *90*2-90)*-1"],
						"8.125": [-69.88, 18.06, 15.79],
						"8.25": [-53.5, 13.42, 12.44],
						"8.5": [-12.65, 4.25, 4.71],
						"8.625": [1.52, 0.41, -2.12],
						"8.75": ["7.4929428108-math.cos((query.anim_time) *90*2-30)*-3", -0.32621, "-7.5213610573+math.cos((query.anim_time) *90*2-90)*-1"]
					},
					"position": {
						"0.0": [0, -1, 0],
						"0.5": [1, -3, 0],
						"0.75": [1, -4, 0],
						"8.0": [1, -4, 0],
						"8.5": [0, -1, 0]
					}
				},
				"RightLeg": {
					"rotation": ["-0-math.cos((query.anim_time) *90*2-30)*-1", 10, 0],
					"position": ["-0-math.cos((query.anim_time) *90*2-30)*0.05", 0, "0+math.cos((query.anim_time) *90*2-30)*-0.2"]
				},
				"LeftLeg": {
					"rotation": ["15-math.cos((query.anim_time) *90*2-30)*-1", -20, 0],
					"position": ["1-math.cos((query.anim_time) *90*2-30)*-0.1", 0, "-2+math.cos((query.anim_time) *90*2-30)*-0.2"]
				},
				"bone": {
					"position": {
						"0.0": [0, 0, 0],
						"0.625": {"pre": [0, 0, 0], "post": [0, 0, 0]},
						"5.125": {"pre": [0, 0, 0], "post": [0, 0, 0]},
						"6.25": {"pre": [0, 0, 0], "post": [0, 0, 0]},
						"8.375": {"pre": [0, 0, 0], "post": [0, 0, 0]}
					},
					"scale": {
						"0.0": [1, 1, 1],
						"0.25": {"pre": [1, 1, 1], "post": [1, 0.4, 1]},
						"0.625": {"pre": [1, 0.4, 1], "post": [1, 1, 1]},
						"4.75": {"pre": [1, 1, 1], "post": [1, 0.4, 1]},
						"5.125": {"pre": [1, 0.4, 1], "post": [1, 1, 1]},
						"6.125": {"pre": [1, 1, 1], "post": [1, 0.4, 1]},
						"6.25": {"pre": [1, 0.4, 1], "post": [1, 1, 1]},
						"8.125": {"pre": [1, 1, 1], "post": [1, 0.4, 1]},
						"8.375": {"pre": [1, 0.4, 1], "post": [1, 1, 1]}
					}
				},
				"bone2": {
					"position": {
						"0.0": [0, 0, 0],
						"0.125": {"pre": [0, 0, 0], "post": [-0.1, 0, 0]},
						"0.625": {"pre": [-0.1, 0, 0], "post": [-0.1, 0, 0]},
						"1.5": {"pre": [-0.1, 0, 0], "post": [0, 0, 0]},
						"1.75": {"pre": [0, 0, 0], "post": [-0.1, 0, 0]},
						"2.5": {"pre": [-0.1, 0, 0],