{
	"format_version": "1.8.0",
	"animations": {
		"animation.move_tutor.idle": {
			"loop": true,
			"animation_length": 16,
			"bones": {
				"Head": {
					"rotation": {
						"0.0": [7.5, 0, 0],
						"0.25": [7.5, 0, 0],
						"0.5": [7.48253, 3.13057, -4.63196],
						"0.625": [7.50745, 5.60921, -4.30494],
						"0.75": [8.51, 5.61, -4.3],
						"1.0": [12.29157, 0.53083, -1.316],
						"1.25": [17.64182, -12.12238, -2.9141],
						"1.375": [17.82202, -14.50365, -3.69648],
						"1.5": [20.32202, -14.50365, -3.69648],
						"1.75": [20.32202, -14.50365, -3.69648],
						"1.875": [17.82202, -14.50365, -3.69648],
						"2.5": [15.32202, -14.50365, -3.69648],
						"2.625": [15.32202, -14.50365, -3.69648],
						"2.875": [17.54135, -9.67793, -2.35777],
						"3.0": [17.54, -9.68, -2.36],
						"3.25": [18.62947, -21.56755, -6.382],
						"3.375": [18.96736, -23.93424, -7.25551],
						"3.5": [18.97, -23.93, -7.26],
						"3.75": [17.68808, -12.05879, -3.13422],
						"3.875": [17.54281, -9.67598, -2.36389],
						"4.0": [17.86783, -14.43944, -3.91836],
						"4.125": [18.0837, -16.81745, -4.71946],
						"4.375": [18.08, -16.82, -4.72],
						"4.5": [17.42704, -7.29383, -1.60556],
						"4.75": [17.60588, -1.77435, -2.48588],
						"5.25": [17.66394, -1.01687, -4.86909],
						"5.625": [17.66, -1.02, -4.87],
						"6.0": [7.5, 0, 0],
						"8.0": ["7.5+Math.cos((query.anim_time) *90*2-90)*1", 0, 0],
						"15.75": ["7.5+Math.cos((query.anim_time) *90*2-90)*1", 0, 0],
						"16.0": [7.5, 0, 0]
					}
				},
				"bone19": {
					"rotation": [0, 15, -30]
				},
				"bone20": {
					"rotation": ["15+Math.cos((query.anim_time) *90*2-90)*3", 0, 52.5]
				},
				"bone21": {
					"rotation": ["-10+Math.cos((query.anim_time) *90*2-150)*3", 0, 0]
				},
				"bone22": {
					"rotation": [0, -12.5, 30]
				},
				"bone23": {
					"rotation": ["7.5+Math.cos((query.anim_time) *90*2-90)*3", 0, -45]
				},
				"bone24": {
					"rotation": ["-12.5+Math.cos((query.anim_time) *90*2-150)*3", 0, 0]
				},
				"pen": {
					"position": {
						"0.5833": [0, 0, 0],
						"0.625": [2, 0, 0],
						"5.4583": [2, 0, 0],
						"5.5": {"pre": [2, 0, 0], "post": [0, 0, 0]}
					}
				},
				"RightArm": {
					"rotation": {
						"0.0": [-5.81165, -27.46256, -6.10515],
						"0.25": [-104.14385, -12.24057, 15.08082],
						"0.5": [-161.21061, -7.18017, 3.49918],
						"0.625": [-163.71, -7.18, 3.5],
						"0.75": [-160.03728, 2.10314, -9.24031],
						"0.875": [-158.11145, 2.89686, -17.07554],
						"1.0": [-133.11145, -0.20314, -23.67554],
						"1.125": [-102.33384, -8.93805, -10.11668],
						"1.25": [-93.14846, -21.78152, 6.74451],
						"1.375": [-92.38057, -34.19202, 12.41947],
						"1.4167": [-99.12115, -35.74982, 30.41144],
						"1.5": [-99.12115, -35.74982, 30.41144],
						"1.75": [-99.12115, -35.74982, 30.41144],
						"1.875": [-99.42458, -38.21717, 30.9157],
						"2.0": [-99.12115, -35.74982, 30.41144],
						"2.125": [-99.42458, -38.21717, 30.9157],
						"2.25": [-99.12, -35.75, 30.41],
						"2.375": [-99.42458, -38.21717, 30.9157],
						"2.5": [-99.12, -35.75, 30.41],
						"2.625": [-99.12, -35.75, 30.41],
						"2.75": [-90.95616, -38.07879, 8.66538],
						"2.875": [-81.28382, -37.22656, -7.10519],
						"3.0": [-75.04345, -38.13446, -17.03026],
						"3.125": [-71.54373, -50.11631, -22.02785],
						"3.375": [-94.48209, -53.08331, 10.09586],
						"3.5": [-101.07102, -37.16391, 31.33419],
						"3.625": [-72.59355, -35.28584, 4.88986],
						"3.75": [-66.36944, -31.76774, -6.34863],
						"4.0": [-64.07348, -45.66721, -18.62096],
						"4.25": [-86.98209, -53.08331, 10.09586],
						"4.5": [-75.96954, -33.5333, 15.9051],
						"4.625": [-81.56415, -21.14788, 8.27658],
						"4.875": [-122.39604, 2.42701, -5.49277],
						"5.0": [-135.51632, 8.76044, -3.91793],
						"5.25": [-151.90036, 9.2382, 1.04281],
						"5.375": [-154.40036, 9.2382, 1.04281],
						"5.5": [-156.90036, 9.2382, 1.04281],
						"5.625": [-162.08739, 18.41782, 2.37653],
						"5.875": [-127.07043, 21.07449, -5.03179],
						"6.0": [-98.85405, 14.0034, 3.05049],
						"6.125": [-66.51331, -0.95088, 1.48634],
						"6.375": [-14.21165, -27.46256, -6.10515],
						"6.5": [-3.31165, -27.46256, -6.10515],
						"6.625": [-5.81165, -27.46256, -6.10515],
						"8.0": [-5.81, -27.46, "-6.11+Math.cos((query.anim_time) *90*2-30)*-1"],
						"15.75": [-5.81, -27.46, "-6.11+Math.cos((query.anim_time) *90*2-30)*-1"],
						"16.0": [-5.81165, -27.46256, -6.10515]
					},
					"position": {
						"0.0": [-1, -1, 0],
						"0.25": [0, -2, 0],
						"0.75": [0, -2, 0],
						"1.0": [0, -0.5, 0],
						"1.25": [0.1, -0.6, -0.4],
						"1.5": [0, -1, -2],
						"1.625": [0, -1, -2],
						"1.75": [0, -1, -1],
						"3.0": [0, -1, -2],
						"3.25": [1, -1, -2],
						"3.5": [1, -1, -2],
						"3.875": [1, -1, -2],
						"4.125": [2, -1, -2],
						"4.25": [2, -1, -2],
						"4.5": [1, -1, -2],
						"4.75": [0, -2, 0],
						"5.0": [0, -3, 0],
						"5.625": [0, -3, 0],
						"6.25": [-1, -1, 0],
						"8.0": ["-1+Math.cos((query.anim_time) *90*2-30)*-0.1", -1, 0],
						"15.75": ["-1+Math.cos((query.anim_time) *90*2-30)*-0.1", -1, 0],
						"16.0": [-1, -1, 0]
					}
				},
				"pen2": {
					"rotation": {
						"0.0": [0, 0, 0],
						"0.625": [170.65109, -5.55575, -1.20119],
						"0.75": [170.28478, 16.64147, -4.92133],
						"1.0": [170.28, 16.64, -4.92],
						"1.25": [148.72513, 10.25944, -0.86445],
						"1.375": [136.23, 10.26, -0.86],
						"1.5": [126.22513, 10.25944, -0.86445],
						"2.625": [126.23, 10.26, -0.86],
						"2.75": [98.73, 10.26, -0.86],
						"2.875": [66.23, 10.26, -0.86],
						"3.375": [66.23, 10.26, -0.86],
						"3.625": [11.23, 10.26, -0.86],
						"4.625": [11.23, 10.26, -0.86],
						"4.875": [101.23, 10.26, -0.86],
						"5.125": [144.77144, 6.3514, -10.92982],
						"5.25": [162.27144, 6.3514, -10.92982],
						"5.375": [171.15872, 8.17913, 0.00582]
					},
					"position": {
						"0.0": [0, 2, 1],
						"0.5833": [0, 2, 1],
						"0.625": [0, 2.4, -0.4],
						"0.75": [0.5, 2.4, -0.4],
						"1.0": [0.5, 1.4, 0.6],
						"1.25": [0.5, 0.4, -0.2],
						"5.0": [0.5, 0.4, -0.2],
						"5.25": [0.5, 1.4, -0.2],
						"5.4583": [0, 1.4, -0.2],
						"5.5": {"pre": [0, 1.4, -0.2], "post": [-0.5, 1.4, -0.2]}
					},
					"scale": {
						"0.0": [0.4, 1, 0.4],
						"0.5833": [0.4, 1, 0.4],
						"0.625": [1, 1, 1],
						"5.4583": [1, 1, 1],
						"5.5": {"pre": [1, 1, 1], "post": [0.4, 1, 0.4]}
					}
				},
				"LeftArm": {
					"rotation": {
						"0.0": [0.16108, -19.68012, -6.79247],
						"0.25": [-29.12257, -28.87409, -2.46993],
						"0.375": [-41.92791, -38.57625, 7.03634],
						"0.5": [-44.85274, -42.21197, 11.54605],
						"0.625": [-44.85, -42.21, 11.55],
						"0.75": [-68.93336, -50.62465, 42.96309],
						"1.0": [-71.65806, -43.56067, 46.67538],
						"1.25": [-72.36252, -41.18281, 47.72042],
						"1.75": [-72.36, -41.18, 47.72],
						"3.125": [-72.36, -41.18, 47.72],
						"3.25": [-74.48307, -41.89355, 50.9212],
						"3.375": [-72.36, -41.18, 47.72],
						"3.75": [-72.36, -41.18, 47.72],
						"4.0": [-61.42096, -35.23704, 30.14341],
						"4.125": [-61.42, -35.24, 30.14],
						"4.375": [-63.01686, -36.40551, 32.86789],
						"4.5": [-53.09333, -36.13747, 14.80165],
						"4.625": [-42.13664, -34.97435, -0.80561],
						"4.875": [-22.97547, -32.94747, -11.845],
						"5.125": [-6.07046, -23.85428, -16.2023],
						"5.375": [0.16108, -19.68012, -6.79247],
						"6.0": ["0.16+Math.cos((query.anim_time) *90*2-90)*-3", -19.68, -6.79],
						"15.75": ["0.16+Math.cos((query.anim_time) *90*2-90)*-3", -19.68, -6.79],
						"16.0": [0.16108, -19.68012, -6.79247]
					}
				},
				"bone": {
					"rotation": {
						"0.0": [20, 0, -5],
						"0.25": [20, 0, -5],
						"0.5": [20.6469, -14.0761, -10.23619],
						"0.625": [23.34288, -30.32448, -17.2921],
						"0.75": [51.81511, -3.95101, -14.81972],
						"1.0": [50.64659, 23.67623, 16.21106],