{
	"format_version": "1.8.0",
	"animations": {
		"animation.santa.idle": {
			"loop": true,
			"animation_length": 10,
			"bones": {
				"Body": {
					"rotation": {
						"0.0": [5, 0, 0],
						"0.25": [5, 0, 0],
						"0.5": [5.04292, -7.4713, -0.6574],
						"0.625": [2.56, -9.96882, -0.76998],
						"0.75": [0.06, -9.96882, -0.76998],
						"0.875": [0.0596, -7.46882, -0.76734],
						"1.0": [1.11, -4.98, -0.51],
						"1.25": [5, 0, 0],
						"1.375": [6.5, 0, 0],
						"1.625": [5, 0, 0],
						"2.0": ["5+Math.cos((query.anim_time) *90*2-60)*1", 0, 0],
						"9.5": ["5+Math.cos((query.anim_time) *90*2-60)*1", 0, 0],
						"10.0": [5, 0, 0]
					},
					"position": {
						"0.0": [0, 0, 0],
						"1.625": [0, 0, 0],
						"2.0": [0, "0+Math.cos((query.anim_time) *90*2-0)*-0.1", 0],
						"9.5": [0, "0+Math.cos((query.anim_time) *90*2-0)*-0.1", 0],
						"10.0": [0, 0, 0]
					}
				},
				"Head": {
					"rotation": {
						"0.0": [-5, 0, 0],
						"0.125": [-5, 0, 0],
						"0.375": [-5.01258, 4.76315, -2.92682],
						"0.625": [-10.01258, 4.76315, -2.92682],
						"0.75": [-10.01, 4.76, -2.93],
						"0.875": [-9.79559, 5.19001, -2.25794],
						"1.0": [-9.79559, 5.19001, -0.45794],
						"1.375": [-5, 0, 0],
						"2.0": ["-5+Math.cos((query.anim_time) *90*2-0)*-2", 0, 0],
						"9.5": ["-5+Math.cos((query.anim_time) *90*2-0)*-2", 0, 0],
						"10.0": [-5, 0, 0]
					}
				},
				"hat": {
					"rotation": [-22.28217, 2.57594, 9.6658],
					"position": [0, 0, 0]
				},
				"hat2": {
					"rotation": [-20, 0, 0]
				},
				"hat3": {
					"rotation": [-24.81197, 3.1622, 6.80423]
				},
				"hat4": {
					"rotation": {
						"0.0": [-34.58897, 5.71617, 8.21888],
						"0.5": [-34.59, 5.72, 8.22],
						"0.875": [-34.77099, -4.29011, -6.15382],
						"1.0": {
							"pre": [-34.77, -4.29, -6.15],
							"post": [-34.77, -4.29, -6.15],
							"lerp_mode": "catmullrom"
						},
						"1.5": {
							"post": [-34.58897, 5.71617, 8.21888],
							"lerp_mode": "catmullrom"
						},
						"1.75": [-34.58897, 5.71617, 8.21888]
					}
				},
				"hat5": {
					"rotation": {
						"0.0": [-34.89743, 2.86544, 4.09918],
						"0.875": [-34.89743, 2.86544, 4.09918],
						"1.125": {
							"pre": [-34.3569, -7.13136, -10.29284],
							"post": [-34.3569, -7.13136, -10.29284],
							"lerp_mode": "catmullrom"
						},
						"1.5": {
							"post": [-34.89743, 2.86544, 4.09918],
							"lerp_mode": "catmullrom"
						},
						"1.75": [-34.89743, 2.86544, 4.09918]
					}
				},
				"hat6": {
					"rotation": [-31.75735, -1.23095, 3.45157]
				},
				"bone": {
					"rotation": ["2.48+Math.cos((query.anim_time) *90*2-90)*-3", 0.27, 0.17]
				},
				"RightArm": {
					"rotation": {
						"0.0": [-6.82801, -15.31183, 7.43012],
						"0.25": [-82.78, -16.01, 54.07],
						"0.5": [-158.73086, -16.71641, 82.7086],
						"1.0": [-160.54, -15.9, 80.25],
						"1.25": [-130.68, -15.61, 52.84],
						"1.5": [-66.82801, -15.31183, 7.43012],
						"1.75": [-16.23, -15.31, 7.43],
						"2.0": ["-6.828+Math.cos((query.anim_time) *90*2-90)*3", -15.31183, 7.43012],
						"9.5": ["-6.828+Math.cos((query.anim_time) *90*2-90)*3", -15.31183, 7.43012],
						"10.0": [-6.82801, -15.31183, 7.43012]
					},
					"position": {
						"0.0": [0, 0, 0],
						"0.5": [2, 0, -4],
						"1.0": [2, 0, -4],
						"1.5": [0, 0, 0],
						"2.0": [0, 0, 0]
					}
				},
				"LeftArm": {
					"rotation": {
						"0.0": [-73.83553, -19.90341, -8.08029],
						"0.25": [-73.84, -19.9, -8.08],
						"0.5": {
							"pre": [-81.40271, -17.65644, -15.64013],
							"post": [-81.40271, -17.65644, -15.64013],
							"lerp_mode": "catmullrom"
						},
						"0.75": {
							"post": [-81.1242, -22.59851, -16.44874],
							"lerp_mode": "catmullrom"
						},
						"1.25": [-73.83553, -19.90341, -8.08029]
					},
					"position": {
						"0.0": [0, -1, 1],
						"0.25": [0, -1, 1]
					}
				},
				"bone2": {
					"rotation": {
						"0.0": [-65.16243, -19.20748, 29.83757],
						"0.25": [-65.16, -19.21, 29.84],
						"0.5": [-72.66, -19.21, 29.84],
						"1.0": [-77.66, -19.21, 29.84],
						"1.5": [-65.16243, -19.20748, 29.83757]
					},
					"position": {
						"0.0": [0, 2, -2],
						"0.25": [0, 2, -2],
						"0.5": [0, 2, -2]
					}
				},
				"bone4": {
					"rotation": {
						"0.0": [-43.83337, 12.95801, -13.0552],
						"0.25": [-43.83, 12.96, -13.06],
						"0.75": [-42.70295, 5.66922, -6.11906],
						"1.0": [-42.7, 5.67, -6.12],
						"1.25": [-43.83337, 12.95801, -13.0552]
					}
				},
				"bone8": {
					"rotation": {
						"0.0": [-39.99566, -18.72937, -11.08062],
						"0.375": [-40, -18.73, -11.08],
						"0.625": [-41.94634, -24.39692, -5.79402],
						"0.875": [-41.95, -25.3, -5.79],
						"1.125": [-41.94634, -24.39692, -5.79402],
						"1.5": [-39.99566, -18.72937, -11.08062],
						"2.0": [-40, "-18.73+Math.cos((query.anim_time) *90*2-0)*3", -11.08],
						"9.5": [-40, "-18.73+Math.cos((query.anim_time) *90*2-0)*3", -11.08],
						"10.0": [-39.99566, -18.72937, -11.08062]
					}
				},
				"bone3": {
					"rotation": [-12.5, 0, 0]
				},
				"bone5": {
					"rotation": [55, 0, 0]
				},
				"bone6": {
					"rotation": [17.5, 20, 0]
				},
				"bone7": {
					"rotation": [12.56408, -27.14107, -7.74694]
				},
				"bone10": {
					"rotation": [8.19738, "-23.371+Math.cos((query.anim_time) *90*2-0)*3", -24.53822]
				},
				"bone11": {
					"rotation": [0.26814, -16.14082, -46.64863]
				},
				"bone12": {
					"rotation": [44.88102, "-36.1262+Math.cos((query.anim_time) *90*2-30)*3", -60.75278]
				},
				"bone13": {
					"rotation": [0, -7.5, -7.5]
				},
				"bone16": {
					"rotation": [-22.01816, -4.75113, -11.57518]
				},
				"bone17": {
					"rotation": [-26.94093, 5.73576, 11.12501]
				},
				"RightLeg": {
					"rotation": [0, 30, 0],
					"position": [0, 0, 0]
				},
				"LeftLeg": {
					"rotation": [0, -5, 0],
					"position": [1, 0, -1]
				}
			}
		}
	}
}