{
	"format_version": "1.8.0",
	"animations": {
		"animation.bugElite4.idle": {
			"loop": true,
			"animation_length": 8,
			"bones": {
				"character": {
					"rotation": [0, -20, 0]
				},
				"Body": {
					"rotation": {
						"0.0": ["-7.5+Math.cos((query.anim_time) *90*2-90)*-1", 0, 0],
						"1.0": ["-7.5+Math.cos((query.anim_time) *90*2-90)*-1", 0, 0],
						"1.1667": ["-7.5+Math.cos((query.anim_time) *90*2-90)*-1", 0, 0],
						"1.25": ["-7.5257+Math.cos((query.anim_time) *90*2-90)*-1", -4.96481, 0.59289],
						"1.5": ["-7.5+Math.cos((query.anim_time) *90*2-90)*-1", 0, 0],
						"1.75": ["-7.5+Math.cos((query.anim_time) *90*2-90)*-1", 0, 0],
						"2.1667": ["-7.5+Math.cos((query.anim_time) *90*2-90)*-1", 0, 0],
						"2.25": ["-7.5074+Math.cos((query.anim_time) *90*2-90)*-1", 2.47636, -0.34308],
						"2.5": ["-7.5+Math.cos((query.anim_time) *90*2-90)*-1", 0, 0],
						"2.75": ["-7.5+Math.cos((query.anim_time) *90*2-90)*-1", 0, 0]
					},
					"position": [0, "0+Math.cos((query.anim_time) *90*2-30)*-0.1", 0]
				},
				"Head": {
					"rotation": {
						"0.0": ["15.9153+Math.cos((query.anim_time) *90*2-30)*-1", 19.291, 5.38152],
						"0.625": ["15.9153+Math.cos((query.anim_time) *90*2-30)*-1", 19.291, 5.38152],
						"0.75": [11.1, 19.2, 3.41],
						"0.875": ["-1.6998+Math.cos((query.anim_time) *90*2-30)*-1", 19.10959, -2.55861],
						"1.0": ["-5.0619+Math.cos((query.anim_time) *90*2-30)*-1", 18.98203, -5.19997],
						"1.125": ["-5.9134+Math.cos((query.anim_time) *90*2-30)*-1", 18.76463, -7.83204],
						"1.1667": ["-5.9134+Math.cos((query.anim_time) *90*2-30)*-1", 18.76, -7.83],
						"1.25": ["-6.0841+Math.cos((query.anim_time) *90*2-30)*-1", 23.74075, -8.30048],
						"1.5": ["-5.9134+Math.cos((query.anim_time) *90*2-30)*-1", 18.76, -7.83],
						"1.75": ["-5.9134+Math.cos((query.anim_time) *90*2-30)*-1", 18.76, -7.83],
						"1.875": ["-4.0737+Math.cos((query.anim_time) *90*2-30)*-1", 14.271, -2.13552],
						"2.0": ["-4.5616+Math.cos((query.anim_time) *90*2-30)*-1", 12.08494, 5.85499],
						"2.125": ["-4.0894+Math.cos((query.anim_time) *90*2-30)*-1", 9.82727, 8.6258],
						"2.1667": ["-4.0894+Math.cos((query.anim_time) *90*2-30)*-1", 9.83, 8.63],
						"2.25": ["-4.0562+Math.cos((query.anim_time) *90*2-30)*-1", 7.33966, 8.85204],
						"2.375": ["-4.0894+Math.cos((query.anim_time) *90*2-30)*-1", 9.83, 8.63],
						"2.625": ["15.9153+Math.cos((query.anim_time) *90*2-30)*-1", 19.291, 5.38152]
					}
				},
				"bone3": {
					"position": {
						"2.5": [0, 0, 0],
						"2.5417": [0, -1, 0],
						"2.7083": [0, -1, 0],
						"2.75": [0, 0, 0]
					}
				},
				"bone6": {
					"rotation": ["12.5+Math.cos((query.anim_time) *90*2-30)*-3", 0, -2.5]
				},
				"bone7": {
					"rotation": ["-5+Math.cos((query.anim_time) *90*2-90)*-3", 0, 0]
				},
				"bone8": {
					"rotation": ["17.5+Math.cos((query.anim_time) *90*2-30)*-3", 0, 7.5]
				},
				"bone9": {
					"rotation": ["-7.5+Math.cos((query.anim_time) *90*2-90)*-3", 0, 0]
				},
				"RightArm": {
					"rotation": {
						"0.0": [-59.3671, 27.62073, 46.27714],
						"0.375": [-59.3671, 27.62073, 46.27714],
						"0.5": [-89.3671, 13.62073, 46.27714],
						"0.625": [-110.30619, -10.53462, 42.66526],
						"0.75": [-125.09044, -40.11607, 47.80039],
						"1.0": [-165.51183, -61.14242, 72.6016],
						"1.125": [-168.01183, -61.14242, 72.6016],
						"1.25": [-179.64631, -61.79067, 82.9923],
						"1.5": [-179.65, -61.79, 82.99],
						"1.625": [-158.47665, -18.53054, 84.33966],
						"1.75": [-95.97665, -18.53054, 84.33966],
						"1.875": [-29.43016, 4.30577, 51.65589],
						"2.0": [6.12013, 6.80143, 31.71605],
						"2.125": [11.85938, 9.56874, 19.39901],
						"2.25": [13.93545, 10.07354, 16.91407],
						"2.5": [13.94, 10.07, 16.91],
						"2.625": [-10.49583, 7.48962, 39.18369],
						"2.75": [-24.72563, 9.72318, 55.22723],
						"2.875": [-40.6404, 27.15496, 60.73551],
						"3.0": [-59.3671, 27.62073, 46.27714],
						"3.125": [-59.90096, 25.36167, 45.08057],
						"3.25": [-59.3671, 27.62073, 46.27714],
						"4.0": ["-59.3671+Math.cos((query.anim_time) *90*2-30)*-1", 27.62073, 46.27714],
						"7.75": ["-59.3671+Math.cos((query.anim_time) *90*2-30)*-1", 27.62073, 46.27714],
						"8.0": [-59.3671, 27.62073, 46.27714]
					},
					"position": {
						"0.0": [0, -1, 1],
						"0.375": [0, -1, 1],
						"0.5": [-1, -1, 0.8],
						"0.625": [-1, -0.6, -0.6],
						"0.75": [0, -1, -2],
						"1.0": [1, -2, -2],
						"1.125": [1, -2, -2],
						"1.25": [1, -2, -2],
						"1.5": [1, -2, -2],
						"1.625": [1, -2, -2],
						"1.75": [-1, -1, -2],
						"1.875": [-1, -1, 0],
						"2.0": [0, 0, 1],
						"2.5": [0, 0, 1],
						"2.625": [0, -0.5, 1],
						"2.875": [0, -0.73, 0.65],
						"3.0": [0, -1, 1],
						"4.0": [0, -1, 1]
					}
				},
				"LeftArm": {
					"rotation": {
						"0.0": [-3.9357, 15.21784, 17.298],
						"1.375": [-3.94, 15.22, 17.3],
						"1.5": [-3.94, 15.22, 17.3],
						"1.625": [-46.32059, 21.95824, -19.86065],
						"1.875": [-131.81737, 17.54524, -66.52951],
						"2.125": [-189.76112, 59.1635, -78.7985],
						"2.25": [-197.71945, 57.97231, -88.11939],
						"2.375": [-201.42575, 57.13425, -92.51057],
						"2.5": [-143.24304, 51.53636, -72.34439],
						"2.625": [-75.36497, 53.83376, -34.24877],
						"2.75": [-39, 40.82, -2.48],
						"2.875": [-24.63946, 13.80639, -0.71742],
						"3.0": [-19.57556, 18.17364, 8.63317],
						"3.125": [-3.9357, 15.21784, 17.298],
						"4.0": ["-3.94+Math.cos((query.anim_time) *90*2-30)*-1", 15.22, 17.3],
						"7.75": ["-3.94+Math.cos((query.anim_time) *90*2-30)*-1", 15.22, 17.3],
						"8.0": [-3.9357, 15.21784, 17.298]
					},
					"position": {
						"0.0": [0, 0, 1],
						"1.375": [0, 0, 1],
						"1.5": [0, 0, 1],
						"1.625": [0, -1, -1],
						"1.875": [0, -2, -3],
						"2.125": [-3, -2, -3],
						"2.25": [-3, -2, -3],
						"2.375": [-3, -2, -3],
						"2.5": [-2.6, -2, -2.7],
						"2.625": [-1.6, -1.5, -2],
						"2.75": [-0.91, -0.43, -0.47],
						"2.875": [-0.22, -0.17, 1.67],
						"3.0": [-0.22, -0.17, 2.67],
						"3.125": [0, 0, 1],
						"4.0": [0, 0, "1+Math.cos((query.anim_time) *90*2-30)*0.15"],
						"7.75": [0, 0, "1+Math.cos((query.anim_time) *90*2-30)*0.15"],
						"8.0": [0, 0, 1]
					}
				},
				"bone12": {
					"rotation": [-22.60683, -5.97191, "-14.8137+Math.cos((query.anim_time) *90*2-90)*-2"]
				},
				"bone13": {
					"rotation": [15, 0, "-7.5+Math.cos((query.anim_time) *90*2-120)*-2"]
				},
				"bone20": {
					"rotation": [0, 0, 0]
				},
				"bone22": {
					"rotation": [0, 0, 0]
				},
				"bone14": {
					"rotation": {
						"0.0": ["21.7623+Math.cos((query.anim_time) *90*2-90)*-1", 30.1215, -10.06529],
						"0.25": ["21.7623+Math.cos((query.anim_time) *90*2-90)*-1", 30.12, -10.07],
						"0.4167": ["21.7623+Math.cos((query.anim_time) *90*2-90)*-1", 30.12, -10.07],
						"0.5417": ["30.615+Math.cos((query.anim_time) *90*2-90)*-1", 21.5083, 10.03408],
						"0.625": ["31.4402+Math.cos((query.anim_time) *90*2-90)*-1", 20.2542, 12.34889],
						"0.75": ["29.7312+Math.cos((query.anim_time) *90*2-90)*-1", 22.74649, 7.68943],
						"0.875": ["21.7623+Math.cos((query.anim_time) *90*2-90)*-1", 30.1215, -10.06529],
						"1.0": ["20.384+Math.cos((query.anim_time) *90*2-90)*-1", 31.02059, -12.77474],
						"1.125": ["21.7623+Math.cos((query.anim_time) *90*2-90)*-1", 30.1215, -10.06529],
						"1.75": ["21.7623+Math.cos((query.anim_time) *90*2-90)*-1", 30.12, -10.07],
						"1.875": ["21.7623+Math.cos((query.anim_time) *90*2-90)*-1", 30.12, -10.07],
						"2.0": ["22.9721+Math.cos((query.anim_time) *90*2-90)*-1", 34.7445, -7.81625],
						"2.125": [22.42, 34.08, -8.14],
						"2.25": ["21.7623+Math.cos((query.anim_time) *90*2-90)*-1", 30.12, -10.07],
						"2.875": ["21.7623+Math.cos((query.anim_time) *90*2-90)*-1", 30.12, -10.07],
						"3.0": ["23.0777+Math.cos((query.anim_time) *90*2-90)*-1", 29.16633, -7.41093],