{
  "format_version": "1.8.0",
  "animations": {
    "animation.darkLeader.idle": {
      "loop": true,
      "animation_length": 4,
      "bones": {
        "Body": {
          "rotation": [
            "-2.5024+Math.cos((query.anim_time) *90-90)*1",
            2.49762,
            -0.10912
          ],
          "position": [
            0,
            "0+Math.cos((query.anim_time) *90-30)*-0.1",
            0
          ]
        },
        "Head": {
          "rotation": [
            "14.8963+Math.cos((query.anim_time) *90-30)*-1",
            -2.94296,
            1.91032
          ]
        },
        "bone": {
          "rotation": [
            -11.60142,
            -3.5978,
            34.06833
          ],
          "position": [
            1,
            -1,
            1
          ]
        },
        "bone2": {
          "rotation": [
            20.46806,
            43.85328,
            28.3133
          ]
        },
        "bone3": {
          "rotation": [
            -15.52671,
            9.93023,
            -14.98657
          ]
        },
        "bone5": {
          "rotation": [
            -2.20227,
            -7.96077,
            36.05388
          ]
        },
        "bone4": {
          "rotation": [
            0,
            0,
            "30+Math.cos((query.anim_time) *90-0)*3"
          ]
        },
        "bone10": {
          "position": {
            "2.25": [
              0,
              0,
              0
            ],
            "2.2917": [
              0,
              -0.5,
              0
            ],
            "2.4583": [
              0,
              -0.5,
              0
            ],
            "2.5": [
              0,
              0,
              0
            ]
          }
        },
        "bone15": {
          "position": {
            "2.25": [
              0,
              0,
              0
            ],
            "2.2917": [
              0,
              -0.5,
              0
            ],
            "2.4583": [
              0,
              -0.5,
              0
            ],
            "2.5": [
              0,
              0,
              0
            ]
          }
        },
        "RightArm": {
          "rotation": {
            "0.0": [
              "-111.7837+Math.cos((query.anim_time) *90-30)*0.5",
              -37.32447,
              "80.6678+Math.cos((query.anim_time) *90-30)*-1"
            ],
            "0.1667": [
              "-111.7837+Math.cos((query.anim_time) *90-30)*0.5",
              -37.32447,
              "80.6678+Math.cos((query.anim_time) *90-30)*-1"
            ]
          },
          "position": [
            0,
            -3,
            0
          ]
        },
        "bone6": {
          "rotation": [
            "112.4884+Math.cos((query.anim_time) *90-90)*-1.5",
            "71.0069+Math.cos((query.anim_time) *90-30)*-0.6",
            "48.6444+Math.cos((query.anim_time) *90-90)*-1.5"
          ],
          "position": [
            "5+Math.cos((query.anim_time) *90-90)*-0.2",
            -4,
            -2
          ]
        },
        "LeftArm": {
          "rotation": [
            -105.23532,
            36.58428,
            "-56.0932+Math.cos((query.anim_time) *90-30)*2"
          ],
          "position": [
            0,
            "-3+Math.cos((query.anim_time) *90-30)*-0.1",
            0
          ]
        },
        "RightLeg": {
          "rotation": [
            3.8378,
            14.94159,
            5.17544
          ]
        },
        "LeftLeg": {
          "rotation": [
            -2.5,
            -10,
            0
          ]
        }
      }
    }
  }
}
