{
	"format_version": "1.8.0",
	"animations": {
		"animation.dragonElite4.idle": {
			"loop": true,
			"animation_length": 8,
			"bones": {
				"character": {
					"rotation": [0, -25, 0]
				},
				"Body": {
					"rotation": {
						"0.0": ["10+Math.cos((query.anim_time) *90*2-90)*1", "0+Math.cos((query.anim_time) *90-90)*-2", 0],
						"2.0": ["10+Math.cos((query.anim_time) *90*2-90)*1", "0+Math.cos((query.anim_time) *90-90)*-2", 0],
						"2.25": ["10.0162+Math.cos((query.anim_time) *90*2-90)*1", "2.4564+Math.cos((query.anim_time) *90-90)*-2", 0.46506],
						"2.375": ["10.0162+Math.cos((query.anim_time) *90*2-90)*1", "2.4564+Math.cos((query.anim_time) *90-90)*-2", 0.47],
						"2.5": ["10+Math.cos((query.anim_time) *90*2-90)*1", "0+Math.cos((query.anim_time) *90-90)*-2", 0],
						"2.625": ["9.9964+Math.cos((query.anim_time) *90*2-90)*1", "-2.4547+Math.cos((query.anim_time) *90-90)*-2", -0.47366],
						"3.375": ["9.9964+Math.cos((query.anim_time) *90*2-90)*1", "-2.4547+Math.cos((query.anim_time) *90-90)*-2", -0.47],
						"3.5": ["10+Math.cos((query.anim_time) *90*2-90)*1", "0+Math.cos((query.anim_time) *90-90)*-2", 0]
					},
					"position": [0, "0+Math.cos((query.anim_time) *90*2-30)*-0.1", 0]
				},
				"Head": {
					"rotation": {
						"0.0": [6.89298, "22.5067+Math.cos((query.anim_time) *90-90)*2", -3.76168],
						"2.0": [6.89, "22.5067+Math.cos((query.anim_time) *90-90)*2", -3.76],
						"2.25": [6.77875, "20.0245+Math.cos((query.anim_time) *90-90)*2", -4.07759],
						"2.375": [6.78, "20.0245+Math.cos((query.anim_time) *90-90)*2", -4.08],
						"2.5": [6.89, "22.5067+Math.cos((query.anim_time) *90-90)*2", -3.76],
						"2.625": [7.01278, "24.9883+Math.cos((query.anim_time) *90-90)*2", -3.4335],
						"3.375": [7.01, "24.9883+Math.cos((query.anim_time) *90-90)*2", -3.43],
						"3.5": [6.89, "22.5067+Math.cos((query.anim_time) *90-90)*2", -3.76]
					}
				},
				"bone3": {
					"scale": {
						"4.0": [1, 1, 1],
						"4.0417": [1, 0.73, 1],
						"4.0833": [1, 0.43, 1],
						"4.1667": [1, 0.43, 1],
						"4.25": [1, 1, 1],
						"7.0": [1, 1, 1],
						"7.0833": [1, 0.43, 1],
						"7.1667": [1, 0.43, 1],
						"7.25": [1, 1, 1]
					}
				},
				"bone4": {
					"position": {
						"4.0": [0, 0, 0],
						"4.0417": [0, -1, 0],
						"4.0833": [0, -1.5, 0],
						"4.1667": [0, -1.5, 0],
						"4.25": [0, 0, 0],
						"7.0": [0, 0, 0],
						"7.0833": [0, -1.5, 0],
						"7.1667": [0, -1.5, 0],
						"7.25": [0, 0, 0]
					}
				},
				"bone7": {
					"scale": {
						"4.0": [1, 1, 1],
						"4.0417": [1, 0.73, 1],
						"4.0833": [1, 0.43, 1],
						"4.1667": [1, 0.43, 1],
						"4.25": [1, 1, 1],
						"7.0": [1, 1, 1],
						"7.0833": [1, 0.43, 1],
						"7.1667": [1, 0.43, 1],
						"7.25": [1, 1, 1]
					}
				},
				"bone9": {
					"position": {
						"4.0": [0, 0, 0],
						"4.0417": [0, -1, 0],
						"4.0833": [0, -1.5, 0],
						"4.1667": [0, -1.5, 0],
						"4.25": [0, 0, 0],
						"7.0": [0, 0, 0],
						"7.0833": [0, -1.5, 0],
						"7.1667": [0, -1.5, 0],
						"7.25": [0, 0, 0]
					}
				},
				"bone10": {
					"rotation": ["5+Math.cos((query.anim_time) *90*2-30)*-5", 0, 0]
				},
				"bone11": {
					"rotation": ["0+Math.cos((query.anim_time) *90*2-90)*-5", 0, "0+Math.cos((query.anim_time) *90*4-150)*-3"]
				},
				"bone12": {
					"rotation": ["0+Math.cos((query.anim_time) *90*2-150)*-5", 0, "0+Math.cos((query.anim_time) *90*4-210)*-3"]
				},
				"RightArm": {
					"rotation": {
						"0.0": ["-111.9083+Math.cos((query.anim_time) *90*2-30)*-5", 32.0905, "-72.0804+Math.cos((query.anim_time) *90*2-30)*-3"],
						"1.9583": ["-111.9083+Math.cos((query.anim_time) *90*2-30)*-5", 32.09, "-72.0804+Math.cos((query.anim_time) *90*2-30)*-3"],
						"2.0": [-115.9083, 32.09, -75.0804],
						"2.125": [-121.7327, 45.26631, -84.32658],
						"2.25": [-128.45356, 53.46941, -93.15253],
						"2.375": [-130.68119, 55.39575, -95.89017],
						"2.5": [-129.69898, -3.67722, -75.69264],
						"2.75": [-130.01319, -7.51651, -72.47359],
						"3.0": [-130.25326, -9.42801, -70.84446],
						"3.125": [-130.9052, -13.22663, -67.52794],
						"3.25": [-115.75561, -3.07097, -45.69654],
						"3.375": [-113.84793, -7.06433, -30.4894],
						"3.5": [-118.57547, 29.79949, -80.26369],
						"3.625": [-119.51685, 31.97687, -81.67261],
						"3.75": [-115.9083, 32.09, -75.0804],
						"4.0": ["-111.9083+Math.cos((query.anim_time) *90*2-30)*-5", 32.0905, "-72.0804+Math.cos((query.anim_time) *90*2-30)*-3"]
					},
					"position": [0, -2, 2]
				},
				"bone18": {
					"rotation": {
						"0.0": ["120.1672+Math.cos((query.anim_time) *90*2-90)*-3", "32.8831+Math.cos((query.anim_time) *90*2-120)*-5", -115.25839],
						"2.0": [120.17, 32.88, -115.26],
						"2.125": [120.17, 32.88, -115.26],
						"2.375": [126.1059, 26.01856, -103.24175],
						"2.5": [90.34392, 43.44288, -161.71782],
						"2.625": [70.46694, 12.17692, -239.0482],
						"2.75": [102.34161, -14.81228, -290.13245],
						"2.875": [133.84186, 16.32807, -328.35892],
						"3.0": [116.9085, 6.5975, -379.89473],
						"3.125": [128.84672, 20.60836, -413.0181],
						"3.25": [140.64277, 29.46802, -426.40514],
						"3.375": [134.92896, 38.75409, -436.5423],
						"3.4583": [134.92896, 38.75409, -436.5423],
						"3.5": {"pre": [134.92896, 38.75409, -436.5423], "post": [120.16721, 32.88311, -115.25839]},
						"4.0": ["120.17+Math.cos((query.anim_time) *90*2-90)*-3", "32.88+Math.cos((query.anim_time) *90*2-120)*-5", -115.26]
					},
					"position": {
						"0.0": [8, -1, 1],
						"2.0": [8, -1, 1],
						"2.375": [8, -1, 1],
						"2.4583": [8, -1, 1],
						"2.625": [19, -2, -3],
						"2.75": [24, -3, -5],
						"2.875": [25, -4, -6],
						"2.9167": [25, -4, -6],
						"3.0": [22, -4, -4],
						"3.125": [9, -1, 1],
						"3.25": [8, -1, 1],
						"3.9583": [8, -1, 1]
					}
				},
				"LeftArm": {
					"rotation": ["-4.6795+Math.cos((query.anim_time) *90*2-30)*-1", 48.94278, 8.11223],
					"position": ["1+Math.cos((query.anim_time) *90*2-30)*0.05", -1, "Math.cos((query.anim_time) *90*2-30)*0.15"]
				},
				"bone14": {
					"rotation": ["-35+Math.cos((query.anim_time) *90*2-30)*-10", "0+Math.cos((query.anim_time) *90*2-60)*-3", 0]
				},
				"bone15": {
					"rotation": ["0+Math.cos((query.anim_time) *90*2-120)*-10", "0+Math.cos((query.anim_time) *90*4-120)*-3", 0]
				},
				"bone16": {
					"rotation": ["-35+Math.cos((query.anim_time) *90*2-30)*10", "0+Math.cos((query.anim_time) *90*2-90)*3", 0]
				},
				"bone17": {
					"rotation": ["0+Math.cos((query.anim_time) *90*2-120)*10", "0+Math.cos((query.anim_time) *90*4-180)*3", 0]
				},
				"bone19": {
					"rotation": [0, "0+Math.cos((query.anim_time) *90-30)*5", 72.5]
				},
				"bone20": {
					"rotation": ["-41.4403+Math.cos((query.anim_time) *90-90)*-5", 25.41075, -53.21196]
				},
				"bone21": {
					"rotation": [172.5, "-17.5+Math.cos((query.anim_time) *90-90)*-5", -180]
				},
				"RightLeg": {
					"rotation": ["2.5+Math.cos((query.anim_time) *90*2-30)*1", 22.5, 0],
					"position": ["-1+Math.cos((query.anim_time) *90*2-30)*-0.05", 0, "-1+Math.cos((query.anim_time) *90*2-30)*-0.15"]
				},
				"LeftLeg": {
					"rotation": ["6.0123+Math.cos((query.anim_time) *90*2-30)*1", -42.43215, -1.75138],
					"position": ["1+Math.cos((query.anim_time) *90*2-30)*0.2", 0, "0+Math.cos((query.anim_time) *90*2-30)*-0.15"]
				}
			}
		}
	}
}