{
	"format_version": "1.8.0",
	"animations": {
		"animation.fairyElite4.idle": {
			"loop": true,
			"animation_length": 8,
			"bones": {
				"Body": {
					"rotation": {
						"0.0": ["0+Math.cos((query.anim_time) *90*2-90)*1", -12.5, 0],
						"1.625": ["0+Math.cos((query.anim_time) *90*2-90)*1", -12.5, 0],
						"1.75": ["-0.0076+Math.cos((query.anim_time) *90*2-90)*1", -14.99981, 0.03193],
						"1.875": ["-0.0126+Math.cos((query.anim_time) *90*2-90)*1", -17.49975, 0.04978],
						"2.0": ["Math.cos((query.anim_time) *90*2-90)*1", -10, 0],
						"2.125": ["-0.0026+Math.cos((query.anim_time) *90*2-90)*1", -7.50006, 0.01684],
						"2.25": ["-0.0026+Math.cos((query.anim_time) *90*2-90)*1", -7.5, 0.02],
						"2.5": ["0+Math.cos((query.anim_time) *90*2-90)*1", -12.5, 0]
					},
					"position": [0, "0+Math.cos((query.anim_time) *90*2-30)*-0.1", 0]
				},
				"Head": {
					"rotation": {
						"0.0": ["7.5+Math.cos((query.anim_time) *90*2-30)*-2", 15, 0],
						"0.625": ["7.5+Math.cos((query.anim_time) *90*2-30)*-2", 15, 0],
						"0.75": ["5+Math.cos((query.anim_time) *90*2-30)*-2", 15, 0],
						"0.875": ["5+Math.cos((query.anim_time) *90*2-30)*-2", 15, 0],
						"1.0": ["7.5+Math.cos((query.anim_time) *90*2-30)*-2", 15, 0],
						"1.125": ["8.5+Math.cos((query.anim_time) *90*2-30)*-2", 15, 0],
						"1.25": ["7.5+Math.cos((query.anim_time) *90*2-30)*-2", 15, 0],
						"1.375": ["5+Math.cos((query.anim_time) *90*2-30)*-2", 15, 0],
						"1.5": ["5+Math.cos((query.anim_time) *90*2-30)*-2", 15, 0],
						"1.625": ["7.5+Math.cos((query.anim_time) *90*2-30)*-2", 15, 0],
						"1.75": ["9.6+Math.cos((query.anim_time) *90*2-30)*-2", 15, 0],
						"1.875": ["10+Math.cos((query.anim_time) *90*2-30)*-2", 15, 0],
						"2.0": ["Math.cos((query.anim_time) *90*2-30)*-23.4763", 32.18122, -3.6499],
						"2.125": ["Math.cos((query.anim_time) *90*2-30)*-24.24", 30.57533, -1.75052],
						"2.25": [-17.37, 17.49, 3.34],
						"2.375": ["Math.cos((query.anim_time) *90*2-30)*-2.1497", 9.17555, 6.9121],
						"2.625": ["7.5+Math.cos((query.anim_time) *90*2-30)*-2", 15, 0]
					}
				},
				"bone5": {
					"scale": {
						"2.5417": [1, 1, 1],
						"2.5833": [1, 0, 1],
						"2.6667": [1, 0, 1],
						"2.7083": [1, 1, 1]
					}
				},
				"bone6": {
					"position": {
						"2.5": [0, 0, 0],
						"2.5833": [0, -2, 0],
						"2.6667": [0, -2, 0],
						"2.75": [0, 0, 0]
					}
				},
				"bone9": {
					"scale": {
						"2.5417": [1, 1, 1],
						"2.5833": [1, 0, 1],
						"2.6667": [1, 0, 1],
						"2.7083": [1, 1, 1]
					}
				},
				"bone11": {
					"position": {
						"0.0": [0, 0, 0],
						"2.5": [0, 0, 0],
						"2.5833": [0, -2, 0],
						"2.6667": [0, -2, 0],
						"2.75": [0, 0, 0]
					}
				},
				"RightArm": {
					"rotation": {
						"0.0": [-117.68913, 47.4821, -81.57246],
						"0.125": [-117.68913, 47.4821, -81.57246],
						"0.25": [-119.84, 36.27, -74.67],
						"0.375": [-121.99094, 19.05908, -49.77161],
						"0.5": [-124.43902, -6.18926, -34.87629],
						"0.625": [-141.27684, 3.2729, -21.01156],
						"0.75": [-158.7761, 18.97054, -14.99356],
						"0.875": [-168.7761, 18.97054, -14.99356],
						"1.0": [-171.2761, 18.97054, -14.99356],
						"1.125": [-153.7761, 18.97054, -14.99356],
						"1.25": [-151.28, 18.97, -14.99],
						"1.375": [-163.78, 18.97, -14.99],
						"1.5": [-166.28, 18.97, -14.99],
						"1.625": [-148.78, 18.97, -14.99],
						"1.75": [-146.28, 18.97, -14.99],
						"1.875": [-142.15251, 31.17006, -5.32301],
						"2.0": [-189.08478, 30.27118, -13.98676],
						"2.125": [-195.47796, 29.63321, -16.77669],
						"2.25": [-199.30393, 28.83395, -19.49132],
						"2.375": [-203.07527, 27.9812, -22.16321],
						"2.5": [-203.08, 27.98, -22.16],
						"2.625": [-180.81122, -6.74168, -115.16952],
						"2.75": [-179.32599, -6.7567, -127.75709],
						"2.875": [-179.9202, -6.78962, -122.72204],
						"3.125": [-179.92, -6.79, -122.72],
						"3.375": [-150.94212, 0.81918, -113.57997],
						"3.625": [-117.68913, 47.4821, -81.57246],
						"3.75": [-119.03562, 49.68224, -83.3676],
						"4.0": [-117.68913, 47.4821, "-81.5725+Math.cos((query.anim_time) *90*2-30)*-3"],
						"7.75": [-117.68913, 47.4821, "-81.5725+Math.cos((query.anim_time) *90*2-30)*-3"],
						"8.0": [-117.68913, 47.4821, -81.57246]
					},
					"position": [0, -1, 1]
				},
				"bone15": {
					"rotation": {
						"0.0": [-171.04514, -24.77664, 96.8667],
						"0.375": [-67.7219, -81.48857, -6.81399],
						"0.5": [-65.2219, -81.48857, -6.81399],
						"0.625": [-82.7219, -81.48857, -6.81399],
						"0.75": [83.20556, -80.88087, -172.90585],
						"0.875": [84.65188, -78.39469, -174.3758],
						"1.0": [84.65, -78.39, -174.38],
						"1.125": [-72.62778, -86.39683, -16.9611],
						"1.25": [-72.63, -86.4, -16.96],
						"1.375": [83.73728, -73.40242, -176.01585],
						"1.5": [81.11541, -78.36015, -173.31487],
						"1.625": [70.95218, -85.61662, -158.02478],
						"1.75": [70.95, -85.62, -158.02],
						"1.875": [70.95, -85.62, -158.02],
						"2.0": [45.87922, -51.35992, -126.58385],
						"2.125": [-22.43298, -83.7388, -50.26235],
						"2.25": [-14.93298, -83.7388, -50.26235],
						"2.5": [-14.93, -83.74, -50.26],
						"2.625": [-14.93, -83.74, -50.26],
						"2.75": [0.07, -83.74, -50.26],
						"3.25": [0.07, -83.74, -50.26],
						"3.75": [-171.04514, -24.77664, 96.8667],
						"4.0": [-171.04514, "-24.7766+Math.cos((query.anim_time) *90*2-90)*-3", 96.8667]
					},
					"position": {
						"0.0": [6, 1, 1],
						"0.375": [6, 3, 1],
						"3.25": [6, 3, 1],
						"3.75": [6, 1, 1]
					}
				},
				"LeftArm": {
					"rotation": ["-26.4016+Math.cos((query.anim_time) *90*2-30)*-1", 21.56904, -27.61649],
					"position": [0, -1, "0+Math.cos((query.anim_time) *90*2-30)*0.15"]
				},
				"bone12": {
					"rotation": ["0+Math.cos((query.anim_time) *90*2-120)*2", 0, 0]
				},
				"bone13": {
					"rotation": [22.82578, "3.0724+Math.cos((query.anim_time) *90*2-60)*3", 39.6252]
				},
				"bone16": {
					"rotation": [5, "0+Math.cos((query.anim_time) *90*2-60)*3", 30]
				},
				"bone14": {
					"rotation": [5, "-17.5+Math.cos((query.anim_time) *90*2-90)*3", 35]
				},
				"RightLeg": {
					"rotation": ["-0.7485+Math.cos((query.anim_time) *90*2-30)*1", 23.0082, 2.51684],
					"position": ["0+Math.cos((query.anim_time) *90*2-30)*-0.1", 0, "-1+Math.cos((query.anim_time) *90*2-30)*-0.20"]
				},
				"LeftLeg": {
					"rotation": ["1.4062+Math.cos((query.anim_time) *90*2-30)*1", -27.96743, -2.77163],
					"position": ["1+Math.cos((query.anim_time) *90*2-30)*0.1", 0, "0+Math.cos((query.anim_time) *90*2-30)*-0.2"]
				}
			}
		}
	}
}