{"format_version":"1.8.0","animations":{"animation.grassLeader.idle":{"loop":true,"animation_length":4,"bones":{"Body":{"rotation":["-7.5+Math.cos((query.anim_time) *90*2-90)*1",0,0],"position":[0,"0+Math.cos((query.anim_time) *90*2-30)*-0.1",0]},"Head":{"rotation":["17.5+Math.cos((query.anim_time) *90*2-0)*-1",0,0]},"bone2":{"rotation":[-42.5,0,0]},"bone3":{"rotation":["65+Math.cos((query.anim_time) *90*2-30)*3",0,"0+Math.cos((query.anim_time) *90-90)*-5 "]},"bone4":{"rotation":["-15+Math.cos((query.anim_time) *90*2-60)*3",0,-15]},"bone5":{"rotation":["-22.5+Math.cos((query.anim_time) *90*2-60)*3",0,12.5]},"bone6":{"rotation":["-22.5+Math.cos((query.anim_time) *90*2-90)*3",0,7.5]},"bone7":{"rotation":["-22.5+Math.cos((query.anim_time) *90*2-90)*3",0,-7.5]},"bone14":{"scale":{"2.5":[1,1,1],"2.5417":[1,0.9,1],"2.5833":[1,0.4,1],"2.6667":[1,0.4,1],"2.7083":[1,0.9,1],"2.75":[1,1,1]}},"bone16":{"position":{"2.5":[0,0,0],"2.5417":[0,-1,0],"2.5833":[0,-2,0],"2.6667":[0,-2,0],"2.7083":[0,-1,0],"2.75":[0,0,0]}},"bone17":{"scale":{"2.5":[1,1,1],"2.5417":[1,0.5,1],"2.5833":[1,0.5,1],"2.7083":[1,0.5,1],"2.75":[1,1,1]}},"bone9":{"scale":{"2.5":[1,1,1],"2.5417":[1,0.9,1],"2.5833":[1,0.4,1],"2.6667":[1,0.4,1],"2.7083":[1,0.9,1],"2.75":[1,1,1]}},"bone11":{"position":{"2.5":[0,0,0],"2.5417":[0,-1,0],"2.5833":[0,-2,0],"2.6667":[0,-2,0],"2.7083":[0,-1,0],"2.75":[0,0,0]}},"bone12":{"scale":{"2.5":[1,1,1],"2.5417":[1,0.5,1],"2.5833":[1,0.5,1],"2.7083":[1,0.5,1],"2.75":[1,1,1]}},"RightArm":{"rotation":["-19.502+Math.cos((query.anim_time) *90*2-30)*-1",-50.73067,3.34209],"position":["0+Math.cos((query.anim_time) *90*2-30)*-0.1",-2,"3+Math.cos((query.anim_time) *90*2-0)*0.15"]},"LeftArm":{"rotation":["-66.692+Math.cos((query.anim_time) *90*2-150)*2",-15.09182,22.23055],"position":[0,"-2+Math.cos((query.anim_time) *90*2-150)*0.2",3]},"bone27":{"rotation":[25.53051,-11.31255,-5.35254]},"bone24":{"rotation":["48.6492+Math.cos((query.anim_time) *90*2-150)*2","12.9005+Math.cos((query.anim_time) *90*2-150)*1",10.3635]},"bone25":{"rotation":[-30.08453,-7.38542,1.30962]},"bone26":{"rotation":["-17.5+Math.cos((query.anim_time) *90*2-30)*-3",0,0]},"bone23":{"rotation":[16.3771,4.671,-37.55638]},"bone20":{"rotation":[48.65333,-3.6628,-8.08097]},"bone21":{"rotation":[33.97554,-38.62506,-25.50054]},"bone22":{"rotation":[28.06681,-11.06861,-5.84485]},"RightLeg":{"rotation":["3.054+Math.cos((query.anim_time) *90*2-30)*1",12.48791,2.56062],"position":["0+Math.cos((query.anim_time) *90*2-30)*-0.05",0,"0+Math.cos((query.anim_time) *90*2-30)*-0.15"]},"LeftLeg":{"rotation":["0+Math.cos((query.anim_time) *90*2-30)*1",-12.5,0],"position":["0+Math.cos((query.anim_time) *90*2-30)*0.05",0,"0+Math.cos((query.anim_time) *90*2-30)*-0.15"]}}}}}
