{
	"format_version": "1.8.0",
	"animations": {
		"animation.pokemon.melee_attack": {
			"animation_length": 0.79167,
			"bones": {
				"Head": {
					"rotation": {
						"0.375": [
							20,
							0,
							0
						],
						"0.625": [
							5,
							0,
							0
						]
					},
					"position": {
						"0.0833": [
							0,
							4,
							-2
						],
						"0.375": [
							0,
							4,
							3
						],
						"0.625": [
							0,
							-11,
							-9
						]
					}
				},
				"Body": {
					"rotation": {
						"0.0833": [
							-42.5,
							0,
							0
						],
						"0.625": [
							0,
							0,
							0
						]
					},
					"position": {
						"0.0833": [
							0,
							7,
							-7
						],
						"0.625": [
							0,
							0,
							0
						]
					}
				},
				"tail": {
					"position": [
						0,
						-4,
						0
					]
				},
				"legs": {
					"position": {
						"0.0833": [
							0,
							13,
							0
						],
						"0.625": [
							0,
							0,
							0
						]
					}
				},
				"legs2": {
					"rotation": {
						"0.0833": [
							-42.5,
							0,
							0
						],
						"0.625": [
							-2.5,
							0,
							0
						]
					},
					"position": {
						"0.0833": [
							0,
							15,
							0
						],
						"0.625": [
							0,
							0,
							0
						]
					}
				}
			}
		},
		"animation.pokemon.wing_attack": {
			"animation_length": 1.54167,
			"bones": {
				"Pidgey": {
					"rotation": {
						"0.0": [
							0,
							0,
							0
						],
						"0.4167": [
							20,
							-30,
							0
						]
					},
					"position": [
						0,
						0,
						0
					],
					"scale": 1
				},
				"Wing": {
					"rotation": {
						"0.0": [
							0,
							0,
							0
						],
						"0.4167": [
							0,
							45,
							-25
						],
						"0.625": [
							0,
							77.5,
							-25
						],
						"0.875": [
							0,
							77.5,
							-57.5
						],
						"1.0417": [
							0,
							125,
							-57.5
						],
						"1.2917": [
							17.5,
							125,
							-57.5
						]
					},
					"position": [
						0,
						0,
						0
					],
					"scale": 1
				},
				"Wing2": {
					"rotation": {
						"0.0": [
							0,
							0,
							0
						],
						"0.4167": [
							0,
							-45,
							25
						],
						"0.625": [
							0,
							-77.5,
							25
						],
						"0.875": [
							0,
							-77.5,
							57.5
						],
						"1.0417": [
							0,
							-125,
							57.5
						],
						"1.2917": [
							-17.5,
							-125,
							57.5
						]
					},
					"position": [
						0,
						0,
						0
					],
					"scale": 1
				}
			}
		},
		"animation.pokemon.tackle": {
			"loop": true,
			"animation_length": 1.16667,
			"bones": {
				"tail": {
					"rotation": {
						"0.0": [
							0,
							0,
							-20
						],
						"0.2083": [
							0,
							0,
							20
						],
						"0.375": [
							0,
							0,
							-10
						],
						"0.5417": [
							0,
							0,
							27.5
						],
						"0.8333": [
							0,
							0,
							-2.5
						],
						"0.9167": [
							0,
							0,
							-20
						]
					}
				},
				"legs": {
					"rotation": {
						"0.0": [
							30,
							0,
							0
						],
						"0.4167": [
							-35,
							0,
							0
						],
						"0.9167": [
							30,
							0,
							0
						]
					}
				},
				"legs2": {
					"rotation": {
						"0.0": [
							-42.5,
							0,
							0
						],
						"0.4167": [
							42.5,
							0,
							0
						],
						"0.9167": [
							-42.5,
							0,
							0
						]
					}
				},
				"legs3": {
					"rotation": {
						"0.0": [
							35,
							0,
							0
						],
						"0.4167": [
							-25,
							0,
							0
						],
						"0.9167": [
							35,
							0,
							0
						]
					}
				},
				"legs4": {
					"rotation": {
						"0.0": [
							-17.5,
							0,
							0
						],
						"0.4167": [
							32.5,
							0,
							0
						],
						"0.9167": [
							-17.5,
							0,
							0
						]
					}
				},
				"Caterpie": {
					"rotation": [
						0,
						0,
						0
					],
					"position": {
						"0.0": [
							0,
							0,
							0
						],
						"0.5417": [
							0,
							0,
							-3
						],
						"0.7917": [
							0,
							1,
							-4
						],
						"1.0833": [
							0,
							0,
							-1
						]
					},
					"scale": 1
				},
				"Body": {
					"rotation": {
						"0.0": [
							0,
							0,
							0
						],
						"0.2917": [
							25,
							0,
							0
						]
					},
					"position": [
						0,
						0,
						0
					],
					"scale": 1
				},
				"Head": {
					"rotation": {
						"0.0": [
							7.5,
							0,
							0
						],
						"0.3333": [
							35,
							0,
							0
						]
					},
					"position": [
						0,
						0,
						0
					],
					"scale": 1
				},
				"Bottom": {
					"rotation": [
						0,
						0,
						0
					],
					"position": [
						0,
						0,
						0
					],
					"scale": 1
				}
			}
		},
		"animation.pokemon.shadowclaw": {
			"animation_length": 1.16667,
			"bones": {
				"leftarm": {
					"rotation": {
						"0.0": [
							0,
							0,
							0
						],
						"0.5": [
							-25,
							0,
							0
						],
						"0.8333": [
							25,
							0,
							0
						],
						"1.0": [
							0,
							0,
							0
						]
					},
					"position": {
						"0.0": [
							0,
							0,
							0
						],
						"0.375": [
							0,
							0,
							-9
						],
						"1.0": [
							0,
							0,
							0
						]
					},
					"scale": {
						"0.0": [
							1,
							1,
							1
						],
						"1.0": [
							1,
							1,
							1
						]
					}
				},
				"rightarm": {
					"rotation": {
						"0.3333": [
							0,
							0,
							0
						],
						"0.8333": [
							-25,
							0,
							0
						],
						"1.1667": [
							25,
							0,
							0
						]
					},
					"position": {
						"0.3333": [
							0,
							0,
							0
						],
						"0.7083": [
							0,
							0,
							-9
						]
					},
					"scale": 1
				}
			}
		},
		"animation.tortera.attack": {
			"animation_length": 1,
			"bones": {
				"left_arm": {
					"rotation": {
						"0.0": [
							0,
							0,
							0
						],
						"0.25": [
							0,
							0,
							-2.5
						],
						"0.5": [
							-15,
							0,
							-2.5
						],
						"1.0": [
							0,
							0,
							0
						]
					}
				},
				"right_arm": {
					"rotation": {
						"0.0": [
							0,
							0,
							0
						],
						"0.25": [
							0,
							0,
							2.5
						],
						"0.5": [
							-15,
							0,
							2.5
						],
						"1.0": [
							0,
							0,
							0
						]
					}
				},
				"head": {
					"rotation": {
						"0.0": [
							0,
							0,
							0
						],
						"0.25": [
							-7.5,
							0,
							0
						],
						"0.5": [
							5,
							0,
							0
						],
						"0.75": [
							-12.5,
							0,
							0
						],
						"1.0": [
							0,
							0,
							0
						]
					},
					"position": {
						"0.0": [
							0,
							0,
							0
						],
						"0.5": [
							0,
							-1,
							-1
						],
						"1.0": [
							0,
							0,
							0
						]
					}
				},
				"body": {
					"rotation": {
						"0.0": [
							0,
							0,
							0
						],
						"0.5": [
							5,
							0,
							0
						],
						"1.0": [
							0,
							0,
							0
						]
					}
				}
			}
		},
		"animation.grotle.attack": {
			"animation_length": 1.16667,
			"bones": {
				"left_arm": {
					"rotation": {
						"0.0": [
							0,
							0,
							0
						],
						"0.5": [
							-22.5,
							0,
							0
						],
						"0.75": [
							-22.5,
							0,
							0
						],
						"1.0": [
							0,
							0,
							0
						]
					}
				},
				"right_arm": {
					"rotation": {
						"0.0": [
							0,
							0,
							0
						],
						"0.5": [
							-22.5,
							0,
							0
						],
						"0.75": [
							-22.5,
							0,
							0
						],
						"1.0": [
							0,
							0,
							0
						]
					}
				},