{
	"format_version": "1.8.0",
	"animations": {
		"animation.ball.confirmed_catch": {
			"animation_length": 7.91667,
			"bones": {
				"bottom": {
					"rotation": {
						"0.0": [0, -22.5, 0],
						"0.125": [20, -22.5, 0],
						"0.25": [0, -22.5, 0],
						"0.6667": [0, -52.5, 0],
						"0.75": [0, 0, 0],
						"1.0": [0, 0, 20],
						"1.2083": [0, 0, -12.5],
						"2.1667": [0, 0, 20],
						"2.375": [0, 0, -12.5],
						"3.4167": [0, 0, 20],
						"3.625": [0, 0, -12.5],
						"3.9583": [0, 0, 0]
					},
					"position": {
						"0.0": [-4, 14, 0],
						"0.25": [-4, 5, 0],
						"0.4583": [-4, 0, 0],
						"0.75": [0, 0, 0],
						"3.9583": [0, 0, 0]
					},
					"scale": {
						"0.0": [1, 1, 1],
						"1.2083": [1, 1, 1],
						"1.75": [1, 1, 1],
						"2.5833": [1, 1, 1],
						"3.0": [1, 1, 1],
						"3.8333": [1, 1, 1],
						"3.9583": [1, 1, 1],
						"4.5": [1, 1, 1],
						"4.8333": [1, 1, 1],
						"5.125": [0.5, 0.7, 1],
						"5.3333": [0.1, 0.3, 1],
						"5.5": [0, 0.3, 0]
					}
				},
				"top": {
					"rotation": {
						"0.0": [0, -22.5, 0],
						"0.6667": [0, -52.5, 0],
						"0.75": [0, 0, 0],
						"1.0": [0, 0, 20],
						"1.2083": [0, 0, -15],
						"2.1667": [0, 0, 20],
						"2.375": [0, 0, -15],
						"3.4167": [0, 0, 20],
						"3.625": [0, 0, -15],
						"3.9583": [0, 0, 0]
					},
					"position": {
						"0.0": [-4, 14, 0],
						"0.25": [-4, 5, 0],
						"0.4583": [-4, 0, 0],
						"0.75": [0, 0, 0],
						"3.9583": [0, 0, 0]
					},
					"scale": {
						"0.0": [1, 1, 1],
						"1.75": [1, 1, 1],
						"2.5833": [1, 1, 1],
						"3.0": [1, 1, 1],
						"3.8333": [1, 1, 1],
						"3.9583": [1, 1, 1],
						"4.5": [1, 1, 1],
						"4.8333": [1, 1, 1],
						"5.125": [0.5, 0.6, 1],
						"5.3333": [0.1, 0.3, 1],
						"5.5": [0, 0.3, 0]
					}
				}
			}
		},
		"animation.ball.shake_3": {
			"animation_length": 7.91667,
			"bones": {
				"bottom": {
					"rotation": {
						"0.0": [0, -22.5, 0],
						"0.125": [20, -22.5, 0],
						"0.25": [0, -22.5, 0],
						"0.6667": [0, -52.5, 0],
						"0.75": [0, 0, 0],
						"1.0": [0, 0, 20],
						"1.2083": [0, 0, -12.5],
						"2.1667": [0, 0, 20],
						"2.375": [0, 0, -12.5],
						"3.1667": [0, 0, 20],
						"3.375": [0, 0, -12.5]
					},
					"position": {
						"0.0": [-4, 14, 0],
						"0.25": [-4, 5, 0],
						"0.4583": [-4, 0, 0],
						"0.75": [0, 0, 0]
					},
					"scale": {
						"0.0": [1, 1, 1],
						"1.2083": [1, 1, 1],
						"1.75": [1, 1, 1],
						"4.0833": [1, 1, 1],
						"4.5833": [-0.2, 0.1, -0.2]
					}
				},
				"top": {
					"rotation": {
						"0.0": [0, -22.5, 0],
						"0.6667": [0, -52.5, 0],
						"0.75": [0, 0, 0],
						"1.0": [0, 0, 20],
						"1.2083": [0, 0, -15],
						"2.1667": [0, 0, 20],
						"2.375": [0, 0, -15],
						"3.1667": [0, 0, 20],
						"3.375": [0, 0, -15],
						"4.0833": [-40, 0, -15]
					},
					"position": {
						"0.0": [-4, 14, 0],
						"0.25": [-4, 5, 0],
						"0.4583": [-4, 0, 0],
						"0.75": [0, 0, 0]
					},
					"scale": {
						"0.0": [1, 1, 1],
						"1.75": [1, 1, 1],
						"4.0833": [1, 1, 1],
						"4.5833": [-0.2, 0.1, -0.2]
					}
				}
			}
		},
		"animation.ball.shake_2": {
			"animation_length": 7.91667,
			"bones": {
				"bottom": {
					"rotation": {
						"0.0": [0, -22.5, 0],
						"0.125": [20, -22.5, 0],
						"0.25": [0, -22.5, 0],
						"0.6667": [0, -52.5, 0],
						"0.75": [0, 0, 0],
						"1.0": [0, 0, 20],
						"1.2083": [0, 0, -12.5],
						"2.1667": [0, 0, 20],
						"2.375": [0, 0, -12.5]
					},
					"position": {
						"0.0": [-4, 14, 0],
						"0.25": [-4, 5, 0],
						"0.4583": [-4, 0, 0],
						"0.75": [0, 0, 0]
					},
					"scale": {
						"0.0": [1, 1, 1],
						"1.2083": [1, 1, 1],
						"1.75": [1, 1, 1],
						"2.5833": [1, 1, 1],
						"3.9583": [-0.2, 0.1, -0.2]
					}
				},
				"top": {
					"rotation": {
						"0.0": [0, -22.5, 0],
						"0.6667": [0, -52.5, 0],
						"0.75": [0, 0, 0],
						"1.0": [0, 0, 20],
						"1.2083": [0, 0, -15],
						"2.1667": [0, 0, 20],
						"2.375": [0, 0, -15],
						"2.5833": [-40, 0, -15]
					},
					"position": {
						"0.0": [-4, 14, 0],
						"0.25": [-4, 5, 0],
						"0.4583": [-4, 0, 0],
						"0.75": [0, 0, 0]
					},
					"scale": {
						"0.0": [1, 1, 1],
						"1.75": [1, 1, 1],
						"2.5833": [1, 1, 1],
						"3.9583": [-0.2, 0.1, -0.2]
					}
				}
			}
		},
		"animation.ball.shake_1": {
			"animation_length": 7.91667,
			"bones": {
				"bottom": {
					"rotation": {
						"0.0": [0, -22.5, 0],
						"0.125": [20, -22.5, 0],
						"0.25": [0, -22.5, 0],
						"0.6667": [0, -52.5, 0],
						"0.75": [0, 0, 0],
						"1.0": [0, 0, 20],
						"1.2083": [0, 0, -12.5]
					},
					"position": {
						"0.0": [-4, 14, 0],
						"0.25": [-4, 5, 0],
						"0.4583": [-4, 0, 0],
						"0.75": [0, 0, 0]
					},
					"scale": {
						"0.0": [1, 1, 1],
						"1.2083": [1, 1, 1],
						"1.5417": [1, 1, 1],
						"1.9583": [-0.2, 0.1, -0.2]
					}
				},
				"top": {
					"rotation": {
						"0.0": [0, -22.5, 0],
						"0.6667": [0, -52.5, 0],
						"0.75": [0, 0, 0],
						"1.0": [0, 0, 20],
						"1.2083": [0, 0, -15],
						"1.5417": [-40, 0, -15]
					},
					"position": {
						"0.0": [-4, 14, 0],
						"0.25": [-4, 5, 0],
						"0.4583": [-4, 0, 0],
						"0.75": [0, 0, 0]
					},
					"scale": {
						"0.0": [1, 1, 1],
						"1.5417": [1, 1, 1],
						"1.9583": [-0.2, 0.1, -0.2]
					}
				}
			}
		}
	}
}