{
	"format_version": "1.8.0",
	"animations": {
		"animation.crate.rotate": {
			"loop": "hold_on_last_frame",
			"animation_length": 6,
			"override_previous_animation": true,
			"bones": {
				"jaw": {
					"rotation": {
						"0.0": [-90, 0, 0]
					}
				},
				"updraft": {
					"position": {
						"0.0": [0, 5, 0],
						"0.8333": [0, 28, 0]
					}
				},
				"animate": {
					"relative_to": {
						"rotation": "entity"
					},
					"rotation": {
						"0.5": [0, 0, 0.01],
						"0.5417": [0, 4.21707, 0],
						"0.5833": [0, 8.95211, 0],
						"0.625": [0, 14.25584, 0],
						"0.6667": [0, 20.15126, 0],
						"0.7083": [0, 26.57328, 0],
						"0.75": [0, 33.64426, 0],
						"0.7917": [0, 41.25028, 0],
						"0.8333": [0, 49.47802, 0],
						"0.875": [0, 58.28536, 0],
						"0.9167": [0, 67.69959, 0],
						"0.9583": [0, 77.72559, 0],
						"1.0": [0, 88.35612, 0],
						"1.0417": [0, 99.61807, 0],
						"1.0833": [0, 111.49478, 0],
						"1.125": [0, 124.00997, 0],
						"1.1667": [0, 137.16276, 0],
						"1.2083": [0, 150.94844, 0],
						"1.25": [0, 165.40725, 0],
						"1.2917": [0, 180.48058, 0],
						"1.3333": [0, 196.27532, 0],
						"1.375": [0, 212.69695, 0],
						"1.4167": [0, 229.81396, 0],
						"1.4583": [0, 247.62034, 0],
						"1.5": [0, 266.08461, 0],
						"1.5417": [0, 285.29085, 0],
						"1.5833": [0, 305.18855, 0],
						"1.625": [0, 325.77508, 0],
						"1.6667": [0, 347.11557, 0],
						"1.7083": [0, 369.18389, 0],
						"1.75": [0, 391.97182, 0],
						"1.7917": [0, 415.49134, 0],
						"1.8333": [0, 439.80844, 0],
						"1.875": [0, 464.87614, 0],
						"1.9167": [0, 490.70583, 0],
						"1.9583": [0, 517.3093, 0],
						"2.0": [0, 544.69831, 0],
						"2.0417": [0, 572.90291, 0],
						"2.0833": [0, 601.92304, 0],
						"2.125": [0, 631.75822, 0],
						"2.1667": [0, 662.4199, 0],
						"2.2083": [0, 693.91941, 0],
						"2.25": [0, 726.26799, 0],
						"2.2917": [0, 759.47673, 0],
						"2.3333": [0, 793.55661, 0],
						"2.375": [0, 828.51843, 0],
						"2.4167": [0, 864.37283, 0],
						"2.4583": [0, 901.13029, 0],
						"2.5": [0, 938.80104, 0],
						"2.5417": [0, 977.4255, 0],
						"2.5833": [0, 1016.99064, 0],
						"2.625": [0, 1057.50347, 0],
						"2.6667": [0, 1098.97317, 0],
						"2.7083": [0, 1141.43362, 0],
						"2.75": [0, 1184.90368, 0],
						"2.7917": [0, 1229.36087, 0],
						"2.8333": [0, 1274.85594, 0],
						"2.875": [0, 1321.38683, 0],
						"2.9167": [0, 1368.96249, 0],
						"2.9583": [0, 1417.61387, 0],
						"3.0": [0, 1467.34408, 0],
						"3.0417": [0, 1518.15636, 0],
						"3.0833": [0, 1570.10682, 0],
						"3.125": [0, 1623.16901, 0],
						"3.1667": [0, 1677.36493, 0],
						"4.2083": [0, 1732.71446, 0],
						"3.25": [0, 1789.23835, 0],
						"3.2917": [0, 1846.94471, 0],
						"3.3333": [0, 1905.84592, 0],
						"3.375": [0, 1965.95595, 0],
						"3.4167": [0, 2027.27603, 0],
						"3.4583": [0, 2089.80585, 0],
						"3.5": [0, 2153.56261, 0],
						"3.5417": [0, 2218.54011, 0],
						"3.5833": [0, 2284.73467, 0],
						"3.625": [0, 2352.12324, 0],
						"3.6667": [0, 2420.68888, 0],
						"3.7083": [0, 2490.39472, 0],
						"3.75": [0, 2561.17973, 0],
						"3.7917": [0, 2632.95625, 0],
						"3.8333": [0, 2705.61543, 0],
						"3.875": [0, 2778.97377, 0],
						"3.9583": [0, 2926.64732, 0],
						"4.0": [0, 3000, 0],
						"4.5": [0, "271+3000 *  query.life_time", 0],
						"5.625": [0, "271+3000 *  query.life_time", 0],
						"5.6667": [0, 0, 0]
					},
					"position": {
						"0.0": [-1, 0, 0],
						"0.8333": [-1, 23, 0],
						"2.9583": [-1, 23, 0],
						"5.5833": [-1, 15, 0],
						"5.625": [-1, 0, 0]
					},
					"scale": {
						"2.9583": [1, 1, 1],
						"5.5833": [1.5, 1.5, 1.5],
						"5.625": [0, 0, 0]
					}
				}
			},
			"particle_effects": {
				"0.0": {
					"effect": "falling_dust",
					"locator": "locator"
				},
				"0.6": {
					"effect": "vortex",
					"locator": "locator2"
				},
				"2.2083": [
					{
						"effect": "absorbw",
						"locator": "locator2"
					},
					{
						"effect": "absorby",
						"locator": "locator2"
					}
				],
				"5.625": [
					{
						"effect": "explode",
						"locator": "locator2"
					},
					{
						"effect": "bang",
						"locator": "locator2"
					}
				]
			},
			"sound_effects": {
				"0.2083": {
					"effect": "open1"
				},
				"0.50": [
					{
						"effect": "spin"
					},
					{
						"effect": "mood"
					},
					{
						"effect": "lava"
					},
					{
						"effect": "mood"
					}
				],
				"0.8": {
					"effect": "open1"
				},
				"1.0": {
					"effect": "spin2"
				},
				"1.2": {
					"effect": "beacon"
				},
				"2.0": {
					"effect": "mood"
				},
				"2.4": {
					"effect": "beacon"
				},
				"2.5": {
					"effect": "spin2"
				},
				"3.0": {
					"effect": "beacon"
				},
				"5.625": {
					"effect": "explode"
				},
				"5.63": {
					"effect": "firework"
				},
				"5.65": {
					"effect": "reward"
				},
				"5.7": {
					"effect": "twinkle"
				}
			}
		},
		"animation.crate.short": {
			"loop": "hold_on_last_frame",
			"animation_length": 0.5,
			"override_previous_animation": true,
			"bones": {
				"jaw": {
					"rotation": {
						"0.0": [-90, 0, 0]
					}
				},
				"animate": {
					"position": {
						"0.0": [0, 0, 0],
						"0.2": [-1, 23, 0]
					}
				}
			},
			"particle_effects": {
				"0.3": [
					{
						"effect": "explode",
						"locator": "locator2"
					},
					{
						"effect": "bang",
						"locator": "locator2"
					}
				]
			},
			"sound_effects": {
				"0.0": {
					"effect": "firework"
				},
				"0.3": [
					{
						"effect": "explode"
					},
					{
						"effect": "reward"
					}
				]
			}
		},
		"animation.crate.stay": {
			"loop": true,
			"animation_length": 0.1,
			"bones": {
				"jaw": {
					"rotation": {
						"0.0": [-90, 0, 0]
					}
				}
			}
		},
		"animation.crate.close": {
			"animation_length": 1,
			"loop": "hold_on_last_frame",
			"bones": {
				"jaw": {
					"rotation": {
						"0.0": [-90, 0, 0],
						"0.375": [-90, 0, 0],
						"0.4167": [-89.53356, 0, 0],
						"0.4583": [-88.48792, 0, 0],
						"0.5": [-86.78221, 0, 0],
						"0.5417": [-84.3161, 0, 0],
						"0.5833": [-80.96055, 0, 0],
						"0.625": [-76.5458, 0, 0],
						"0.6667": [-70.84267, 0, 0],
						"0.7083": [-63.52155, 0, 0],
						"0.75": [-54.08843, 0, 0],
						"0.7917": [-41.72849, 0, 0],
						"0.8333": [-24.91209, 0, 0],
						"0.875": [0, 0, 0]
					}
				}
			},
			"sound_effects": {
				"0.4583": {
					"effect": "close"
				}
			}
		},
		"animation.crate.open": {
			"animation_length": 1,
			"loop": "hold_on_last_frame",
			"override_previous_animation": true,
			"bones": {
				"jaw": {
					"rotation": {
						"0.0": [0, 0, 0],
						"0.0417": [-24.91209, 0, 0],
						"0.0833": [-41.72849, 0, 0],
						"0.125": [-54.08843, 0, 0],
						"0.1667": [-63.52155, 0, 0],
						"0.2083": [-70.84267, 0, 0],
						"0.25": [-76.5458, 0, 0],
						"0.2917": [-80.96055, 0, 0],
						"0.3333": [-84.3161, 0, 0],
						"0.375": [-86.78221, 0, 0],
						"0.4167": [-88.48792, 0, 0],
						"0.4583": [-89.53356, 0, 0],
						"0.5": [-90, 0, 0]
					}
				}
			},
			"sound_effects": {
				"0.0417": {
					"effect": "open"
				}
			}
		},
		"animation.crate.halo0": {
			"loop": true,
			"animation_length": 2
		},
		"animation.crate.halo1": {
			"loop": true,
			"animation_length": 2,
			"particle_effects": {
				"0.0": [
					{
						"effect": "halo1",
						"locator": "name"
					}
				]
			}
		},
		"animation.crate.halo2": {
			"loop": true,
			"animation_length": 2,
			"particle_effects": {
				"0.0": [
					{
						"effect": "halo2",
						"locator": "name"
					}
				]
			}
		},
		"animation.crate.halo3": {
			"loop": true,
			"animation_length": 2,
			"particle_effects": {
				"0.0": [
					{
						"effect": "halo3",
						"locator": "name"
					}
				]
			}
		},
		"animation.crate.showcase": {
			"loop": false,
			"animation_length": 8,