{
	"format_version": "1.8.0",
	"animations": {
		"animation.stpatrick_npc.idle": {
			"loop": true,
			"animation_length": 4,
			"bones": {
				"Body": {
					"rotation": ["-4.7260208878+Math.cos((query.anim_time) *90*2-90)*1", 0.41951, -1.59546],
					"position": [0, "0+Math.cos((query.anim_time) *90*2-30)*-0.1", 0]
				},
				"Head": {
					"rotation": [15, 0, 0]
				},
				"eye3": {
					"position": [0, 0.2, 0],
					"scale": [1, 0.8, 1]
				},
				"eye8": {
					"position": [0, 0.2, 0],
					"scale": [1, 0.8, 1]
				},
				"beard": {
					"rotation": [-10, 0, 0]
				},
				"RightArm": {
					"rotation": ["-100.9828778038+Math.cos((query.anim_time) *90*2-90)*-2", 29.07347, -0.3357],
					"position": [0, -2, 1]
				},
				"bone4": {
					"rotation": ["20.4276781827+Math.cos((query.anim_time) *90*2-90)*1", 2.56357, -4.04159],
					"position": [0, 2, 4]
				},
				"LeftArm": {
					"rotation": [
						"-54.9929+Math.cos((query.anim_time) *90-120)*-10",
						"39.3740917212+Math.cos((query.anim_time) *90*2-30)*-5",
						"-59.6636363817+Math.cos((query.anim_time) *90-180)*-10"
					],
					"position": [1, -2, 0]
				},
				"bone5": {
					"rotation": {
						"0.0": [0, -132.5, 0],
						"0.25": [0, -84.25, 0],
						"0.5": [0, -31, 0],
						"0.75": [0, 59.25, 0],
						"1.0": [0, 149.5, 0],
						"1.25": [0, 259, 0],
						"1.5": [0, 335.5, 0],
						"1.625": [0, 345.75, 0],
						"1.75": [0, 350, 0],
						"1.875": [0, 339.75, 0],
						"2.0": [0, 317.5, 0],
						"2.25": [0, 238, 0],
						"2.5": [0, 146.5, 0],
						"2.75": [0, 45.25, 0],
						"3.0": [0, -36, 0],
						"3.25": [0, -102.25, 0],
						"3.5": [0, -140.5, 0],
						"3.625": [0, -152.75, 0],
						"3.75": [0, -155, 0],
						"3.875": [0, -152.75, 0],
						"4.0": [0, -132.5, 0]
					},
					"position": [3, 0, "3+Math.cos((query.anim_time) *90-150)*-2"]
				},
				"RightLeg": {
					"rotation": [-0.09731, 25.21299, -0.53733],
					"position": [-1, 0, -1]
				},
				"LeftLeg": {
					"rotation": [0, -40, 0],
					"position": [1, 0, 0]
				}
			}
		}
	}
}