{
  "format_version": "1.19.0",
  "minecraft:geometry": [
    {
      "description": {
        "identifier": "geometry.cosmetic_trainer_hilbert_hat",
        "texture_width": 128,
        "texture_height": 128,
        "visible_bounds_width": 2,
        "visible_bounds_height": 2.5,
        "visible_bounds_offset": [0, 0.75, 0]
      },
      "bones": [
        {
          "name": "root",
          "pivot": [0, 0, 0]
        },
        {
          "name": "head",
          "parent": "root",
          "pivot": [0, 0, 0],
          "binding": "'head'"
        },
        {
          "name": "root2",
          "parent": "head",
          "pivot": [0, 0, 0],
          "rotation": [0, 0, 0],
          "cubes": [
            {
              "origin": [-4.699999999999999, 3, -4.699999999999999],
              "size": [9.399999999999999, 5, 9.399999999999999],
              "uv": {
                "north": {
                  "uv": [76, 9.000000000000002],
                  "uv_size": [9.000000000000014, 5]
                },
                "east": {
                  "uv": [67, 9.000000000000002],
                  "uv_size": [9, 5]
                },
                "south": {
                  "uv": [94, 9.000000000000002],
                  "uv_size": [9.000000000000028, 5]
                },
                "west": {
                  "uv": [85, 9.000000000000002],
                  "uv_size": [9.000000000000028, 5]
                },
                "up": {
                  "uv": [75.99999999999999, 0],
                  "uv_size": [9.000000000000014, 9.000000000000002]
                }
              }
            },
            {
              "origin": [
                -4.700000190734864, 2.9989999999525025, -9.699999809265137
              ],
              "size": [9.4, 0.5, 5],
              "uv": {
                "north": {
                  "uv": [74, 19],
                  "uv_size": [9, 0.5]
                },
                "east": {
                  "uv": [75, 24],
                  "uv_size": [5, 0.5]
                },
                "south": {
                  "uv": [74.7, 15.399999999999999],
                  "uv_size": [9.400000000000006, 0.5]
                },
                "west": {
                  "uv": [63, 24],
                  "uv_size": [5, 0.5]
                },
                "up": {
                  "uv": [98, 21.999999999999986],
                  "uv_size": [-9, -4.999999999999986]
                },
                "down": {
                  "uv": [69, 20.999999999999993],
                  "uv_size": [-9, -4.999999999999993]
                }
              }
            }
          ]
        }
      ]
    }
  ]
}
