{
  "format_version": "1.21.0",
  "minecraft:geometry": [
    {
      "description": {
        "identifier": "geometry.cosmetic_trainer_hilbert_hat",
        "texture_width": 128,
        "texture_height": 128,
        "visible_bounds_width": 4,
        "visible_bounds_height": 4.5,
        "visible_bounds_offset": [
          0,
          2,
          0
        ]
      },
      "bones": [
        {
          "name": "head",
          "pivot": [
            0,
            24,
            0
          ]
        },
        {
          "name": "hat",
          "pivot": [
            0,
            -1,
            0
          ],
          "parent": "head",
          "cubes": [
            {
              "origin": [
                -4.699999999999999,
                27,
                -4.699999999999999
              ],
              "size": [
                9.399999999999999,
                5,
                9.399999999999999
              ],
              "uv": {
                "north": {
                  "uv": [
                    76,
                    9.000000000000002
                  ],
                  "uv_size": [
                    9.000000000000014,
                    5.0
                  ]
                },
                "east": {
                  "uv": [
                    67,
                    9.000000000000002
                  ],
                  "uv_size": [
                    9,
                    5.0
                  ]
                },
                "south": {
                  "uv": [
                    94,
                    9.000000000000002
                  ],
                  "uv_size": [
                    9.000000000000028,
                    5.0
                  ]
                },
                "west": {
                  "uv": [
                    85,
                    9.000000000000002
                  ],
                  "uv_size": [
                    9.000000000000028,
                    5.0
                  ]
                },
                "up": {
                  "uv": [
                    75.99999999999999,
                    0
                  ],
                  "uv_size": [
                    9.000000000000014,
                    9.000000000000002
                  ]
                }
              }
            },
            {
              "origin": [
                -4.700000190734864,
                26.998999999952503,
                -9.699999809265137
              ],
              "size": [
                9.4,
                0.5,
                5.0
              ],
              "uv": {
                "north": {
                  "uv": [
                    74,
                    19
                  ],
                  "uv_size": [
                    9,
                    0.5
                  ]
                },
                "east": {
                  "uv": [
                    75,
                    24
                  ],
                  "uv_size": [
                    5,
                    0.5
                  ]
                },
                "south": {
                  "uv": [
                    74.7,
                    15.399999999999999
                  ],
                  "uv_size": [
                    9.400000000000006,
                    0.5
                  ]
                },
                "west": {
                  "uv": [
                    63,
                    24
                  ],
                  "uv_size": [
                    5,
                    0.5
                  ]
                },
                "up": {
                  "uv": [
                    98,
                    21.999999999999986
                  ],
                  "uv_size": [
                    -9,
                    -4.999999999999986
                  ]
                },
                "down": {
                  "uv": [
                    69,
                    20.999999999999993
                  ],
                  "uv_size": [
                    -9,
                    -4.999999999999993
                  ]
                }
              }
            }
          ]
        }
      ]
    }
  ]
}
