{
  "format_version": "1.21.0",
  "minecraft:geometry": [
    {
      "description": {
        "identifier": "geometry.cosmetic_trainer_brendan_hat",
        "texture_width": 128,
        "texture_height": 128,
        "visible_bounds_width": 2,
        "visible_bounds_height": 2.5,
        "visible_bounds_offset": [0, 0.75, 0]
      },
      "bones": [
        {
          "name": "root",
          "pivot": [0, 0, 0]
        },
        {
          "name": "head",
          "parent": "root",
          "pivot": [0, 0, 0],
          "binding": "'head'"
        },
        {
          "name": "root2",
          "parent": "head",
          "pivot": [0, 0, 0],
          "rotation": [0, 0, 0],
          "cubes": [
            {
              "origin": [
                -4.700000000000003, 1.499999999999993, -4.400000000000002
              ],
              "size": [9.4, 7, 9.4],
              "pivot": [
                3.7000000000000006, 3.499999999999993, 0.6000000000000001
              ],
              "rotation": [-5, 0, 0],
              "uv": {
                "north": {
                  "uv": [70, 0],
                  "uv_size": [9, 7]
                },
                "east": {
                  "uv": [81, 0],
                  "uv_size": [9, 7]
                },
                "south": {
                  "uv": [92, 0],
                  "uv_size": [9, 7]
                },
                "west": {
                  "uv": [102, 0],
                  "uv_size": [9, 7]
                },
                "up": {
                  "uv": [123, 9],
                  "uv_size": [-9, -9]
                }
              }
            },
            {
              "origin": [
                -4.4999999999999964, 7.975460814966944, 3.711221643629335
              ],
              "size": [9, 0, 7],
              "pivot": [
                -0.49999999999999906, 5.975460814966944, 4.711221643629335
              ],
              "rotation": [-45, 0, 0],
              "uv": {
                "up": {
                  "uv": [83, 18],
                  "uv_size": [-9, -7]
                }
              }
            }
          ]
        }
      ]
    }
  ]
}
